item_generated,item_reference,direction,generated_path,reference_path,sem_label_sim_syntactic,sem_label_sim_semantic,sem_group_natural_language_score,sem_score,sem_n_metrics_measured,sem_n_metrics_total,sem_n_label_nodes_generated,sem_n_label_nodes_reference,sem_n_nodes_matched,sem_n_skeleton_edges_generated,sem_n_skeleton_edges_reference,sem_n_edges_matched,sem_wordnet,sem_label_sim_syntactic_disjoint,sem_label_sim_semantic_disjoint,sem_n_nodes_matched_greedy,sem_n_ids_shared,syn_has_start_event,syn_has_end_event,syn_single_start_event,syn_single_end_event,syn_start_in0_out1,syn_tasks_labeled,syn_task_in1_out1,syn_split_in1_outN,syn_join_inN_out1,syn_split_has_matching_join,syn_sequence_flow_connection_rules,syn_checks_passed,syn_checks_total,syn_score,syn_n_start_events,syn_n_end_events,syn_n_tasks,syn_n_gateways,syn_n_nodes,syn_n_edges,syn_n_unlabeled_tasks,syn_n_placeholder_labels,syn_n_malformed_tasks,syn_n_splits,syn_n_joins,syn_n_bad_splits,syn_n_bad_joins,syn_n_gateways_degenerate,syn_n_gateways_mixed,syn_n_unmatched_splits,syn_n_event_based_splits,syn_n_intermediate_events,syn_n_events_unclassified,syn_n_nodes_unclassified,syn_n_sequence_flows,syn_n_valid_sequence_flows,syn_n_invalid_sequence_flows,syn_n_flows_from_end_event,syn_n_flows_into_start_event,syn_n_duplicate_flows,syn_n_flows_unclassified_endpoint,syn_correct,syn_correct_functions,syn_correct_gateways,syn_correct_start_end,syn_correct_directed,syn_correct_connected,syn_n_malformed_functions,syn_n_unwired_gateways,syn_n_components,syn_tnn,syn_tnn_score,syn_tng,syn_tng_score,syn_tnsf,syn_tnsf_score,syn_diameter,syn_diameter_score,syn_size_score,syn_diameter_nogw,syn_diameter_nogw_score,syn_diameter_truncated,syn_bef_existence_start_event,syn_bef_existence_end_event,syn_bef_one_start_event_per_process,syn_bef_one_start_event_per_process_conforming,syn_bef_one_start_event_per_process_covered,syn_bef_one_end_event_per_process,syn_bef_one_end_event_per_process_conforming,syn_bef_one_end_event_per_process_covered,syn_bef_adapted_sequence_flow_connection_rules,syn_bef_start_event_in_out_degree,syn_bef_start_event_in_out_degree_conforming,syn_bef_start_event_in_out_degree_covered,syn_bef_end_event_in_out_degree,syn_bef_end_event_in_out_degree_conforming,syn_bef_end_event_in_out_degree_covered,syn_bef_split_has_matching_join,syn_bef_split_has_matching_join_conforming,syn_bef_split_has_matching_join_covered,syn_bef_labeled_tasks,syn_bef_labeled_tasks_conforming,syn_bef_labeled_tasks_covered,syn_bef_task_in_out_degree,syn_bef_task_in_out_degree_conforming,syn_bef_task_in_out_degree_covered,syn_bef_gateway_in_out_degree,syn_bef_gateway_in_out_degree_conforming,syn_bef_gateway_in_out_degree_covered,syn_bef_score,syn_bef_metrics_total,syn_bef_metrics_perfect,syn_bef_metrics_applicable,syn_bef_n_processes,syn_bef_n_pools,syn_extra_connected_nodes,syn_extra_connected_nodes_conforming,syn_extra_connected_nodes_covered,syn_extra_event_gateway_predecessor_successor,syn_extra_event_gateway_predecessor_successor_conforming,syn_extra_event_gateway_predecessor_successor_covered,quality_note,prag_tnn,prag_tnn_score,prag_tng,prag_tng_score,prag_tnsf,prag_tnsf_score,prag_diameter_nogw,prag_diameter_nogw_score,prag_density,prag_density_score,prag_agd,prag_agd_score,prag_cnc,prag_cnc_score,prag_gh,prag_gh_score,prag_cfc,prag_cfc_score,prag_cc,prag_cc_score,prag_sequentiality,prag_sequentiality_score,prag_separability,prag_separability_score,prag_depth,prag_depth_score,prag_token_split,prag_token_split_score,prag_group_size_score,prag_group_density_score,prag_group_connector_interplay_score,prag_group_partitionability_score,prag_group_cyclicity_score,prag_group_concurrency_score,prag_group_other_score,prag_score,prag_n_metrics_measured,prag_n_metrics_total,prag_n_splits,prag_n_joins,prag_n_gw_exclusive,prag_n_gw_parallel,prag_n_gw_inclusive,prag_n_gw_eventbased,prag_n_gateways_type_defaulted,prag_n_cut_vertices,prag_n_flows_outside_fo,prag_n_self_loops,prag_diameter,prag_diameter_score,prag_diameter_truncated,prag_depth_truncated,val_score,val_dot_valid,val_dot_error,val_dot_checker
01,28,forward,C:\Users\breis\Desktop\Data_Sets\pmo-dataset\graphviz\01.dot,C:\Users\breis\Desktop\Data_Sets\pmo-dataset\graphviz\28.dot,0.3105104067161648,0.21141975308641975,0.26096507990129225,0.26096507990129225,2,2,10,17,5,13,23,0,1,0.3105104067161648,0.21141975308641975,10,0,True,True,True,True,True,True,True,True,True,True,1.0,11,11,1.0,1,1,8,6,16,18,0,0,0,3,3,0,0,0,0,0,0,0,0,0,18,18,0,0,0,0,0,True,True,True,True,True,True,0,0,1,16,1.0,6,0.25,18,1.0,15,0.5,0.6875,9,0.75,False,1.0,1.0,1.0,1,1,1.0,1,1,1.0,1.0,1,1,1.0,1,1,1.0,6,6,1.0,8,8,1.0,8,8,1.0,6,6,1.0,11,11,11,1,0,1.0,16,16,1.0,0,0,,16,1.0,6,0.25,18,1.0,9,0.75,0.075,1.0,3.0,1.0,1.125,0.5,0.579380164285695,1.0,5,1.0,0.5625,1.0,0.2222222222222222,1.0,0.35714285714285715,0.25,3,0.5,2,0.0,0.75,0.8333333333333334,1.0,0.5833333333333334,,0.0,,0.7321428571428571,14,14,3,3,4,2,0,0,0,5,0,0,4,1.0,False,False,1.0,1.0,,nop -p (graphviz 15.0.0)
02,29,forward,C:\Users\breis\Desktop\Data_Sets\pmo-dataset\graphviz\02.dot,C:\Users\breis\Desktop\Data_Sets\pmo-dataset\graphviz\29.dot,0.2718740776760669,0.11370499419279907,0.192789535934433,0.192789535934433,2,2,18,23,7,23,67,1,1,0.2718740776760669,0.11370499419279907,18,0,True,True,True,True,True,True,True,False,False,True,1.0,9,11,0.8181818181818182,1,1,16,8,26,31,0,0,0,5,5,2,2,0,2,0,0,0,0,0,31,31,0,0,0,0,0,True,True,True,True,True,True,0,0,1,26,1.0,8,0.0,31,0.75,23,0.25,0.5,15,0.5,False,1.0,1.0,1.0,1,1,1.0,1,1,1.0,1.0,1,1,1.0,1,1,0.875,7,8,1.0,16,16,1.0,16,16,0.75,6,8,0.9659090909090909,11,9,11,1,0,1.0,26,26,1.0,0,0,,26,1.0,8,0.0,31,0.75,15,0.5,0.047692307692307694,1.0,3.5,1.0,1.1923076923076923,0.5,0.5118595071429148,1.0,9,1.0,0.5492307692307692,1.0,0.25806451612903225,0.25,0.6666666666666666,0.5,3,0.5,4,0.0,0.5625,0.8333333333333334,1.0,0.4166666666666667,,0.0,,0.6428571428571429,14,14,5,5,6,2,0,0,0,16,0,0,7,1.0,False,False,1.0,1.0,,nop -p (graphviz 15.0.0)
03,30,forward,C:\Users\breis\Desktop\Data_Sets\pmo-dataset\graphviz\03.dot,C:\Users\breis\Desktop\Data_Sets\pmo-dataset\graphviz\30.dot,0.28047100110178697,0.1280864197530864,0.20427871042743667,0.20427871042743667,2,2,13,14,5,15,17,0,1,0.28047100110178697,0.1280864197530864,13,0,True,True,True,True,True,True,True,True,True,True,1.0,11,11,1.0,1,1,11,8,21,24,0,0,0,4,4,0,0,0,0,0,0,0,0,0,24,24,0,0,0,0,0,True,True,True,True,True,True,0,0,1,21,1.0,8,0.0,24,0.75,18,0.25,0.5,10,0.75,False,1.0,1.0,1.0,1,1,1.0,1,1,1.0,1.0,1,1,1.0,1,1,0.8571428571428571,6,7,1.0,11,11,1.0,11,11,1.0,8,8,0.987012987012987,11,10,11,1,0,1.0,21,21,1.0,0,0,,21,1.0,8,0.0,24,0.75,10,0.75,0.05714285714285714,1.0,3.0,1.0,1.1428571428571428,0.5,0.5118595071429148,1.0,7,1.0,0.5404761904761904,1.0,0.125,1.0,0.5263157894736842,0.5,4,0.25,2,0.0,0.625,0.8333333333333334,1.0,0.5833333333333334,,0.0,,0.6964285714285714,14,14,4,4,6,2,0,0,0,10,0,0,10,0.75,False,False,1.0,1.0,,nop -p (graphviz 15.0.0)
04,31,forward,C:\Users\breis\Desktop\Data_Sets\pmo-dataset\graphviz\04.dot,C:\Users\breis\Desktop\Data_Sets\pmo-dataset\graphviz\31.dot,0.33089098964447616,0.11781609195402298,0.22435354079924957,0.22435354079924957,2,2,12,17,3,16,24,0,1,0.33089098964447616,0.11781609195402298,12,0,True,True,True,True,True,True,True,True,True,True,1.0,11,11,1.0,1,1,10,8,20,24,0,0,0,4,4,0,0,0,0,0,0,0,0,0,24,24,0,0,0,0,0,True,True,True,True,True,True,0,0,1,20,1.0,8,0.0,24,0.75,15,0.5,0.5625,8,0.75,False,1.0,1.0,1.0,1,1,1.0,1,1,1.0,1.0,1,1,1.0,1,1,1.0,6,6,1.0,10,10,1.0,10,10,1.0,8,8,1.0,11,11,11,1,0,1.0,20,20,1.0,0,0,,20,1.0,8,0.0,24,0.75,8,0.75,0.06315789473684211,1.0,3.25,1.0,1.2,0.5,0.5118595071429148,1.0,5,1.0,0.5078947368421053,1.0,0.041666666666666664,1.0,0.3333333333333333,0.25,4,0.25,8,0.0,0.625,0.8333333333333334,1.0,0.5,,0.0,,0.6785714285714286,14,14,4,4,2,6,0,0,0,6,0,0,8,0.75,False,False,1.0,1.0,,nop -p (graphviz 15.0.0)
05,32,forward,C:\Users\breis\Desktop\Data_Sets\pmo-dataset\graphviz\05.dot,C:\Users\breis\Desktop\Data_Sets\pmo-dataset\graphviz\32.dot,0.2538822011765689,0.07424242424242425,0.16406231270949656,0.16406231270949656,2,2,13,17,4,16,29,0,1,0.2538822011765689,0.07424242424242425,13,0,True,True,True,True,True,True,True,True,True,True,1.0,11,11,1.0,1,1,11,4,17,19,0,0,0,2,2,0,0,0,0,0,0,0,0,0,19,19,0,0,0,0,0,True,True,True,True,True,True,0,0,1,17,1.0,4,0.5,19,1.0,16,0.5,0.75,12,0.75,False,1.0,1.0,1.0,1,1,1.0,1,1,1.0,1.0,1,1,1.0,1,1,0.5,2,4,1.0,11,11,1.0,11,11,1.0,4,4,0.9545454545454546,11,10,11,1,0,1.0,17,17,1.0,0,0,,17,1.0,4,0.5,19,1.0,12,0.75,0.06985294117647059,1.0,3.5,1.0,1.1176470588235294,0.5,0.0,1.0,5,1.0,0.6397058823529411,1.0,0.42105263157894735,0.25,0.6666666666666666,0.5,2,0.5,0,1.0,0.8125,0.8333333333333334,1.0,0.4166666666666667,,1.0,,0.7857142857142857,14,14,2,2,4,0,0,0,0,10,0,0,11,0.75,False,False,1.0,1.0,,nop -p (graphviz 15.0.0)
06,33,forward,C:\Users\breis\Desktop\Data_Sets\pmo-dataset\graphviz\06.dot,C:\Users\breis\Desktop\Data_Sets\pmo-dataset\graphviz\33.dot,0.33200692145835803,0.16126543209876545,0.24663617677856176,0.24663617677856176,2,2,12,15,6,14,18,2,1,0.33200692145835803,0.16126543209876545,12,0,True,True,True,True,True,True,True,True,True,True,1.0,11,11,1.0,1,1,10,8,20,23,0,0,0,4,4,0,0,0,0,0,0,0,0,0,23,23,0,0,0,0,0,True,True,True,True,True,True,0,0,1,20,1.0,8,0.0,23,0.75,18,0.25,0.5,10,0.75,False,1.0,1.0,1.0,1,1,1.0,1,1,1.0,1.0,1,1,1.0,1,1,0.8571428571428571,6,7,1.0,10,10,1.0,10,10,1.0,8,8,0.987012987012987,11,10,11,1,0,1.0,20,20,1.0,0,0,,20,1.0,8,0.0,23,0.75,10,0.75,0.060526315789473685,1.0,3.0,1.0,1.15,0.5,0.5118595071429148,1.0,7,1.0,0.5552631578947368,1.0,0.043478260869565216,1.0,0.6666666666666666,0.5,4,0.25,2,0.0,0.625,0.8333333333333334,1.0,0.5833333333333334,,0.0,,0.6964285714285714,14,14,4,4,6,2,0,0,0,12,0,0,9,0.75,False,False,1.0,1.0,,nop -p (graphviz 15.0.0)
07,34,forward,C:\Users\breis\Desktop\Data_Sets\pmo-dataset\graphviz\07.dot,C:\Users\breis\Desktop\Data_Sets\pmo-dataset\graphviz\34.dot,0.3039205027476738,0.049107142857142856,0.17651382280240832,0.17651382280240832,2,2,15,13,2,26,23,0,1,0.3039205027476738,0.049107142857142856,15,0,True,True,True,True,True,True,True,False,False,True,1.0,9,11,0.8181818181818182,1,1,13,18,33,42,0,0,0,10,10,2,2,0,2,0,0,0,0,0,42,42,0,0,0,0,0,True,True,True,True,True,True,0,0,1,33,0.75,18,0.0,42,0.5,24,0.0,0.3125,10,0.75,False,1.0,1.0,1.0,1,1,1.0,1,1,1.0,1.0,1,1,1.0,1,1,0.9444444444444444,17,18,1.0,13,13,1.0,13,13,0.8888888888888888,16,18,0.9848484848484849,11,9,11,1,0,1.0,33,33,1.0,0,0,,33,0.75,18,0.0,42,0.5,10,0.75,0.03977272727272727,1.0,3.111111111111111,1.0,1.2727272727272727,0.5,0.579380164285695,1.0,16,0.75,0.5066287878787878,1.0,0.023809523809523808,1.0,0.3548387096774194,0.25,8,0.0,8,0.0,0.5,0.8333333333333334,0.9166666666666666,0.4166666666666667,,0.0,,0.6071428571428571,14,14,10,10,12,6,0,0,0,11,0,0,10,0.75,False,False,1.0,1.0,,nop -p (graphviz 15.0.0)
08,35,forward,C:\Users\breis\Desktop\Data_Sets\pmo-dataset\graphviz\08.dot,C:\Users\breis\Desktop\Data_Sets\pmo-dataset\graphviz\35.dot,0.4120536782149008,0.26339285714285715,0.33772326767887895,0.33772326767887895,2,2,14,14,5,16,16,0,1,0.4120536782149008,0.26339285714285715,14,0,True,True,True,True,True,True,True,True,True,True,1.0,11,11,1.0,1,1,12,4,18,20,0,0,0,2,2,0,0,0,0,0,0,0,0,0,20,20,0,0,0,0,0,True,True,True,True,True,True,0,0,1,18,1.0,4,0.5,20,0.75,15,0.5,0.6875,11,0.75,False,1.0,1.0,1.0,1,1,1.0,1,1,1.0,1.0,1,1,1.0,1,1,1.0,4,4,1.0,12,12,1.0,12,12,1.0,4,4,1.0,11,11,11,1,0,1.0,18,18,1.0,0,0,,18,1.0,4,0.5,20,0.75,11,0.75,0.06535947712418301,1.0,3.5,1.0,1.1111111111111112,0.5,0.6309297535714574,0.75,4,1.0,0.545751633986928,1.0,0.3,0.25,0.6875,0.5,2,0.5,2,0.0,0.75,0.8333333333333334,0.9166666666666666,0.4166666666666667,,0.0,,0.6785714285714286,14,14,2,2,2,2,0,0,0,11,0,0,11,0.75,False,False,1.0,1.0,,nop -p (graphviz 15.0.0)
09,36,forward,C:\Users\breis\Desktop\Data_Sets\pmo-dataset\graphviz\09.dot,C:\Users\breis\Desktop\Data_Sets\pmo-dataset\graphviz\36.dot,0.3228632799861149,0.09684684684684684,0.20985506341648089,0.20985506341648089,2,2,15,22,3,21,31,0,1,0.3228632799861149,0.09684684684684684,15,0,True,True,True,True,True,True,True,True,True,True,1.0,11,11,1.0,1,1,13,8,23,27,0,0,0,4,4,0,0,0,0,0,0,0,0,0,27,27,0,0,0,0,0,True,True,True,True,True,True,0,0,1,23,1.0,8,0.0,27,0.75,18,0.25,0.5,10,0.75,False,1.0,1.0,1.0,1,1,1.0,1,1,1.0,1.0,1,1,1.0,1,1,1.0,8,8,1.0,13,13,1.0,13,13,1.0,8,8,1.0,11,11,11,1,0,1.0,23,23,1.0,0,0,,23,1.0,8,0.0,27,0.75,10,0.75,0.0533596837944664,1.0,3.25,1.0,1.173913043478261,0.5,0.6309297535714574,0.75,6,1.0,0.6126482213438735,1.0,0.1111111111111111,1.0,0.47619047619047616,0.5,4,0.25,6,0.0,0.625,0.8333333333333334,0.9166666666666666,0.5833333333333334,,0.0,,0.6785714285714286,14,14,4,4,4,4,0,0,0,10,0,0,9,0.75,False,False,1.0,1.0,,nop -p (graphviz 15.0.0)
10,37,forward,C:\Users\breis\Desktop\Data_Sets\pmo-dataset\graphviz\10.dot,C:\Users\breis\Desktop\Data_Sets\pmo-dataset\graphviz\37.dot,0.28484645697547395,0.12590579710144928,0.20537612703846161,0.20537612703846161,2,2,11,12,2,15,24,0,1,0.28484645697547395,0.12590579710144928,11,0,True,True,True,True,True,True,True,True,True,True,1.0,11,11,1.0,1,1,9,12,23,28,0,0,0,6,6,0,0,0,0,0,0,0,0,0,28,28,0,0,0,0,0,True,True,True,True,True,True,0,0,1,23,1.0,12,0.0,28,0.75,19,0.25,0.5,9,0.75,False,1.0,1.0,1.0,1,1,1.0,1,1,1.0,1.0,1,1,1.0,1,1,1.0,10,10,1.0,9,9,1.0,9,9,1.0,12,12,1.0,11,11,11,1,0,1.0,23,23,1.0,0,0,,23,1.0,12,0.0,28,0.75,9,0.75,0.05533596837944664,1.0,3.0,1.0,1.2173913043478262,0.5,0.579380164285695,1.0,10,1.0,0.5197628458498024,1.0,0.14285714285714285,1.0,0.23809523809523808,0.25,6,0.0,4,0.0,0.625,0.8333333333333334,1.0,0.4166666666666667,,0.0,,0.6607142857142857,14,14,6,6,8,4,0,0,0,5,0,0,4,1.0,False,False,1.0,1.0,,nop -p (graphviz 15.0.0)
11,38,forward,C:\Users\breis\Desktop\Data_Sets\pmo-dataset\graphviz\11.dot,C:\Users\breis\Desktop\Data_Sets\pmo-dataset\graphviz\38.dot,0.2743376814373633,0.1768939393939394,0.22561581041565137,0.22561581041565137,2,2,14,15,7,30,18,1,1,0.2743376814373633,0.1768939393939394,14,0,True,True,True,True,True,True,True,True,True,True,1.0,11,11,1.0,1,1,12,12,26,33,0,0,0,6,6,0,0,0,0,0,0,0,0,0,33,33,0,0,0,0,0,True,True,True,True,True,True,0,0,1,26,1.0,12,0.0,33,0.75,21,0.25,0.5,9,0.75,False,1.0,1.0,1.0,1,1,1.0,1,1,1.0,1.0,1,1,1.0,1,1,0.9166666666666666,11,12,1.0,12,12,1.0,12,12,1.0,12,12,0.9924242424242425,11,10,11,1,0,1.0,26,26,1.0,0,0,,26,1.0,12,0.0,33,0.75,9,0.75,0.05076923076923077,1.0,3.3333333333333335,1.0,1.2692307692307692,0.5,0.6309297535714574,0.75,10,1.0,0.5615384615384615,1.0,0.06060606060606061,1.0,0.3333333333333333,0.25,6,0.0,8,0.0,0.625,0.8333333333333334,0.9166666666666666,0.4166666666666667,,0.0,,0.6428571428571429,14,14,6,6,6,6,0,0,0,8,0,0,5,1.0,False,False,1.0,1.0,,nop -p (graphviz 15.0.0)
12,39,forward,C:\Users\breis\Desktop\Data_Sets\pmo-dataset\graphviz\12.dot,C:\Users\breis\Desktop\Data_Sets\pmo-dataset\graphviz\39.dot,0.2790237413240267,0.06465517241379311,0.1718394568689099,0.1718394568689099,2,2,12,17,4,14,30,0,1,0.2790237413240267,0.06465517241379311,12,0,True,True,True,True,True,True,True,True,True,True,1.0,11,11,1.0,1,1,10,10,22,26,0,0,0,5,5,0,0,0,0,0,0,0,0,0,26,26,0,0,0,0,0,True,True,True,True,True,True,0,0,1,22,1.0,10,0.0,26,0.75,18,0.25,0.5,10,0.75,False,1.0,1.0,1.0,1,1,1.0,1,1,1.0,1.0,1,1,1.0,1,1,0.8571428571428571,6,7,1.0,10,10,1.0,10,10,1.0,10,10,0.987012987012987,11,10,11,1,0,1.0,22,22,1.0,0,0,,22,1.0,10,0.0,26,0.75,10,0.75,0.05627705627705628,1.0,3.0,1.0,1.1818181818181819,0.5,0.6126016192893442,1.0,8,1.0,0.538961038961039,1.0,0.11538461538461539,1.0,0.4,0.5,5,0.25,4,0.0,0.625,0.8333333333333334,1.0,0.5833333333333334,,0.0,,0.6964285714285714,14,14,5,5,6,4,0,0,0,8,0,0,8,0.75,False,False,1.0,1.0,,nop -p (graphviz 15.0.0)
13,40,forward,C:\Users\breis\Desktop\Data_Sets\pmo-dataset\graphviz\13.dot,C:\Users\breis\Desktop\Data_Sets\pmo-dataset\graphviz\40.dot,0.2962808673493225,0.07608695652173914,0.18618391193553083,0.18618391193553083,2,2,11,12,2,12,15,0,1,0.2962808673493225,0.07608695652173914,11,0,True,True,True,True,True,True,True,True,True,True,1.0,11,11,1.0,1,1,9,4,15,16,0,0,0,2,2,0,0,0,0,0,0,0,0,0,16,16,0,0,0,0,0,True,True,True,True,True,True,0,0,1,15,1.0,4,0.5,16,1.0,14,0.5,0.75,10,0.75,False,1.0,1.0,1.0,1,1,1.0,1,1,1.0,1.0,1,1,1.0,1,1,1.0,4,4,1.0,9,9,1.0,9,9,1.0,4,4,1.0,11,11,11,1,0,1.0,15,15,1.0,0,0,,15,1.0,4,0.5,16,1.0,10,0.75,0.0761904761904762,1.0,3.0,1.0,1.0666666666666667,0.5,0.0,1.0,4,1.0,0.5619047619047619,1.0,0.3125,0.25,0.6923076923076923,0.5,2,0.5,0,1.0,0.8125,0.8333333333333334,1.0,0.4166666666666667,,1.0,,0.7857142857142857,14,14,2,2,4,0,0,0,0,9,0,0,10,0.75,False,False,1.0,1.0,,nop -p (graphviz 15.0.0)
14,41,forward,C:\Users\breis\Desktop\Data_Sets\pmo-dataset\graphviz\14.dot,C:\Users\breis\Desktop\Data_Sets\pmo-dataset\graphviz\41.dot,0.28190528957627864,0.05709876543209877,0.1695020275041887,0.1695020275041887,2,2,12,15,2,12,18,0,1,0.28190528957627864,0.05709876543209877,12,0,True,True,True,True,True,True,True,True,True,True,1.0,11,11,1.0,1,1,10,2,14,14,0,0,0,1,1,0,0,0,0,0,0,0,0,0,14,14,0,0,0,0,0,True,True,True,True,True,True,0,0,1,14,1.0,2,0.75,14,1.0,12,0.75,0.875,10,0.75,False,1.0,1.0,1.0,1,1,1.0,1,1,1.0,1.0,1,1,1.0,1,1,0.0,0,2,1.0,10,10,1.0,10,10,1.0,2,2,0.9090909090909091,11,10,11,1,0,1.0,14,14,1.0,0,0,,14,1.0,2,0.75,14,1.0,10,0.75,0.07692307692307693,1.0,3.0,1.0,1.0,0.5,0.0,1.0,2,1.0,0.6593406593406593,1.0,0.5714285714285714,0.5,0.6666666666666666,0.5,1,0.75,0,1.0,0.875,0.8333333333333334,1.0,0.5833333333333334,,1.0,,0.8392857142857143,14,14,1,1,2,0,0,0,0,8,0,0,13,0.5,False,False,1.0,1.0,,nop -p (graphviz 15.0.0)
15,42,forward,C:\Users\breis\Desktop\Data_Sets\pmo-dataset\graphviz\15.dot,C:\Users\breis\Desktop\Data_Sets\pmo-dataset\graphviz\42.dot,0.3010017411768138,0.08967391304347826,0.19533782711014602,0.19533782711014602,2,2,12,11,4,14,13,0,1,0.3010017411768138,0.08967391304347826,12,0,True,True,True,True,True,True,True,True,True,True,1.0,11,11,1.0,1,1,10,4,16,18,0,0,0,2,2,0,0,0,0,0,0,0,0,0,18,18,0,0,0,0,0,True,True,True,True,True,True,0,0,1,16,1.0,4,0.5,18,1.0,14,0.5,0.75,10,0.75,False,1.0,1.0,1.0,1,1,1.0,1,1,1.0,1.0,1,1,1.0,1,1,1.0,4,4,1.0,10,10,1.0,10,10,1.0,4,4,1.0,11,11,11,1,0,1.0,16,16,1.0,0,0,,16,1.0,4,0.5,18,1.0,10,0.75,0.075,1.0,3.5,1.0,1.125,0.5,0.6309297535714574,0.75,3,1.0,0.5541666666666667,1.0,0.2777777777777778,0.25,0.6428571428571429,0.5,2,0.5,4,0.0,0.8125,0.8333333333333334,0.9166666666666666,0.4166666666666667,,0.0,,0.6964285714285714,14,14,2,2,2,2,0,0,0,9,0,0,8,0.75,False,False,1.0,1.0,,nop -p (graphviz 15.0.0)
16,43,forward,C:\Users\breis\Desktop\Data_Sets\pmo-dataset\graphviz\16.dot,C:\Users\breis\Desktop\Data_Sets\pmo-dataset\graphviz\43.dot,0.34146734685483865,0.153760162601626,0.24761375472823233,0.24761375472823233,2,2,26,15,7,39,18,0,1,0.34146734685483865,0.153760162601626,26,0,True,True,True,True,True,True,True,True,True,True,1.0,11,11,1.0,1,1,24,14,40,49,0,0,0,7,7,0,0,0,0,0,0,0,0,0,49,49,0,0,0,0,0,True,True,True,True,True,True,0,0,1,40,0.75,14,0.0,49,0.5,32,0.0,0.3125,18,0.25,False,1.0,1.0,1.0,1,1,1.0,1,1,1.0,1.0,1,1,1.0,1,1,0.8571428571428571,12,14,1.0,24,24,1.0,24,24,1.0,14,14,0.987012987012987,11,10,11,1,0,1.0,40,40,1.0,0,0,,40,0.75,14,0.0,49,0.5,18,0.25,0.03141025641025641,1.0,3.4285714285714284,1.0,1.225,0.5,0.6216097450797566,0.75,11,1.0,0.5237179487179487,1.0,0.1836734693877551,1.0,0.5,0.5,7,0.0,12,0.0,0.375,0.8333333333333334,0.9166666666666666,0.5,,0.0,,0.5892857142857143,14,14,7,7,8,6,0,0,0,19,0,0,18,0.25,False,False,1.0,1.0,,nop -p (graphviz 15.0.0)
17,44,forward,C:\Users\breis\Desktop\Data_Sets\pmo-dataset\graphviz\17.dot,C:\Users\breis\Desktop\Data_Sets\pmo-dataset\graphviz\44.dot,0.38703908248657803,0.22824074074074072,0.3076399116136594,0.3076399116136594,2,2,27,18,13,35,23,0,1,0.38703908248657803,0.22824074074074072,27,0,True,True,True,True,True,True,True,True,True,True,1.0,11,11,1.0,1,1,25,16,43,51,0,0,0,8,8,0,0,0,0,0,0,0,0,0,51,51,0,0,0,0,0,True,True,True,True,True,True,0,0,1,43,0.75,16,0.0,51,0.25,36,0.0,0.25,22,0.25,False,1.0,1.0,1.0,1,1,1.0,1,1,1.0,1.0,1,1,1.0,1,1,0.9333333333333333,14,15,1.0,25,25,1.0,25,25,1.0,16,16,0.993939393939394,11,10,11,1,0,1.0,43,43,1.0,0,0,,43,0.75,16,0.0,51,0.25,22,0.25,0.02823920265780731,1.0,3.125,1.0,1.186046511627907,0.5,0.5118595071429148,1.0,14,0.75,0.49280177187153934,1.0,0.19607843137254902,1.0,0.12195121951219512,0.25,8,0.0,6,0.0,0.3125,0.8333333333333334,0.9166666666666666,0.4166666666666667,,0.0,,0.5535714285714286,14,14,8,8,12,4,0,0,0,5,0,0,14,0.5,False,False,1.0,1.0,,nop -p (graphviz 15.0.0)
18,45,forward,C:\Users\breis\Desktop\Data_Sets\pmo-dataset\graphviz\18.dot,C:\Users\breis\Desktop\Data_Sets\pmo-dataset\graphviz\45.dot,0.268077307126097,0.10474806201550386,0.18641268457080043,0.18641268457080043,2,2,28,15,7,45,19,0,1,0.268077307126097,0.10474806201550386,28,0,True,True,True,True,True,True,True,True,True,True,1.0,11,11,1.0,1,1,26,22,50,60,0,0,0,11,11,0,0,0,0,0,0,0,0,0,60,60,0,0,0,0,0,True,True,True,True,True,True,0,0,1,50,0.5,22,0.0,60,0.25,44,0.0,0.1875,22,0.25,False,1.0,1.0,1.0,1,1,1.0,1,1,1.0,1.0,1,1,1.0,1,1,0.9523809523809523,20,21,1.0,26,26,1.0,26,26,1.0,22,22,0.9956709956709957,11,10,11,1,0,1.0,50,50,1.0,0,0,,50,0.5,22,0.0,60,0.25,22,0.25,0.024489795918367346,1.0,3.0,1.0,1.2,0.5,0.5333570581245946,1.0,19,0.75,0.5228571428571429,1.0,0.13333333333333333,1.0,0.16666666666666666,0.25,11,0.0,6,0.0,0.25,0.8333333333333334,0.9166666666666666,0.4166666666666667,,0.0,,0.5357142857142857,14,14,11,11,16,6,0,0,0,8,0,0,17,0.25,False,False,1.0,1.0,,nop -p (graphviz 15.0.0)
19,46,forward,C:\Users\breis\Desktop\Data_Sets\pmo-dataset\graphviz\19.dot,C:\Users\breis\Desktop\Data_Sets\pmo-dataset\graphviz\46.dot,0.25587048389069006,0.013043478260869565,0.1344569810757798,0.1344569810757798,2,2,10,13,1,14,16,0,1,0.25587048389069006,0.013043478260869565,10,0,True,True,True,True,True,True,True,True,True,True,1.0,11,11,1.0,1,1,8,8,18,21,0,0,0,4,4,0,0,0,0,0,0,0,0,0,21,21,0,0,0,0,0,True,True,True,True,True,True,0,0,1,18,1.0,8,0.0,21,0.75,14,0.5,0.5625,6,1.0,False,1.0,1.0,1.0,1,1,1.0,1,1,1.0,1.0,1,1,1.0,1,1,0.875,7,8,1.0,8,8,1.0,8,8,1.0,8,8,0.9886363636363636,11,10,11,1,0,1.0,18,18,1.0,0,0,,18,1.0,8,0.0,21,0.75,6,1.0,0.06862745098039216,1.0,3.0,1.0,1.1666666666666667,0.5,0.6309297535714574,0.75,6,1.0,0.5490196078431373,1.0,0.047619047619047616,1.0,0.3125,0.25,4,0.25,4,0.0,0.6875,0.8333333333333334,0.9166666666666666,0.5,,0.0,,0.6785714285714286,14,14,4,4,4,4,0,0,0,5,0,0,8,0.75,False,False,1.0,1.0,,nop -p (graphviz 15.0.0)
20,47,forward,C:\Users\breis\Desktop\Data_Sets\pmo-dataset\graphviz\20.dot,C:\Users\breis\Desktop\Data_Sets\pmo-dataset\graphviz\47.dot,0.31496944060794246,0.12375,0.21935972030397122,0.21935972030397122,2,2,15,15,5,19,20,0,1,0.31496944060794246,0.12375,15,0,True,True,True,True,True,True,True,True,True,True,1.0,11,11,1.0,1,1,13,7,22,26,0,0,0,4,3,0,0,0,0,0,0,0,0,0,26,26,0,0,0,0,0,True,True,True,True,True,True,0,0,1,22,1.0,7,0.0,26,0.75,16,0.5,0.5625,10,0.75,False,1.0,1.0,1.0,1,1,1.0,1,1,1.0,1.0,1,1,1.0,1,1,1.0,7,7,1.0,13,13,1.0,13,13,1.0,7,7,1.0,11,11,11,1,0,1.0,22,22,1.0,0,0,,22,1.0,7,0.0,26,0.75,10,0.75,0.05627705627705628,1.0,3.4285714285714284,1.0,1.1818181818181819,0.5,0.6216097450797566,0.75,6,1.0,0.47619047619047616,1.0,0.23076923076923078,1.0,0.45,0.5,3,0.5,6,0.0,0.625,0.8333333333333334,0.9166666666666666,0.6666666666666666,,0.0,,0.6964285714285714,14,14,4,3,4,3,0,0,0,9,0,0,10,0.75,False,False,1.0,1.0,,nop -p (graphviz 15.0.0)
21,48,forward,C:\Users\breis\Desktop\Data_Sets\pmo-dataset\graphviz\21.dot,C:\Users\breis\Desktop\Data_Sets\pmo-dataset\graphviz\48.dot,0.19235947531496503,0.0951923076923077,0.14377589150363637,0.14377589150363637,2,2,9,13,3,11,21,0,1,0.19235947531496503,0.0951923076923077,9,0,True,True,True,True,True,True,True,True,True,False,1.0,10,11,0.9090909090909091,1,1,7,6,15,17,0,0,0,3,3,0,0,0,0,1,0,0,0,0,17,17,0,0,0,0,0,True,True,True,True,True,True,0,0,1,15,1.0,6,0.25,17,1.0,11,0.75,0.75,6,1.0,False,1.0,1.0,1.0,1,1,1.0,1,1,1.0,1.0,1,1,1.0,1,1,0.6666666666666666,4,6,1.0,7,7,1.0,7,7,1.0,6,6,0.9696969696969698,11,10,11,1,1,1.0,15,15,1.0,0,0,,15,1.0,6,0.25,17,1.0,6,1.0,0.08095238095238096,1.0,3.0,1.0,1.1333333333333333,0.5,0.920619835714305,0.25,6,1.0,0.4857142857142857,1.0,0.11764705882352941,1.0,0.23076923076923078,0.25,3,0.5,2,0.0,0.8125,0.8333333333333334,0.75,0.5833333333333334,,0.0,,0.6964285714285714,14,14,3,3,3,1,2,0,1,3,0,0,6,1.0,False,False,1.0,1.0,,nop -p (graphviz 15.0.0)
22,49,forward,C:\Users\breis\Desktop\Data_Sets\pmo-dataset\graphviz\22.dot,C:\Users\breis\Desktop\Data_Sets\pmo-dataset\graphviz\49.dot,0.28410804748096147,0.10111111111111111,0.19260957929603628,0.19260957929603628,2,2,17,12,4,17,15,0,1,0.28410804748096147,0.10111111111111111,17,0,True,True,True,False,True,True,False,True,True,False,1.0,8,11,0.7272727272727273,1,4,9,3,20,20,0,0,1,3,0,0,0,0,0,2,1,3,0,0,20,20,0,0,0,0,6,False,False,True,True,True,True,1,0,1,20,1.0,3,0.75,20,0.75,11,0.75,0.8125,8,0.75,False,1.0,1.0,1.0,1,1,0.25,1,4,1.0,1.0,1,1,1.0,4,4,0.0,0,3,1.0,9,9,0.8888888888888888,8,9,1.0,3,3,0.8308080808080809,11,8,11,1,1,1.0,20,20,1.0,1,1,,20,1.0,3,0.75,20,0.75,8,0.75,0.05263157894736842,1.0,3.3333333333333335,1.0,1.0,0.5,0.579380164285695,1.0,7,1.0,0.36578947368421055,1.0,0.5,0.5,0.6666666666666666,0.5,0,1.0,0,1.0,0.8125,0.8333333333333334,1.0,0.6666666666666666,,1.0,,0.8392857142857143,14,14,3,0,2,0,0,1,2,12,0,0,8,0.75,False,False,1.0,1.0,,nop -p (graphviz 15.0.0)
23,50,forward,C:\Users\breis\Desktop\Data_Sets\pmo-dataset\graphviz\23.dot,C:\Users\breis\Desktop\Data_Sets\pmo-dataset\graphviz\50.dot,0.22471220413799953,0.11666666666666665,0.17068943540233308,0.17068943540233308,2,2,12,9,4,15,9,1,1,0.22471220413799953,0.11666666666666665,12,0,True,True,True,True,True,True,False,True,True,True,0.9090909090909091,9,11,0.9008264462809916,2,2,7,4,17,22,0,0,5,2,2,0,0,0,0,0,0,1,0,0,22,20,2,0,2,0,3,True,True,True,True,True,True,0,0,1,16,1.0,4,0.5,16,1.0,8,0.75,0.8125,6,1.0,False,1.0,1.0,1.0,2,2,1.0,2,2,1.0,1.0,2,2,1.0,2,2,1.0,3,3,1.0,7,7,1.0,7,7,1.0,4,4,1.0,11,11,11,2,3,1.0,16,16,1.0,0,0,,16,1.0,4,0.5,16,1.0,6,1.0,0.06666666666666667,1.0,3.0,1.0,1.0,0.5,0.0,1.0,4,1.0,0.3,1.0,0.47368421052631576,0.25,0.5714285714285714,0.5,2,0.5,0,1.0,0.875,0.8333333333333334,1.0,0.4166666666666667,,1.0,,0.8035714285714286,14,14,2,2,4,0,0,0,2,8,0,0,4,1.0,False,False,1.0,1.0,,nop -p (graphviz 15.0.0)
24,51,forward,C:\Users\breis\Desktop\Data_Sets\pmo-dataset\graphviz\24.dot,C:\Users\breis\Desktop\Data_Sets\pmo-dataset\graphviz\51.dot,0.20806592555721476,0.053075396825396824,0.13057066119130578,0.13057066119130578,2,2,29,10,4,37,10,0,1,0.20806592555721476,0.053075396825396824,29,0,True,True,True,True,True,True,False,False,False,True,0.9473684210526315,7,11,0.722488038277512,3,3,18,1,31,38,0,0,11,1,1,1,1,0,1,0,1,5,0,0,38,36,2,0,2,0,13,True,True,True,True,True,True,0,0,1,30,0.75,1,1.0,28,0.75,12,0.75,0.8125,11,0.75,False,1.0,1.0,1.0,3,3,1.0,3,3,1.0,1.0,3,3,1.0,3,3,0.0,0,1,1.0,18,18,1.0,18,18,0.0,0,1,0.8181818181818182,11,9,11,3,3,1.0,30,30,1.0,1,1,,30,0.75,1,1.0,28,0.75,11,0.75,0.03218390804597701,1.0,4.0,0.5,0.9333333333333333,0.5,0.0,1.0,2,1.0,0.21724137931034482,1.0,0.8918918918918919,0.75,0.7857142857142857,0.75,0,1.0,0,1.0,0.8125,0.6666666666666666,1.0,0.8333333333333334,,1.0,,0.8392857142857143,14,14,1,1,0,0,0,1,0,22,0,0,12,0.75,False,False,1.0,1.0,,nop -p (graphviz 15.0.0)
25,52,forward,C:\Users\breis\Desktop\Data_Sets\pmo-dataset\graphviz\25.dot,C:\Users\breis\Desktop\Data_Sets\pmo-dataset\graphviz\52.dot,0.21646409146409146,0.0606060606060606,0.13853507603507603,0.13853507603507603,2,2,16,6,2,30,6,0,1,0.21646409146409146,0.0606060606060606,16,0,True,True,True,True,True,True,True,True,True,True,1.0,11,11,1.0,1,1,13,16,32,39,0,0,0,8,8,0,0,0,0,0,0,1,0,0,39,39,0,0,0,0,2,True,True,True,True,True,True,0,0,1,32,0.75,16,0.0,39,0.5,28,0.0,0.3125,12,0.75,False,1.0,1.0,1.0,1,1,1.0,1,1,1.0,1.0,1,1,1.0,1,1,0.875,14,16,1.0,13,13,1.0,13,13,1.0,16,16,0.9886363636363636,11,10,11,1,0,1.0,32,32,1.0,0,0,,32,0.75,16,0.0,39,0.5,12,0.75,0.03931451612903226,1.0,3.0,1.0,1.21875,0.5,0.5118595071429148,1.0,14,0.75,0.8860887096774194,1.0,0.07692307692307693,1.0,0.16666666666666666,0.25,8,0.0,4,0.0,0.5,0.8333333333333334,0.9166666666666666,0.4166666666666667,,0.0,,0.6071428571428571,14,14,8,8,12,4,0,0,6,5,0,0,11,0.75,False,False,1.0,1.0,,nop -p (graphviz 15.0.0)
26,53,forward,C:\Users\breis\Desktop\Data_Sets\pmo-dataset\graphviz\26.dot,C:\Users\breis\Desktop\Data_Sets\pmo-dataset\graphviz\53.dot,0.19381873850744197,0.053125,0.12347186925372099,0.12347186925372099,2,2,14,6,2,18,6,0,1,0.19381873850744197,0.053125,14,1,True,True,True,True,True,True,False,True,True,False,1.0,9,11,0.8181818181818182,1,1,12,8,22,26,0,0,1,5,3,0,0,0,0,2,0,0,0,0,26,26,0,0,0,0,0,False,False,True,True,True,True,1,0,1,22,1.0,8,0.0,26,0.75,20,0.25,0.5,12,0.75,False,1.0,1.0,1.0,1,1,1.0,1,1,1.0,1.0,1,1,1.0,1,1,0.75,6,8,1.0,12,12,0.9166666666666666,11,12,1.0,8,8,0.9696969696969696,11,9,11,1,0,1.0,22,22,1.0,0,0,,22,1.0,8,0.0,26,0.75,12,0.75,0.05627705627705628,1.0,3.0,1.0,1.1818181818181819,0.5,0.6309297535714574,0.75,8,1.0,0.6645021645021645,1.0,0.11538461538461539,1.0,0.4,0.5,3,0.5,4,0.0,0.625,0.8333333333333334,0.9166666666666666,0.6666666666666666,,0.0,,0.6964285714285714,14,14,5,3,4,4,0,0,0,8,0,0,6,1.0,False,False,1.0,1.0,,nop -p (graphviz 15.0.0)
27,54,forward,C:\Users\breis\Desktop\Data_Sets\pmo-dataset\graphviz\27.dot,C:\Users\breis\Desktop\Data_Sets\pmo-dataset\graphviz\54.dot,0.23343156707127294,0.041666666666666664,0.1375491168689698,0.1375491168689698,2,2,13,5,1,22,4,0,1,0.23343156707127294,0.041666666666666664,13,0,True,True,True,True,True,True,True,True,True,True,1.0,11,11,1.0,1,1,11,20,33,44,0,0,0,10,10,0,0,0,0,0,0,0,0,0,44,44,0,0,0,0,0,True,True,True,True,True,True,0,0,1,33,0.75,20,0.0,44,0.5,19,0.25,0.375,7,1.0,False,1.0,1.0,1.0,1,1,1.0,1,1,1.0,1.0,1,1,1.0,1,1,0.95,19,20,1.0,11,11,1.0,11,11,1.0,20,20,0.9954545454545454,11,10,11,1,0,1.0,33,33,1.0,0,0,,33,0.75,20,0.0,44,0.5,7,1.0,0.041666666666666664,1.0,3.2,1.0,1.3333333333333333,0.5,0.29590327428938457,1.0,21,0.75,0.3134469696969697,1.0,0.022727272727272728,1.0,0.0967741935483871,0.25,10,0.0,2,0.0,0.5625,0.8333333333333334,0.9166666666666666,0.4166666666666667,,0.0,,0.625,14,14,10,10,18,2,0,0,9,3,0,0,5,1.0,False,False,1.0,1.0,,nop -p (graphviz 15.0.0)
28,55,forward,C:\Users\breis\Desktop\Data_Sets\pmo-dataset\graphviz\28.dot,C:\Users\breis\Desktop\Data_Sets\pmo-dataset\graphviz\55.dot,0.2976606026034668,0.03869047619047619,0.1681755393969715,0.1681755393969715,2,2,17,31,3,23,35,0,1,0.2976606026034668,0.03869047619047619,17,0,True,True,True,True,True,True,True,True,True,True,1.0,11,11,1.0,1,1,15,12,29,35,0,0,0,6,6,0,0,0,0,0,0,0,0,0,35,35,0,0,0,0,0,True,True,True,True,True,True,0,0,1,29,1.0,12,0.0,35,0.5,23,0.25,0.4375,11,0.75,False,1.0,1.0,1.0,1,1,1.0,1,1,1.0,1.0,1,1,1.0,1,1,1.0,10,10,1.0,15,15,1.0,15,15,1.0,12,12,1.0,11,11,11,1,0,1.0,29,29,1.0,0,0,,29,1.0,12,0.0,35,0.5,11,0.75,0.04310344827586207,1.0,3.1666666666666665,1.0,1.206896551724138,0.5,0.920619835714305,0.25,14,0.75,0.5307881773399015,1.0,0.02857142857142857,1.0,0.5185185185185185,0.5,6,0.0,6,0.0,0.5625,0.8333333333333334,0.6666666666666666,0.5,,0.0,,0.5892857142857143,14,14,6,6,4,6,2,0,2,14,0,0,10,0.75,False,False,1.0,1.0,,nop -p (graphviz 15.0.0)
29,01,forward,C:\Users\breis\Desktop\Data_Sets\pmo-dataset\graphviz\29.dot,C:\Users\breis\Desktop\Data_Sets\pmo-dataset\graphviz\01.dot,0.26631825576936335,0.09581529581529581,0.18106677579232958,0.18106677579232958,2,2,23,10,7,67,13,0,1,0.26631825576936335,0.09581529581529581,23,0,True,True,True,True,True,True,True,False,False,True,1.0,9,11,0.8181818181818182,1,1,21,12,35,50,0,0,0,7,7,2,2,0,2,0,0,0,0,0,50,50,0,0,0,0,0,True,True,True,True,True,True,0,0,1,35,0.75,12,0.0,50,0.5,21,0.25,0.375,11,0.75,False,1.0,1.0,1.0,1,1,1.0,1,1,1.0,1.0,1,1,1.0,1,1,0.9166666666666666,11,12,1.0,21,21,1.0,21,21,0.8333333333333334,10,12,0.9772727272727274,11,9,11,1,0,1.0,35,35,1.0,0,0,,35,0.75,12,0.0,50,0.5,11,0.75,0.04201680672268908,1.0,4.666666666666667,0.0,1.4285714285714286,0.5,0.41011848630651804,1.0,17,0.75,0.7294117647058823,1.0,0.06,1.0,0.18181818181818182,0.25,5,0.25,12,0.0,0.5,0.5,0.9166666666666666,0.5,,0.0,,0.5535714285714286,14,14,7,7,10,2,0,0,4,6,0,0,7,1.0,False,False,1.0,1.0,,nop -p (graphviz 15.0.0)
30,02,forward,C:\Users\breis\Desktop\Data_Sets\pmo-dataset\graphviz\30.dot,C:\Users\breis\Desktop\Data_Sets\pmo-dataset\graphviz\02.dot,0.2725516127905048,0.057421875,0.16498674389525242,0.16498674389525242,2,2,14,18,3,17,23,0,1,0.2725516127905048,0.057421875,14,0,True,True,True,True,True,True,False,True,True,False,1.0,9,11,0.8181818181818182,1,1,9,8,22,26,0,0,2,5,3,0,0,0,0,2,0,3,0,0,26,26,0,0,0,0,6,False,False,True,True,True,True,2,0,1,22,1.0,8,0.0,26,0.75,18,0.25,0.5,12,0.75,False,1.0,1.0,1.0,1,1,1.0,1,1,1.0,1.0,1,1,1.0,1,1,0.875,7,8,1.0,9,9,0.7777777777777778,7,9,1.0,8,8,0.9684343434343435,11,9,11,1,0,1.0,22,22,1.0,0,0,,22,1.0,8,0.0,26,0.75,12,0.75,0.05627705627705628,1.0,3.0,1.0,1.1818181818181819,0.5,0.5118595071429148,1.0,9,1.0,0.512987012987013,1.0,0.2692307692307692,0.25,0.5,0.5,3,0.5,2,0.0,0.625,0.8333333333333334,1.0,0.4166666666666667,,0.0,,0.6607142857142857,14,14,5,3,6,2,0,0,4,10,0,0,13,0.5,False,False,1.0,1.0,,nop -p (graphviz 15.0.0)
31,03,forward,C:\Users\breis\Desktop\Data_Sets\pmo-dataset\graphviz\31.dot,C:\Users\breis\Desktop\Data_Sets\pmo-dataset\graphviz\03.dot,0.28805877326307516,0.1575,0.22277938663153757,0.22277938663153757,2,2,17,13,4,24,15,0,1,0.28805877326307516,0.1575,17,0,True,True,True,True,True,True,True,True,True,True,1.0,11,11,1.0,1,1,15,15,32,40,0,0,0,8,7,0,0,0,0,0,0,0,0,0,40,40,0,0,0,0,0,True,True,True,True,True,True,0,0,1,32,0.75,15,0.0,40,0.5,26,0.0,0.3125,11,0.75,False,1.0,1.0,1.0,1,1,1.0,1,1,1.0,1.0,1,1,1.0,1,1,0.9333333333333333,14,15,1.0,15,15,1.0,15,15,1.0,15,15,0.993939393939394,11,10,11,1,0,1.0,32,32,1.0,0,0,,32,0.75,15,0.0,40,0.5,11,0.75,0.04032258064516129,1.0,3.2,1.0,1.25,0.5,0.6289054987282648,0.75,12,1.0,0.5060483870967742,1.0,0.025,1.0,0.2,0.25,7,0.0,10,0.0,0.5,0.8333333333333334,0.9166666666666666,0.4166666666666667,,0.0,,0.6071428571428571,14,14,8,7,7,8,0,0,4,6,0,0,9,0.75,False,False,1.0,1.0,,nop -p (graphviz 15.0.0)
32,04,forward,C:\Users\breis\Desktop\Data_Sets\pmo-dataset\graphviz\32.dot,C:\Users\breis\Desktop\Data_Sets\pmo-dataset\graphviz\04.dot,0.271154096801769,0.090625,0.1808895484008845,0.1808895484008845,2,2,17,12,4,29,16,0,1,0.271154096801769,0.090625,17,0,True,True,True,True,True,True,True,True,True,True,1.0,11,11,1.0,1,1,15,14,31,37,0,0,0,7,7,0,0,0,0,0,0,0,0,0,37,37,0,0,0,0,0,True,True,True,True,True,True,0,0,1,31,0.75,14,0.0,37,0.5,26,0.0,0.3125,12,0.75,False,1.0,1.0,1.0,1,1,1.0,1,1,1.0,1.0,1,1,1.0,1,1,0.8571428571428571,12,14,1.0,15,15,1.0,15,15,1.0,14,14,0.987012987012987,11,10,11,1,1,1.0,31,31,1.0,0,0,,31,0.75,14,0.0,37,0.5,12,0.75,0.03978494623655914,1.0,3.0,1.0,1.1935483870967742,0.5,0.8699155297736259,0.5,13,0.75,0.5967741935483871,1.0,0.08108108108108109,1.0,0.27586206896551724,0.25,7,0.0,4,0.0,0.5,0.8333333333333334,0.75,0.4166666666666667,,0.0,,0.5714285714285714,14,14,7,7,8,4,2,0,4,8,0,0,9,0.75,False,False,1.0,1.0,,nop -p (graphviz 15.0.0)
33,05,forward,C:\Users\breis\Desktop\Data_Sets\pmo-dataset\graphviz\33.dot,C:\Users\breis\Desktop\Data_Sets\pmo-dataset\graphviz\05.dot,0.3070147673971554,0.09300595238095237,0.20001035988905388,0.20001035988905388,2,2,15,13,3,18,16,0,1,0.3070147673971554,0.09300595238095237,15,0,True,True,True,True,True,True,True,True,True,True,1.0,11,11,1.0,1,1,13,10,25,29,0,0,0,5,5,0,0,0,0,0,0,0,0,0,29,29,0,0,0,0,0,True,True,True,True,True,True,0,0,1,25,1.0,10,0.0,29,0.75,20,0.25,0.5,11,0.75,False,1.0,1.0,1.0,1,1,1.0,1,1,1.0,1.0,1,1,1.0,1,1,0.8,8,10,1.0,13,13,1.0,13,13,1.0,10,10,0.9818181818181819,11,10,11,1,0,1.0,25,25,1.0,0,0,,25,1.0,10,0.0,29,0.75,11,0.75,0.04833333333333333,1.0,3.0,1.0,1.16,0.5,0.45548591500359514,1.0,9,1.0,0.5383333333333333,1.0,0.13793103448275862,1.0,0.391304347826087,0.5,5,0.25,2,0.0,0.625,0.8333333333333334,1.0,0.5833333333333334,,0.0,,0.6964285714285714,14,14,5,5,8,2,0,0,4,9,0,0,12,0.75,False,False,1.0,1.0,,nop -p (graphviz 15.0.0)
34,06,forward,C:\Users\breis\Desktop\Data_Sets\pmo-dataset\graphviz\34.dot,C:\Users\breis\Desktop\Data_Sets\pmo-dataset\graphviz\06.dot,0.27515510244922015,0.1225,0.19882755122461007,0.19882755122461007,2,2,13,12,4,23,14,1,1,0.27515510244922015,0.1225,13,0,True,True,True,True,True,True,True,True,True,True,1.0,11,11,1.0,1,1,11,10,23,29,0,0,0,5,5,0,0,0,0,0,0,0,0,0,29,29,0,0,0,0,0,True,True,True,True,True,True,0,0,1,23,1.0,10,0.0,29,0.75,20,0.25,0.5,10,0.75,False,1.0,1.0,1.0,1,1,1.0,1,1,1.0,1.0,1,1,1.0,1,1,1.0,9,9,1.0,11,11,1.0,11,11,1.0,10,10,1.0,11,11,11,1,0,1.0,23,23,1.0,0,0,,23,1.0,10,0.0,29,0.75,10,0.75,0.05731225296442688,1.0,3.4,1.0,1.2608695652173914,0.5,0.45548591500359514,1.0,9,1.0,0.9209486166007905,1.0,0.10344827586206896,1.0,0.14285714285714285,0.25,5,0.25,6,0.0,0.625,0.8333333333333334,1.0,0.5,,0.0,,0.6785714285714286,14,14,5,5,8,2,0,0,4,3,0,0,6,1.0,False,False,1.0,1.0,,nop -p (graphviz 15.0.0)
35,07,forward,C:\Users\breis\Desktop\Data_Sets\pmo-dataset\graphviz\35.dot,C:\Users\breis\Desktop\Data_Sets\pmo-dataset\graphviz\07.dot,0.45958673455043053,0.3146551724137931,0.38712095348211184,0.38712095348211184,2,2,14,15,5,16,26,1,1,0.45958673455043053,0.3146551724137931,14,0,True,True,True,True,True,True,False,True,True,False,1.0,9,11,0.8181818181818182,1,1,12,4,18,21,0,0,1,3,1,0,0,0,0,2,0,0,0,0,21,21,0,0,0,0,0,False,False,True,True,True,True,1,0,1,18,1.0,4,0.5,21,0.75,15,0.5,0.6875,11,0.75,False,1.0,1.0,1.0,1,1,1.0,1,1,1.0,1.0,1,1,1.0,1,1,0.5,2,4,1.0,12,12,0.9166666666666666,11,12,1.0,4,4,0.9469696969696969,11,9,11,1,0,1.0,18,18,1.0,0,0,,18,1.0,4,0.5,21,0.75,11,0.75,0.06862745098039216,1.0,3.5,1.0,1.1666666666666667,0.5,0.6309297535714574,0.75,5,1.0,0.545751633986928,1.0,0.3333333333333333,0.25,0.625,0.5,1,0.75,4,0.0,0.75,0.8333333333333334,0.9166666666666666,0.5,,0.0,,0.6964285714285714,14,14,3,1,2,2,0,0,2,10,0,0,12,0.75,False,False,1.0,1.0,,nop -p (graphviz 15.0.0)
36,08,forward,C:\Users\breis\Desktop\Data_Sets\pmo-dataset\graphviz\36.dot,C:\Users\breis\Desktop\Data_Sets\pmo-dataset\graphviz\08.dot,0.30802231813121106,0.10069444444444445,0.20435838128782774,0.20435838128782774,2,2,22,14,4,31,16,0,1,0.30802231813121106,0.10069444444444445,22,0,True,True,True,True,True,True,False,True,True,False,1.0,9,11,0.8181818181818182,1,1,20,8,30,39,0,0,2,5,3,0,0,0,0,2,0,0,0,0,39,39,0,0,0,0,0,False,False,True,True,True,True,2,0,1,30,0.75,8,0.0,39,0.5,20,0.25,0.375,13,0.5,False,1.0,1.0,1.0,1,1,1.0,1,1,1.0,1.0,1,1,1.0,1,1,0.625,5,8,1.0,20,20,0.9,18,20,1.0,8,8,0.9568181818181819,11,9,11,1,0,1.0,30,30,1.0,0,0,,30,0.75,8,0.0,39,0.5,13,0.5,0.04482758620689655,1.0,4.25,0.0,1.3,0.5,0.6309297535714574,0.75,11,1.0,0.4850574712643678,1.0,0.15384615384615385,1.0,0.25,0.25,3,0.5,8,0.0,0.4375,0.5,0.9166666666666666,0.5833333333333334,,0.0,,0.5535714285714286,14,14,5,3,4,4,0,0,3,7,0,0,8,0.75,False,False,1.0,1.0,,nop -p (graphviz 15.0.0)
37,09,forward,C:\Users\breis\Desktop\Data_Sets\pmo-dataset\graphviz\37.dot,C:\Users\breis\Desktop\Data_Sets\pmo-dataset\graphviz\09.dot,0.2906370358357978,0.13580246913580246,0.21321975248580013,0.21321975248580013,2,2,12,15,5,24,21,1,1,0.2906370358357978,0.13580246913580246,12,0,True,True,True,True,True,True,False,True,True,False,1.0,9,11,0.8181818181818182,1,1,10,11,23,30,0,0,1,6,5,0,0,0,0,1,0,0,0,0,30,30,0,0,0,0,0,False,False,True,True,True,True,1,0,1,23,1.0,11,0.0,30,0.75,19,0.25,0.5,8,0.75,False,1.0,1.0,1.0,1,1,1.0,1,1,1.0,1.0,1,1,1.0,1,1,0.8181818181818182,9,11,1.0,10,10,0.9,9,10,1.0,11,11,0.9743801652892562,11,9,11,1,0,1.0,23,23,1.0,0,0,,23,1.0,11,0.0,30,0.75,8,0.75,0.05928853754940711,1.0,3.3636363636363638,1.0,1.3043478260869565,0.5,0.27729172565378846,1.0,12,1.0,0.6521739130434783,1.0,0.03333333333333333,1.0,0.2857142857142857,0.25,5,0.25,4,0.0,0.625,0.8333333333333334,1.0,0.5,,0.0,,0.6785714285714286,14,14,6,5,10,1,0,0,6,6,0,0,6,1.0,False,False,1.0,1.0,,nop -p (graphviz 15.0.0)
38,10,forward,C:\Users\breis\Desktop\Data_Sets\pmo-dataset\graphviz\38.dot,C:\Users\breis\Desktop\Data_Sets\pmo-dataset\graphviz\10.dot,0.26082524687787845,0.10625,0.18353762343893923,0.18353762343893923,2,2,15,11,4,18,15,0,1,0.26082524687787845,0.10625,15,0,True,True,True,True,True,True,False,True,True,True,1.0,10,11,0.9090909090909091,1,1,11,8,25,30,0,0,2,4,4,0,0,0,0,0,0,2,0,0,30,30,0,0,0,0,6,True,True,True,True,True,True,0,0,1,23,1.0,8,0.0,26,0.75,20,0.25,0.5,12,0.75,False,1.0,1.0,1.0,1,1,1.0,1,1,1.0,1.0,1,1,1.0,1,1,0.8333333333333334,5,6,1.0,11,11,1.0,11,11,1.0,8,8,0.9848484848484848,11,10,11,1,3,1.0,23,23,1.0,0,0,,23,1.0,8,0.0,26,0.75,12,0.75,0.05138339920948617,1.0,3.0,1.0,1.1304347826086956,0.5,0.5118595071429148,1.0,7,1.0,0.5652173913043478,1.0,0.23076923076923078,1.0,0.5238095238095238,0.5,4,0.25,2,0.0,0.625,0.8333333333333334,1.0,0.5833333333333334,,0.0,,0.6964285714285714,14,14,4,4,6,2,0,0,3,11,0,0,10,0.75,False,False,1.0,1.0,,nop -p (graphviz 15.0.0)
39,11,forward,C:\Users\breis\Desktop\Data_Sets\pmo-dataset\graphviz\39.dot,C:\Users\breis\Desktop\Data_Sets\pmo-dataset\graphviz\11.dot,0.3394445298705168,0.12526881720430108,0.23235667353740896,0.23235667353740896,2,2,17,14,5,30,30,0,1,0.3394445298705168,0.12526881720430108,17,0,True,True,True,True,True,True,True,True,True,True,1.0,11,11,1.0,1,1,15,18,35,44,0,0,0,9,9,0,0,0,0,0,0,0,0,0,44,44,0,0,0,0,0,True,True,True,True,True,True,0,0,1,35,0.75,18,0.0,44,0.5,32,0.0,0.3125,14,0.5,False,1.0,1.0,1.0,1,1,1.0,1,1,1.0,1.0,1,1,1.0,1,1,0.9411764705882353,16,17,1.0,15,15,1.0,15,15,1.0,18,18,0.9946524064171123,11,10,11,1,0,1.0,35,35,1.0,0,0,,35,0.75,18,0.0,44,0.5,14,0.5,0.03697478991596639,1.0,3.111111111111111,1.0,1.2571428571428571,0.5,0.3175206571427802,1.0,17,0.75,0.5243697478991597,1.0,0.06818181818181818,1.0,0.42424242424242425,0.5,9,0.0,4,0.0,0.4375,0.8333333333333334,0.9166666666666666,0.5,,0.0,,0.6071428571428571,14,14,9,9,16,2,0,0,8,14,0,0,10,0.75,False,False,1.0,1.0,,nop -p (graphviz 15.0.0)
40,12,forward,C:\Users\breis\Desktop\Data_Sets\pmo-dataset\graphviz\40.dot,C:\Users\breis\Desktop\Data_Sets\pmo-dataset\graphviz\12.dot,0.26318531386710226,0.10364583333333333,0.1834155736002178,0.1834155736002178,2,2,12,12,5,15,14,0,1,0.26318531386710226,0.10364583333333333,12,0,True,True,True,True,True,True,True,True,True,True,1.0,11,11,1.0,1,1,10,8,20,24,0,0,0,4,4,0,0,0,0,0,0,0,0,0,24,24,0,0,0,0,0,True,True,True,True,True,True,0,0,1,20,1.0,8,0.0,24,0.75,17,0.25,0.5,9,0.75,False,1.0,1.0,1.0,1,1,1.0,1,1,1.0,1.0,1,1,1.0,1,1,0.8,4,5,1.0,10,10,1.0,10,10,1.0,8,8,0.9818181818181819,11,10,11,1,0,1.0,20,20,1.0,0,0,,20,1.0,8,0.0,24,0.75,9,0.75,0.06315789473684211,1.0,3.25,1.0,1.2,0.5,0.5118595071429148,1.0,7,1.0,0.5394736842105263,1.0,0.08333333333333333,1.0,0.2777777777777778,0.25,4,0.25,4,0.0,0.625,0.8333333333333334,1.0,0.5,,0.0,,0.6785714285714286,14,14,4,4,6,2,0,0,3,5,0,0,4,1.0,False,False,1.0,1.0,,nop -p (graphviz 15.0.0)
41,13,forward,C:\Users\breis\Desktop\Data_Sets\pmo-dataset\graphviz\41.dot,C:\Users\breis\Desktop\Data_Sets\pmo-dataset\graphviz\13.dot,0.2724010675933753,0.09294871794871797,0.18267489277104662,0.18267489277104662,2,2,15,11,3,18,12,0,1,0.2724010675933753,0.09294871794871797,15,0,True,True,True,True,True,True,False,True,True,False,1.0,9,11,0.8181818181818182,1,1,13,6,21,25,0,0,4,5,1,0,0,0,0,4,0,0,0,0,25,25,0,0,0,0,0,False,False,True,True,True,True,4,0,1,21,1.0,6,0.25,25,0.75,19,0.25,0.5625,13,0.5,False,1.0,1.0,1.0,1,1,1.0,1,1,1.0,1.0,1,1,1.0,1,1,0.3333333333333333,2,6,1.0,13,13,0.6923076923076923,9,13,1.0,6,6,0.9114219114219112,11,9,11,1,0,1.0,21,21,1.0,0,0,,21,1.0,6,0.25,25,0.75,13,0.5,0.05952380952380952,1.0,3.0,1.0,1.1904761904761905,0.5,0.579380164285695,1.0,9,1.0,0.5642857142857143,1.0,0.32,0.25,0.3157894736842105,0.25,1,0.75,2,0.0,0.625,0.8333333333333334,1.0,0.4166666666666667,,0.0,,0.6607142857142857,14,14,5,1,4,2,0,0,4,6,0,0,14,0.5,False,False,1.0,1.0,,nop -p (graphviz 15.0.0)
42,14,forward,C:\Users\breis\Desktop\Data_Sets\pmo-dataset\graphviz\42.dot,C:\Users\breis\Desktop\Data_Sets\pmo-dataset\graphviz\14.dot,0.27900984852000016,0.03260869565217391,0.15580927208608703,0.15580927208608703,2,2,11,12,1,13,12,0,1,0.27900984852000016,0.03260869565217391,11,0,True,True,True,True,True,True,True,True,True,False,1.0,10,11,0.9090909090909091,1,1,8,5,16,18,0,0,0,3,2,0,0,0,0,1,0,1,0,0,18,18,0,0,0,0,2,True,True,True,True,True,True,0,0,1,16,1.0,5,0.5,18,1.0,15,0.5,0.75,10,0.75,False,1.0,1.0,1.0,1,1,1.0,1,1,1.0,1.0,1,1,1.0,1,1,0.4,2,5,1.0,8,8,1.0,8,8,1.0,5,5,0.9454545454545454,11,10,11,1,0,1.0,16,16,1.0,0,0,,16,1.0,5,0.5,18,1.0,10,0.75,0.075,1.0,3.0,1.0,1.125,0.5,0.6126016192893442,1.0,5,1.0,0.6041666666666666,1.0,0.2222222222222222,1.0,0.5714285714285714,0.5,2,0.5,2,0.0,0.8125,0.8333333333333334,1.0,0.6666666666666666,,0.0,,0.7678571428571429,14,14,3,2,3,2,0,0,2,8,0,0,11,0.75,False,False,1.0,1.0,,nop -p (graphviz 15.0.0)
43,15,forward,C:\Users\breis\Desktop\Data_Sets\pmo-dataset\graphviz\43.dot,C:\Users\breis\Desktop\Data_Sets\pmo-dataset\graphviz\15.dot,0.29571423776293093,0.06481481481481481,0.18026452628887288,0.18026452628887288,2,2,15,12,3,18,14,0,1,0.29571423776293093,0.06481481481481481,15,0,True,True,True,True,True,True,False,True,True,False,1.0,9,11,0.8181818181818182,1,1,13,6,21,25,0,0,4,5,1,0,0,0,0,4,0,0,0,0,25,25,0,0,0,0,0,False,False,True,True,True,True,4,0,1,21,1.0,6,0.25,25,0.75,17,0.25,0.5625,12,0.75,False,1.0,1.0,1.0,1,1,1.0,1,1,1.0,1.0,1,1,1.0,1,1,0.5,3,6,1.0,13,13,0.6923076923076923,9,13,1.0,6,6,0.9265734265734266,11,9,11,1,0,1.0,21,21,1.0,0,0,,21,1.0,6,0.25,25,0.75,12,0.75,0.05952380952380952,1.0,3.0,1.0,1.1904761904761905,0.5,0.579380164285695,1.0,9,1.0,0.6071428571428571,1.0,0.32,0.25,0.5789473684210527,0.5,1,0.75,2,0.0,0.6875,0.8333333333333334,1.0,0.5,,0.0,,0.6964285714285714,14,14,5,1,4,2,0,0,4,11,0,0,10,0.75,False,False,1.0,1.0,,nop -p (graphviz 15.0.0)
44,16,forward,C:\Users\breis\Desktop\Data_Sets\pmo-dataset\graphviz\44.dot,C:\Users\breis\Desktop\Data_Sets\pmo-dataset\graphviz\16.dot,0.32593337056963984,0.07386363636363637,0.1998985034666381,0.1998985034666381,2,2,18,26,3,23,39,0,1,0.32593337056963984,0.07386363636363637,18,0,True,True,True,True,True,True,True,True,True,True,1.0,11,11,1.0,1,1,15,10,28,32,0,0,0,5,5,0,0,0,0,0,0,1,0,0,32,32,0,0,0,0,2,True,True,True,True,True,True,0,0,1,28,1.0,10,0.0,32,0.75,24,0.0,0.4375,14,0.5,False,1.0,1.0,1.0,1,1,1.0,1,1,1.0,1.0,1,1,1.0,1,1,0.8888888888888888,8,9,1.0,15,15,1.0,15,15,1.0,10,10,0.98989898989899,11,10,11,1,0,1.0,28,28,1.0,0,0,,28,1.0,10,0.0,32,0.75,14,0.5,0.042328042328042326,1.0,3.0,1.0,1.1428571428571428,0.5,0.6126016192893442,1.0,8,1.0,0.5277777777777778,1.0,0.21875,1.0,0.34615384615384615,0.25,5,0.25,4,0.0,0.5625,0.8333333333333334,1.0,0.5,,0.0,,0.6607142857142857,14,14,5,5,6,4,0,0,3,9,0,0,14,0.5,False,False,1.0,1.0,,nop -p (graphviz 15.0.0)
45,17,forward,C:\Users\breis\Desktop\Data_Sets\pmo-dataset\graphviz\45.dot,C:\Users\breis\Desktop\Data_Sets\pmo-dataset\graphviz\17.dot,0.3345463725345249,0.23452380952380952,0.2845350910291672,0.2845350910291672,2,2,15,27,12,19,35,2,1,0.3345463725345249,0.23452380952380952,15,0,True,True,True,True,True,True,True,True,True,True,1.0,11,11,1.0,1,1,13,10,25,29,0,0,0,5,5,0,0,0,0,0,0,0,0,0,29,29,0,0,0,0,0,True,True,True,True,True,True,0,0,1,25,1.0,10,0.0,29,0.75,23,0.25,0.5,13,0.5,False,1.0,1.0,1.0,1,1,1.0,1,1,1.0,1.0,1,1,1.0,1,1,1.0,5,5,1.0,13,13,1.0,13,13,1.0,10,10,1.0,11,11,11,1,0,1.0,25,25,1.0,0,0,,25,1.0,10,0.0,29,0.75,13,0.5,0.04833333333333333,1.0,3.0,1.0,1.16,0.5,0.6126016192893442,1.0,8,1.0,0.5583333333333333,1.0,0.1724137931034483,1.0,0.17391304347826086,0.25,5,0.25,4,0.0,0.5625,0.8333333333333334,1.0,0.5,,0.0,,0.6607142857142857,14,14,5,5,6,4,0,0,3,4,0,0,4,1.0,False,False,1.0,1.0,,nop -p (graphviz 15.0.0)
46,18,forward,C:\Users\breis\Desktop\Data_Sets\pmo-dataset\graphviz\46.dot,C:\Users\breis\Desktop\Data_Sets\pmo-dataset\graphviz\18.dot,0.2907033137255831,0.09369918699186992,0.1922012503587265,0.1922012503587265,2,2,13,28,6,16,45,0,1,0.2907033137255831,0.09369918699186992,13,0,True,True,True,True,True,True,False,True,True,False,1.0,9,11,0.8181818181818182,1,1,11,7,20,23,0,0,1,4,3,0,0,0,0,1,0,0,0,0,23,23,0,0,0,0,0,False,False,True,True,True,True,1,0,1,20,1.0,7,0.0,23,0.75,18,0.25,0.5,11,0.75,False,1.0,1.0,1.0,1,1,1.0,1,1,1.0,1.0,1,1,1.0,1,1,0.8571428571428571,6,7,1.0,11,11,0.9090909090909091,10,11,1.0,7,7,0.9787485242030697,11,9,11,1,0,1.0,20,20,1.0,0,0,,20,1.0,7,0.0,23,0.75,11,0.75,0.060526315789473685,1.0,3.0,1.0,1.15,0.5,0.5445684476282007,1.0,7,1.0,0.7236842105263158,1.0,0.21739130434782608,1.0,0.3333333333333333,0.25,3,0.5,2,0.0,0.625,0.8333333333333334,1.0,0.5833333333333334,,0.0,,0.6964285714285714,14,14,4,3,5,2,0,0,3,6,0,0,8,0.75,False,False,1.0,1.0,,nop -p (graphviz 15.0.0)
47,19,forward,C:\Users\breis\Desktop\Data_Sets\pmo-dataset\graphviz\47.dot,C:\Users\breis\Desktop\Data_Sets\pmo-dataset\graphviz\19.dot,0.3288714420082841,0.14833333333333332,0.2386023876708087,0.2386023876708087,2,2,15,10,5,20,14,0,1,0.3288714420082841,0.14833333333333332,15,0,True,True,True,True,True,True,True,True,True,True,1.0,11,11,1.0,1,1,13,12,27,32,0,0,0,6,6,0,0,0,0,0,0,0,0,0,32,32,0,0,0,0,0,True,True,True,True,True,True,0,0,1,27,1.0,12,0.0,32,0.75,24,0.0,0.4375,13,0.5,False,1.0,1.0,1.0,1,1,1.0,1,1,1.0,1.0,1,1,1.0,1,1,0.8333333333333334,5,6,1.0,13,13,1.0,13,13,1.0,12,12,0.9848484848484848,11,10,11,1,0,1.0,27,27,1.0,0,0,,27,1.0,12,0.0,32,0.75,13,0.5,0.045584045584045586,1.0,3.0,1.0,1.1851851851851851,0.5,0.41011848630651804,1.0,11,1.0,0.5498575498575499,1.0,0.09375,1.0,0.08,0.25,6,0.0,2,0.0,0.5625,0.8333333333333334,1.0,0.4166666666666667,,0.0,,0.6428571428571429,14,14,6,6,10,2,0,0,4,2,0,0,8,0.75,False,False,1.0,1.0,,nop -p (graphviz 15.0.0)
48,20,forward,C:\Users\breis\Desktop\Data_Sets\pmo-dataset\graphviz\48.dot,C:\Users\breis\Desktop\Data_Sets\pmo-dataset\graphviz\20.dot,0.23691571847232867,0.11607142857142858,0.1764935735218786,0.1764935735218786,2,2,13,15,6,21,19,0,1,0.23691571847232867,0.11607142857142858,13,0,True,True,True,True,True,True,True,True,True,True,1.0,11,11,1.0,1,1,11,8,21,25,0,0,0,4,4,0,0,0,0,0,0,0,0,0,25,25,0,0,0,0,0,True,True,True,True,True,True,0,0,1,21,1.0,8,0.0,25,0.75,17,0.25,0.5,9,0.75,False,1.0,1.0,1.0,1,1,1.0,1,1,1.0,1.0,1,1,1.0,1,1,1.0,8,8,1.0,11,11,1.0,11,11,1.0,8,8,1.0,11,11,11,1,0,1.0,21,21,1.0,0,0,,21,1.0,8,0.0,25,0.75,9,0.75,0.05952380952380952,1.0,3.25,1.0,1.1904761904761905,0.5,0.6309297535714574,0.75,6,1.0,0.5928571428571429,1.0,0.12,1.0,0.5263157894736842,0.5,4,0.25,6,0.0,0.625,0.8333333333333334,0.9166666666666666,0.5833333333333334,,0.0,,0.6785714285714286,14,14,4,4,4,4,0,0,2,10,0,0,8,0.75,False,False,1.0,1.0,,nop -p (graphviz 15.0.0)
49,21,forward,C:\Users\breis\Desktop\Data_Sets\pmo-dataset\graphviz\49.dot,C:\Users\breis\Desktop\Data_Sets\pmo-dataset\graphviz\21.dot,0.20479120054216332,0.131,0.16789560027108166,0.16789560027108166,2,2,12,9,5,15,11,0,1,0.20479120054216332,0.131,12,0,True,True,True,True,True,True,True,True,True,True,1.0,11,11,1.0,1,1,10,6,18,20,0,0,0,3,3,0,0,0,0,0,0,0,0,0,20,20,0,0,0,0,0,True,True,True,True,True,True,0,0,1,18,1.0,6,0.25,20,0.75,15,0.5,0.625,9,0.75,False,1.0,1.0,1.0,1,1,1.0,1,1,1.0,1.0,1,1,1.0,1,1,1.0,4,4,1.0,10,10,1.0,10,10,1.0,6,6,1.0,11,11,11,1,0,1.0,18,18,1.0,0,0,,18,1.0,6,0.25,20,0.75,9,0.75,0.06535947712418301,1.0,3.0,1.0,1.1111111111111112,0.5,0.579380164285695,1.0,5,1.0,0.6437908496732027,1.0,0.25,1.0,0.3125,0.25,3,0.5,2,0.0,0.6875,0.8333333333333334,1.0,0.5833333333333334,,0.0,,0.7142857142857143,14,14,3,3,4,2,0,0,0,5,0,0,8,0.75,False,False,1.0,1.0,,nop -p (graphviz 15.0.0)
50,22,forward,C:\Users\breis\Desktop\Data_Sets\pmo-dataset\graphviz\50.dot,C:\Users\breis\Desktop\Data_Sets\pmo-dataset\graphviz\22.dot,0.25563609650843866,0.05555555555555555,0.15559582603199712,0.15559582603199712,2,2,9,17,3,9,17,0,1,0.25563609650843866,0.05555555555555555,9,0,True,True,True,True,True,True,True,True,True,True,1.0,11,11,1.0,1,1,7,2,11,11,0,0,0,1,1,0,0,0,0,0,0,0,0,0,11,11,0,0,0,0,0,True,True,True,True,True,True,0,0,1,11,1.0,2,0.75,11,1.0,10,0.75,0.875,8,0.75,False,1.0,1.0,1.0,1,1,1.0,1,1,1.0,1.0,1,1,1.0,1,1,0.0,0,2,1.0,7,7,1.0,7,7,1.0,2,2,0.9090909090909091,11,10,11,1,0,1.0,11,11,1.0,0,0,,11,1.0,2,0.75,11,1.0,8,0.75,0.1,1.0,3.0,1.0,1.0,0.5,0.0,1.0,2,1.0,0.7363636363636363,1.0,0.45454545454545453,0.25,0.5555555555555556,0.5,1,0.75,0,1.0,0.875,0.8333333333333334,1.0,0.5,,1.0,,0.8214285714285714,14,14,1,1,2,0,0,0,0,5,0,0,11,0.75,False,False,1.0,1.0,,nop -p (graphviz 15.0.0)
51,23,forward,C:\Users\breis\Desktop\Data_Sets\pmo-dataset\graphviz\51.dot,C:\Users\breis\Desktop\Data_Sets\pmo-dataset\graphviz\23.dot,0.23672628726287265,0.135,0.18586314363143633,0.18586314363143633,2,2,10,12,4,10,15,0,1,0.23672628726287265,0.135,10,0,True,True,True,True,True,True,True,True,True,True,1.0,11,11,1.0,1,1,8,2,12,12,0,0,0,1,1,0,0,0,0,0,0,0,0,0,12,12,0,0,0,0,0,True,True,True,True,True,True,0,0,1,12,1.0,2,0.75,12,1.0,10,0.75,0.875,8,0.75,False,1.0,1.0,1.0,1,1,1.0,1,1,1.0,1.0,1,1,1.0,1,1,1.0,1,1,1.0,8,8,1.0,8,8,1.0,2,2,1.0,11,11,11,1,0,1.0,12,12,1.0,0,0,,12,1.0,2,0.75,12,1.0,8,0.75,0.09090909090909091,1.0,3.0,1.0,1.0,0.5,0.0,1.0,2,1.0,0.5606060606060606,1.0,0.5,0.5,0.6,0.5,1,0.75,0,1.0,0.875,0.8333333333333334,1.0,0.5833333333333334,,1.0,,0.8392857142857143,14,14,1,1,2,0,0,0,0,6,0,0,8,0.75,False,False,1.0,1.0,,nop -p (graphviz 15.0.0)
52,24,forward,C:\Users\breis\Desktop\Data_Sets\pmo-dataset\graphviz\52.dot,C:\Users\breis\Desktop\Data_Sets\pmo-dataset\graphviz\24.dot,0.1882109118951224,0.0,0.0941054559475612,0.0941054559475612,2,2,6,29,0,6,37,0,1,0.1882109118951224,0.0,6,0,True,True,True,True,True,True,True,True,True,True,1.0,11,11,1.0,1,1,4,2,8,8,0,0,0,1,1,0,0,0,0,0,0,0,0,0,8,8,0,0,0,0,0,True,True,True,True,True,True,0,0,1,8,1.0,2,0.75,8,1.0,7,1.0,0.9375,5,1.0,False,1.0,1.0,1.0,1,1,1.0,1,1,1.0,1.0,1,1,1.0,1,1,1.0,1,1,1.0,4,4,1.0,4,4,1.0,2,2,1.0,11,11,11,1,0,1.0,8,8,1.0,0,0,,8,1.0,2,0.75,8,1.0,5,1.0,0.14285714285714285,0.75,3.0,1.0,1.0,0.5,0.0,1.0,2,1.0,0.625,1.0,0.25,1.0,0.6666666666666666,0.5,1,0.75,0,1.0,0.9375,0.75,1.0,0.75,,1.0,,0.875,14,14,1,1,2,0,0,0,0,4,0,0,5,1.0,False,False,1.0,1.0,,nop -p (graphviz 15.0.0)
53,25,forward,C:\Users\breis\Desktop\Data_Sets\pmo-dataset\graphviz\53.dot,C:\Users\breis\Desktop\Data_Sets\pmo-dataset\graphviz\25.dot,0.2204428182756356,0.09848484848484848,0.15946383338024206,0.15946383338024206,2,2,6,16,4,6,30,0,1,0.2204428182756356,0.09848484848484848,6,0,True,True,True,True,True,True,True,True,True,True,1.0,11,11,1.0,1,1,4,2,8,8,0,0,0,1,1,0,0,0,0,0,0,0,0,0,8,8,0,0,0,0,0,True,True,True,True,True,True,0,0,1,8,1.0,2,0.75,8,1.0,7,1.0,0.9375,5,1.0,False,1.0,1.0,1.0,1,1,1.0,1,1,1.0,1.0,1,1,1.0,1,1,1.0,1,1,1.0,4,4,1.0,4,4,1.0,2,2,1.0,11,11,11,1,0,1.0,8,8,1.0,0,0,,8,1.0,2,0.75,8,1.0,5,1.0,0.14285714285714285,0.75,3.0,1.0,1.0,0.5,0.0,1.0,2,1.0,0.625,1.0,0.25,1.0,0.6666666666666666,0.5,1,0.75,0,1.0,0.9375,0.75,1.0,0.75,,1.0,,0.875,14,14,1,1,2,0,0,0,0,4,0,0,5,1.0,False,False,1.0,1.0,,nop -p (graphviz 15.0.0)
54,26,forward,C:\Users\breis\Desktop\Data_Sets\pmo-dataset\graphviz\54.dot,C:\Users\breis\Desktop\Data_Sets\pmo-dataset\graphviz\26.dot,0.1936071056115608,0.05986842105263158,0.1267377633320962,0.1267377633320962,2,2,5,14,3,4,18,1,1,0.1936071056115608,0.05986842105263158,5,1,True,True,True,True,True,True,True,True,True,True,1.0,11,11,1.0,1,1,3,0,5,4,0,0,0,0,0,0,0,0,0,0,0,0,0,0,4,4,0,0,0,0,0,True,True,True,True,True,True,0,0,1,5,1.0,0,1.0,4,1.0,5,1.0,1.0,5,1.0,False,1.0,1.0,1.0,1,1,1.0,1,1,1.0,1.0,1,1,1.0,1,1,1.0,0,0,1.0,3,3,1.0,3,3,1.0,0,0,1.0,11,11,9,1,0,1.0,5,5,1.0,0,0,,5,1.0,0,1.0,4,1.0,5,1.0,0.2,0.75,,,0.8,0.75,0.0,1.0,0,1.0,0.75,1.0,1.0,0.75,1.0,0.75,0,1.0,0,1.0,1.0,0.8333333333333334,1.0,0.8333333333333334,,1.0,,0.9285714285714286,13,14,0,0,0,0,0,0,0,3,0,0,5,1.0,False,False,1.0,1.0,,nop -p (graphviz 15.0.0)
55,27,forward,C:\Users\breis\Desktop\Data_Sets\pmo-dataset\graphviz\55.dot,C:\Users\breis\Desktop\Data_Sets\pmo-dataset\graphviz\27.dot,0.29169134104303407,0.11789772727272728,0.20479453415788068,0.20479453415788068,2,2,31,13,6,35,22,0,1,0.29169134104303407,0.11789772727272728,31,0,True,True,True,True,True,True,True,True,True,True,1.0,11,11,1.0,1,1,29,7,38,42,0,0,0,4,3,0,0,0,0,0,0,0,0,0,42,42,0,0,0,0,0,True,True,True,True,True,True,0,0,1,38,0.75,7,0.0,42,0.5,35,0.0,0.3125,28,0.0,False,1.0,1.0,1.0,1,1,1.0,1,1,1.0,1.0,1,1,1.0,1,1,1.0,7,7,1.0,29,29,1.0,29,29,1.0,7,7,1.0,11,11,11,1,0,1.0,38,38,1.0,0,0,,38,0.75,7,0.0,42,0.5,28,0.0,0.029871977240398292,1.0,3.4285714285714284,1.0,1.105263157894737,0.5,0.0,1.0,9,1.0,0.5896159317211949,1.0,0.47619047619047616,0.25,0.5833333333333334,0.5,3,0.5,0,1.0,0.3125,0.8333333333333334,1.0,0.4166666666666667,,1.0,,0.6428571428571429,14,14,4,3,7,0,0,0,3,21,0,0,15,0.5,False,False,1.0,1.0,,nop -p (graphviz 15.0.0)
