item_id,bef_xsd_valid,bef_syn_score,bef_prag_score,bef_sem_score,bef_error,bpmn_path,bef_n_nodes,bef_n_edges,bef_n_pools,bef_n_processes,bef_n_message_flows,bef_n_lanes,bef_syn_existence_start_event,bef_syn_existence_end_event,bef_syn_start_event_in_out_degree,bef_syn_end_event_in_out_degree,bef_syn_labeled_tasks,bef_syn_connected_nodes,bef_syn_tasks_in_outdegree,bef_syn_intermediate_event_in_out_degree,bef_syn_gateway_in_out_degree,bef_syn_pair_gateways,bef_syn_event_gateway_predecessor_successor_wrong,bef_syn_one_start_event,bef_syn_one_end_event,bef_syn_wrong_sequence_flow,bef_syn_wrong_message_flow,bef_syn_one_process_in_pool,bef_prag_group_size,bef_prag_group_density,bef_prag_group_connector_interplay,bef_prag_group_partionability,bef_prag_group_cyclicity,bef_prag_group_concurrency,bef_prag_group_other_metrics,bef_prag_total_numbers_of_gateways,bef_prag_total_numbers_of_gateways_score,bef_prag_total_numbers_of_nodes,bef_prag_total_numbers_of_nodes_score,bef_prag_total_numbers_of_sequence_flows,bef_prag_total_numbers_of_sequence_flows_score,bef_prag_total_numbers_of_message_flows,bef_prag_total_numbers_of_message_flows_score,bef_prag_diameter,bef_prag_diameter_score,bef_prag_density,bef_prag_density_score,bef_prag_average_gateway_degree,bef_prag_average_gateway_degree_score,bef_prag_connectivity_coefficient,bef_prag_connectivity_coefficient_score,bef_prag_gateway_heterogeneity,bef_prag_gateway_heterogeneity_score,bef_prag_control_flow_complexity,bef_prag_control_flow_complexity_score,bef_prag_sequentiality,bef_prag_sequentiality_score,bef_prag_seperatibility,bef_prag_seperatibility_score,bef_prag_depth,bef_prag_depth_score,bef_prag_token_split,bef_prag_token_split_score,bef_prag_cross_connectivity,bef_prag_cross_connectivity_score,bef_sem_group_natural_language,bef_sem_group_graph_structure,bef_sem_group_behaviour,bef_sem_label_sim_syntactic,bef_sem_label_sim_semantic,bef_sem_label_sim_context,bef_sem_graph_edit_distance,bef_sem_causal_footprint,bef_sem_dependency_graph,bef_sem_common_percentage
01,True,1.0,0.7666666666666667,0.7857142857142857,,C:\Users\breis\Desktop\Software\pmo-dataset\bpmn\01.bpmn,16,18,0,1,0,0,1.0,1.0,1.0,1.0,1.0,1.0,1.0,1.0,1.0,1.0,1.0,1.0,1.0,1.0,1.0,1.0,0.85,0.8333333333333334,1.0,0.5833333333333334,0,0.0,0,6,0.25,16,1.0,18,1.0,0,1.0,4,1.0,0.075,1.0,3.0,1.0,1.125,0.5,0.579380164285695,1.0,5,1.0,0.2222222222222222,1.0,0.35714285714285715,0.25,3,0.5,2,0.0,0.5625,1.0,0.5,1.0,1.0,0.5,0.5,0.5,1.0,1.0,1.0,1.0
02,True,0.9765625,0.7,0.7857142857142857,,C:\Users\breis\Desktop\Software\pmo-dataset\bpmn\02.bpmn,26,31,0,1,0,0,1.0,1.0,1.0,1.0,1.0,1.0,1.0,1.0,0.75,0.875,1.0,1.0,1.0,1.0,1.0,1.0,0.75,0.8333333333333334,1.0,0.4166666666666667,0,0.0,0,8,0.0,26,1.0,31,0.75,0,1.0,7,1.0,0.047692307692307694,1.0,3.5,1.0,1.1923076923076923,0.5,0.5118595071429148,1.0,9,1.0,0.25806451612903225,0.25,0.6666666666666666,0.5,3,0.5,4,0.0,0.5492307692307692,1.0,0.5,1.0,1.0,0.5,0.5,0.5,1.0,1.0,1.0,1.0
03,True,0.9910714285714286,0.7166666666666667,0.7857142857142857,,C:\Users\breis\Desktop\Software\pmo-dataset\bpmn\03.bpmn,21,24,0,1,0,0,1.0,1.0,1.0,1.0,1.0,1.0,1.0,1.0,1.0,0.8571428571428572,1.0,1.0,1.0,1.0,1.0,1.0,0.7,0.8333333333333334,1.0,0.5833333333333334,0,0.0,0,8,0.0,21,1.0,24,0.75,0,1.0,10,0.75,0.05714285714285714,1.0,3.0,1.0,1.1428571428571428,0.5,0.5118595071429148,1.0,7,1.0,0.125,1.0,0.5263157894736842,0.5,4,0.25,2,0.0,0.5404761904761904,1.0,0.5,1.0,1.0,0.5,0.5,0.5,1.0,1.0,1.0,1.0
04,True,1.0,0.7,0.7857142857142857,,C:\Users\breis\Desktop\Software\pmo-dataset\bpmn\04.bpmn,20,24,0,1,0,0,1.0,1.0,1.0,1.0,1.0,1.0,1.0,1.0,1.0,1.0,1.0,1.0,1.0,1.0,1.0,1.0,0.7,0.8333333333333334,1.0,0.5,0,0.0,0,8,0.0,20,1.0,24,0.75,0,1.0,8,0.75,0.06315789473684211,1.0,3.25,1.0,1.2,0.5,0.5118595071429148,1.0,5,1.0,0.041666666666666664,1.0,0.3333333333333333,0.25,4,0.25,8,0.0,0.5078947368421053,1.0,0.5,1.0,1.0,0.5,0.5,0.5,1.0,1.0000000000000002,1.0,1.0
05,True,0.96875,0.8,0.7857142857142857,,C:\Users\breis\Desktop\Software\pmo-dataset\bpmn\05.bpmn,17,19,0,1,0,0,1.0,1.0,1.0,1.0,1.0,1.0,1.0,1.0,1.0,0.5,1.0,1.0,1.0,1.0,1.0,1.0,0.85,0.8333333333333334,1.0,0.4166666666666667,0,1.0,0,4,0.5,17,1.0,19,1.0,0,1.0,11,0.75,0.06985294117647059,1.0,3.5,1.0,1.1176470588235294,0.5,-0.0,1.0,5,1.0,0.42105263157894735,0.25,0.6666666666666666,0.5,2,0.5,0,1.0,0.6397058823529411,1.0,0.5,1.0,1.0,0.5,0.5,0.5,1.0,1.0,1.0,1.0
06,True,0.9910714285714286,0.7166666666666667,0.7857142857142857,,C:\Users\breis\Desktop\Software\pmo-dataset\bpmn\06.bpmn,20,23,0,1,0,0,1.0,1.0,1.0,1.0,1.0,1.0,1.0,1.0,1.0,0.8571428571428572,1.0,1.0,1.0,1.0,1.0,1.0,0.7,0.8333333333333334,1.0,0.5833333333333334,0,0.0,0,8,0.0,20,1.0,23,0.75,0,1.0,9,0.75,0.060526315789473685,1.0,3.0,1.0,1.15,0.5,0.5118595071429148,1.0,7,1.0,0.043478260869565216,1.0,0.6666666666666666,0.5,4,0.25,2,0.0,0.5552631578947368,1.0,0.5,1.0,1.0,0.5,0.5,0.5,1.0,1.0000000000000002,1.0,1.0
07,True,0.9895833333333334,0.6333333333333333,0.7857142857142857,,C:\Users\breis\Desktop\Software\pmo-dataset\bpmn\07.bpmn,33,42,0,1,0,0,1.0,1.0,1.0,1.0,1.0,1.0,1.0,1.0,0.8888888888888888,0.9444444444444444,1.0,1.0,1.0,1.0,1.0,1.0,0.6,0.8333333333333334,0.9166666666666666,0.4166666666666667,0,0.0,0,18,0.0,33,0.75,42,0.5,0,1.0,10,0.75,0.03977272727272727,1.0,3.1111111111111107,1.0,1.2727272727272727,0.5,0.579380164285695,1.0,16,0.75,0.023809523809523808,1.0,0.3548387096774194,0.25,8,0.0,8,0.0,0.5066287878787878,1.0,0.5,1.0,1.0,0.5,0.5,0.5,1.0,1.0000000000000002,1.0,1.0
08,True,1.0,0.7,0.7857142857142857,,C:\Users\breis\Desktop\Software\pmo-dataset\bpmn\08.bpmn,18,20,0,1,0,0,1.0,1.0,1.0,1.0,1.0,1.0,1.0,1.0,1.0,1.0,1.0,1.0,1.0,1.0,1.0,1.0,0.8,0.8333333333333334,0.9166666666666666,0.4166666666666667,0,0.0,0,4,0.5,18,1.0,20,0.75,0,1.0,11,0.75,0.06535947712418301,1.0,3.5,1.0,1.1111111111111112,0.5,0.6309297535714574,0.75,4,1.0,0.3,0.25,0.6875,0.5,2,0.5,2,0.0,0.545751633986928,1.0,0.5,1.0,1.0,0.5,0.5,0.5,1.0,1.0,1.0,1.0
09,True,1.0,0.7,0.7857142857142857,,C:\Users\breis\Desktop\Software\pmo-dataset\bpmn\09.bpmn,23,27,0,1,0,0,1.0,1.0,1.0,1.0,1.0,1.0,1.0,1.0,1.0,1.0,1.0,1.0,1.0,1.0,1.0,1.0,0.7,0.8333333333333334,0.9166666666666666,0.5833333333333334,0,0.0,0,8,0.0,23,1.0,27,0.75,0,1.0,9,0.75,0.0533596837944664,1.0,3.25,1.0,1.173913043478261,0.5,0.6309297535714574,0.75,6,1.0,0.1111111111111111,1.0,0.47619047619047616,0.5,4,0.25,6,0.0,0.6126482213438735,1.0,0.5,1.0,1.0,0.5,0.5,0.5,1.0,1.0,1.0,1.0
10,True,1.0,0.7,0.7857142857142857,,C:\Users\breis\Desktop\Software\pmo-dataset\bpmn\10.bpmn,23,28,0,1,0,0,1.0,1.0,1.0,1.0,1.0,1.0,1.0,1.0,1.0,1.0,1.0,1.0,1.0,1.0,1.0,1.0,0.75,0.8333333333333334,1.0,0.4166666666666667,0,0.0,0,12,0.0,23,1.0,28,0.75,0,1.0,4,1.0,0.05533596837944664,1.0,3.0,1.0,1.2173913043478262,0.5,0.579380164285695,1.0,10,1.0,0.14285714285714285,1.0,0.23809523809523808,0.25,6,0.0,4,0.0,0.5197628458498024,1.0,0.5,1.0,1.0,0.5,0.5,0.5,1.0,1.0,1.0,1.0
11,True,0.99375,0.6833333333333333,0.7857142857142857,,C:\Users\breis\Desktop\Software\pmo-dataset\bpmn\11.bpmn,26,33,0,1,0,0,1.0,1.0,1.0,1.0,1.0,1.0,1.0,1.0,1.0,0.9,1.0,1.0,1.0,1.0,1.0,1.0,0.75,0.8333333333333334,0.9166666666666666,0.4166666666666667,0,0.0,0,12,0.0,26,1.0,33,0.75,0,1.0,5,1.0,0.05076923076923077,1.0,3.333333333333333,1.0,1.2692307692307692,0.5,0.6309297535714574,0.75,10,1.0,0.06060606060606061,1.0,0.3333333333333333,0.25,6,0.0,8,0.0,0.5615384615384615,1.0,0.5,1.0,1.0,0.5,0.5,0.5,1.0,0.9999999999999999,1.0,1.0
12,True,0.99375,0.7166666666666667,0.7857142857142857,,C:\Users\breis\Desktop\Software\pmo-dataset\bpmn\12.bpmn,22,26,0,1,0,0,1.0,1.0,1.0,1.0,1.0,1.0,1.0,1.0,1.0,0.9,1.0,1.0,1.0,1.0,1.0,1.0,0.7,0.8333333333333334,1.0,0.5833333333333334,0,0.0,0,10,0.0,22,1.0,26,0.75,0,1.0,8,0.75,0.05627705627705628,1.0,3.0,1.0,1.1818181818181819,0.5,0.6126016192893442,1.0,8,1.0,0.11538461538461539,1.0,0.4,0.5,5,0.25,4,0.0,0.538961038961039,1.0,0.5,1.0,1.0,0.5,0.5,0.5,1.0,1.0,1.0,1.0
13,True,1.0,0.8,0.7857142857142857,,C:\Users\breis\Desktop\Software\pmo-dataset\bpmn\13.bpmn,15,16,0,1,0,0,1.0,1.0,1.0,1.0,1.0,1.0,1.0,1.0,1.0,1.0,1.0,1.0,1.0,1.0,1.0,1.0,0.85,0.8333333333333334,1.0,0.4166666666666667,0,1.0,0,4,0.5,15,1.0,16,1.0,0,1.0,10,0.75,0.0761904761904762,1.0,3.0,1.0,1.0666666666666667,0.5,-0.0,1.0,4,1.0,0.3125,0.25,0.6923076923076923,0.5,2,0.5,0,1.0,0.5619047619047619,1.0,0.5,1.0,0.9999999999999999,0.5,0.5,0.5,1.0,0.9999999999999998,1.0,1.0
14,True,0.9375,0.8333333333333334,0.7857142857142857,,C:\Users\breis\Desktop\Software\pmo-dataset\bpmn\14.bpmn,14,14,0,1,0,0,1.0,1.0,1.0,1.0,1.0,1.0,1.0,1.0,1.0,0.0,1.0,1.0,1.0,1.0,1.0,1.0,0.85,0.8333333333333334,1.0,0.5833333333333334,0,1.0,0,2,0.75,14,1.0,14,1.0,0,1.0,13,0.5,0.07692307692307693,1.0,3.0,1.0,1.0,0.5,-0.0,1.0,2,1.0,0.5714285714285714,0.5,0.6666666666666666,0.5,1,0.75,0,1.0,0.6593406593406593,1.0,0.5,1.0,0.9999999999999999,0.5,0.5,0.5,1.0,0.9999999999999998,1.0,1.0
15,True,1.0,0.7166666666666667,0.7857142857142857,,C:\Users\breis\Desktop\Software\pmo-dataset\bpmn\15.bpmn,16,18,0,1,0,0,1.0,1.0,1.0,1.0,1.0,1.0,1.0,1.0,1.0,1.0,1.0,1.0,1.0,1.0,1.0,1.0,0.85,0.8333333333333334,0.9166666666666666,0.4166666666666667,0,0.0,0,4,0.5,16,1.0,18,1.0,0,1.0,8,0.75,0.075,1.0,3.5,1.0,1.125,0.5,0.6309297535714574,0.75,3,1.0,0.2777777777777778,0.25,0.6428571428571429,0.5,2,0.5,4,0.0,0.5541666666666667,1.0,0.5,1.0,1.0,0.5,0.5,0.5,1.0,1.0,1.0,1.0
16,True,0.9910714285714286,0.6166666666666667,0.7857142857142857,,C:\Users\breis\Desktop\Software\pmo-dataset\bpmn\16.bpmn,40,49,0,1,0,0,1.0,1.0,1.0,1.0,1.0,1.0,1.0,1.0,1.0,0.8571428571428572,1.0,1.0,1.0,1.0,1.0,1.0,0.5,0.8333333333333334,0.9166666666666666,0.5,0,0.0,0,14,0.0,40,0.75,49,0.5,0,1.0,18,0.25,0.03141025641025641,1.0,3.4285714285714284,1.0,1.225,0.5,0.6216097450797566,0.75,11,1.0,0.1836734693877551,1.0,0.5,0.5,7,0.0,12,0.0,0.5237179487179487,1.0,0.5,1.0,1.0,0.5,0.5,0.5,1.0,1.0,1.0,1.0
17,True,0.9955357142857143,0.6,0.7857142857142857,,C:\Users\breis\Desktop\Software\pmo-dataset\bpmn\17.bpmn,43,51,0,1,0,0,1.0,1.0,1.0,1.0,1.0,1.0,1.0,1.0,1.0,0.9285714285714286,1.0,1.0,1.0,1.0,1.0,1.0,0.5,0.8333333333333334,0.9166666666666666,0.4166666666666667,0,0.0,0,16,0.0,43,0.75,51,0.25,0,1.0,14,0.5,0.02823920265780731,1.0,3.125,1.0,1.186046511627907,0.5,0.5118595071429148,1.0,14,0.75,0.19607843137254902,1.0,0.12195121951219512,0.25,8,0.0,6,0.0,0.49280177187153934,1.0,0.5,1.0,1.0,0.5,0.5,0.5,1.0,1.0,1.0,1.0
18,True,0.9971590909090909,0.5666666666666667,0.7857142857142857,,C:\Users\breis\Desktop\Software\pmo-dataset\bpmn\18.bpmn,50,60,0,1,0,0,1.0,1.0,1.0,1.0,1.0,1.0,1.0,1.0,1.0,0.9545454545454546,1.0,1.0,1.0,1.0,1.0,1.0,0.4,0.8333333333333334,0.9166666666666666,0.4166666666666667,0,0.0,0,22,0.0,50,0.5,60,0.25,0,1.0,17,0.25,0.024489795918367346,1.0,3.0,1.0,1.2,0.5,0.5333570581245946,1.0,19,0.75,0.13333333333333333,1.0,0.16666666666666666,0.25,11,0.0,6,0.0,0.5228571428571429,1.0,0.5,1.0,1.0,0.5,0.5,0.5,1.0,1.0,1.0,1.0
19,True,0.9921875,0.6833333333333333,0.7857142857142857,,C:\Users\breis\Desktop\Software\pmo-dataset\bpmn\19.bpmn,18,21,0,1,0,0,1.0,1.0,1.0,1.0,1.0,1.0,1.0,1.0,1.0,0.875,1.0,1.0,1.0,1.0,1.0,1.0,0.7,0.8333333333333334,0.9166666666666666,0.5,0,0.0,0,8,0.0,18,1.0,21,0.75,0,1.0,8,0.75,0.06862745098039216,1.0,3.0,1.0,1.1666666666666667,0.5,0.6309297535714574,0.75,6,1.0,0.047619047619047616,1.0,0.3125,0.25,4,0.25,4,0.0,0.5490196078431373,1.0,0.5,1.0,1.0,0.5,0.5,0.5,1.0,1.0,1.0,1.0
20,True,1.0,0.7166666666666667,0.7857142857142857,,C:\Users\breis\Desktop\Software\pmo-dataset\bpmn\20.bpmn,22,26,0,1,0,0,1.0,1.0,1.0,1.0,1.0,1.0,1.0,1.0,1.0,1.0,1.0,1.0,1.0,1.0,1.0,1.0,0.7,0.8333333333333334,0.9166666666666666,0.6666666666666666,0,0.0,0,7,0.0,22,1.0,26,0.75,0,1.0,10,0.75,0.05627705627705628,1.0,3.4285714285714284,1.0,1.1818181818181819,0.5,0.6216097450797566,0.75,6,1.0,0.23076923076923078,1.0,0.45,0.5,3,0.5,6,0.0,0.47619047619047616,1.0,0.5,1.0,1.0,0.5,0.5,0.5,1.0,0.9999999999999999,1.0,1.0
21,True,0.9791666666666666,0.7166666666666667,0.7857142857142857,,C:\Users\breis\Desktop\Software\pmo-dataset\bpmn\21.bpmn,15,17,1,1,0,4,1.0,1.0,1.0,1.0,1.0,1.0,1.0,1.0,1.0,0.6666666666666667,1.0,1.0,1.0,1.0,1.0,1.0,0.85,0.8333333333333334,0.75,0.5833333333333334,0,0.0,0,6,0.25,15,1.0,17,1.0,0,1.0,6,1.0,0.08095238095238096,1.0,3.0,1.0,1.1333333333333333,0.5,0.920619835714305,0.25,6,1.0,0.11764705882352941,1.0,0.23076923076923078,0.25,3,0.5,2,0.0,0.4857142857142857,1.0,0.5,1.0,1.0,0.5,0.5,0.5,1.0,1.0,1.0,1.0
22,False,0.8836805555555556,0.85,0.7288110212638514,,C:\Users\breis\Desktop\Software\pmo-dataset\bpmn\22.bpmn,20,20,1,1,0,0,1.0,1.0,1.0,1.0,1.0,1.0,0.8888888888888888,1.0,1.0,0.0,1.0,1.0,0.25,1.0,1.0,1.0,0.85,0.8333333333333334,1.0,0.6666666666666666,0,1.0,0,3,0.75,20,1.0,20,0.75,0,1.0,8,0.75,0.05263157894736842,1.0,3.333333333333333,1.0,1.0,0.5,0.579380164285695,1.0,7,1.0,0.5,0.5,0.6666666666666666,0.5,0,1.0,0,1.0,0.36578947368421055,1.0,0.477124183006536,0.9509803921568627,0.8841719077568133,0.5,0.5,0.4313725490196078,0.9019607843137255,0.990566037735849,0.7777777777777778,1.0
23,False,1.0,0.7833333333333333,0.7146009049376207,,C:\Users\breis\Desktop\Software\pmo-dataset\bpmn\23.bpmn,16,19,3,3,6,0,1.0,1.0,1.0,1.0,1.0,1.0,1.0,1.0,1.0,1.0,1.0,1.0,1.0,1.0,1.0,1.0,0.85,0.8333333333333334,1.0,0.3333333333333333,0,1.0,0,4,0.5,16,1.0,16,1.0,6,0.75,4,1.0,0.06666666666666667,1.0,3.0,1.0,1.0,0.5,-0.0,1.0,4,1.0,0.47368421052631576,0.25,0.2857142857142857,0.25,2,0.5,0,1.0,0.3,1.0,0.4636574074074074,0.9333333333333333,0.8722837228372282,0.5,0.5,0.3909722222222222,0.8666666666666667,0.9667896678966788,0.7777777777777778,1.0
24,False,0.875,0.7833333333333333,0.7425858769741623,,C:\Users\breis\Desktop\Software\pmo-dataset\bpmn\24.bpmn,30,37,3,3,10,0,1.0,1.0,1.0,1.0,1.0,1.0,1.0,1.0,0.0,0.0,1.0,1.0,1.0,1.0,1.0,1.0,0.75,0.6666666666666666,1.0,0.6666666666666666,0,1.0,0,1,1.0,30,0.75,28,0.75,10,0.5,12,0.75,0.03218390804597701,1.0,4.0,0.5,0.9333333333333333,0.5,-0.0,1.0,2,1.0,0.8918918918918919,0.75,0.32142857142857145,0.25,0,1.0,0,1.0,0.21724137931034482,1.0,0.48563218390804597,0.9684684684684685,0.9021338250790305,0.5,0.5,0.45689655172413796,0.9369369369369369,0.9965753424657534,0.8076923076923077,1.0
25,False,0.9505208333333334,0.6333333333333333,0.7857142857142857,,C:\Users\breis\Desktop\Software\pmo-dataset\bpmn\25.bpmn,32,39,0,1,0,0,1.0,1.0,1.0,1.0,1.0,1.0,1.0,1.0,1.0,0.875,1.0,1.0,1.0,0.33333333333333337,1.0,1.0,0.6,0.8333333333333334,0.9166666666666666,0.4166666666666667,0,0.0,0,16,0.0,32,0.75,39,0.5,0,1.0,11,0.75,0.03931451612903226,1.0,3.0,1.0,1.21875,0.5,0.5118595071429148,1.0,14,0.75,0.07692307692307693,1.0,0.16666666666666666,0.25,8,0.0,4,0.0,0.8860887096774194,1.0,0.5,1.0,1.0,0.5,0.5,0.5,1.0,1.0000000000000002,1.0,1.0
26,True,0.9238782051282052,0.7333333333333333,0.7623382662405397,,C:\Users\breis\Desktop\Software\pmo-dataset\bpmn\26.bpmn,22,26,0,1,0,0,1.0,1.0,1.0,1.0,1.0,1.0,0.9166666666666666,1.0,1.0,0.75,1.0,1.0,1.0,0.11538461538461542,1.0,1.0,0.75,0.8333333333333334,0.9166666666666666,0.6666666666666666,0,0.0,0,8,0.0,22,1.0,26,0.75,0,1.0,6,1.0,0.05627705627705628,1.0,3.0,1.0,1.1818181818181819,0.5,0.6309297535714574,0.75,8,1.0,0.11538461538461539,1.0,0.4,0.5,3,0.5,4,0.0,0.6645021645021645,1.0,0.46428571428571425,0.9776936026936027,0.9940617577197148,0.4642857142857143,0.4642857142857143,0.4642857142857143,0.9553872053872053,0.9881235154394298,1.0,1.0
27,True,0.9654605263157895,0.65,0.7857142857142857,,C:\Users\breis\Desktop\Software\pmo-dataset\bpmn\27.bpmn,33,44,0,1,0,0,1.0,1.0,1.0,1.0,1.0,1.0,1.0,1.0,1.0,0.9473684210526316,1.0,1.0,1.0,0.5,1.0,1.0,0.65,0.8333333333333334,0.9166666666666666,0.4166666666666667,0,0.0,0,20,0.0,33,0.75,44,0.5,0,1.0,5,1.0,0.041666666666666664,1.0,3.2,1.0,1.3333333333333333,0.5,0.29590327428938457,1.0,21,0.75,0.022727272727272728,1.0,0.0967741935483871,0.25,10,0.0,2,0.0,0.3134469696969697,1.0,0.5,1.0,1.0,0.5,0.5,0.5,1.0,0.9999999999999999,1.0,1.0
28,True,0.9464285714285714,0.6166666666666667,0.7857142857142857,,C:\Users\breis\Desktop\Software\pmo-dataset\bpmn\28.bpmn,29,35,0,1,0,0,1.0,1.0,1.0,1.0,1.0,1.0,1.0,1.0,1.0,1.0,1.0,1.0,1.0,0.1428571428571429,1.0,1.0,0.65,0.8333333333333334,0.6666666666666666,0.5,0,0.0,0,12,0.0,29,1.0,35,0.5,0,1.0,10,0.75,0.04310344827586207,1.0,3.1666666666666665,1.0,1.206896551724138,0.5,0.920619835714305,0.25,14,0.75,0.02857142857142857,1.0,0.5185185185185185,0.5,6,0.0,6,0.0,0.5307881773399015,1.0,0.5,1.0,1.0,0.5,0.5,0.5,1.0,1.0,1.0,1.0
29,True,0.935625,0.6,0.7599471057035084,,C:\Users\breis\Desktop\Software\pmo-dataset\bpmn\29.bpmn,35,50,0,1,0,0,1.0,1.0,1.0,1.0,1.0,1.0,1.0,1.0,0.8333333333333334,0.9166666666666666,1.0,1.0,1.0,0.21999999999999997,1.0,1.0,0.65,0.5,0.9166666666666666,0.5,0,0.0,0,12,0.0,35,0.75,50,0.5,0,1.0,7,1.0,0.04201680672268908,1.0,4.666666666666666,0.0,1.4285714285714286,0.5,0.41011848630651804,1.0,17,0.75,0.06,1.0,0.18181818181818182,0.25,5,0.25,12,0.0,0.7294117647058823,1.0,0.46247412008281574,0.9769732550554469,0.9891304347826086,0.45652173913043476,0.45652173913043476,0.47437888198757766,0.9539465101108937,0.9782608695652174,1.0,1.0
30,False,0.9428418803418803,0.6666666666666666,0.7857142857142857,,C:\Users\breis\Desktop\Software\pmo-dataset\bpmn\30.bpmn,22,26,0,1,0,0,1.0,1.0,1.0,1.0,1.0,1.0,0.7777777777777778,1.0,1.0,1.0,1.0,1.0,1.0,0.3076923076923077,1.0,1.0,0.65,0.8333333333333334,1.0,0.4166666666666667,0,0.0,0,8,0.0,22,1.0,26,0.75,0,1.0,13,0.5,0.05627705627705628,1.0,3.0,1.0,1.1818181818181819,0.5,0.5118595071429148,1.0,9,1.0,0.2692307692307692,0.25,0.5,0.5,3,0.5,2,0.0,0.512987012987013,1.0,0.5,1.0,1.0,0.5,0.5,0.5,1.0,1.0000000000000002,1.0,1.0
31,True,0.9505208333333334,0.6333333333333333,0.7857142857142857,,C:\Users\breis\Desktop\Software\pmo-dataset\bpmn\31.bpmn,32,40,0,1,0,0,1.0,1.0,1.0,1.0,1.0,1.0,1.0,1.0,1.0,0.9333333333333333,1.0,1.0,1.0,0.275,1.0,1.0,0.6,0.8333333333333334,0.9166666666666666,0.4166666666666667,0,0.0,0,15,0.0,32,0.75,40,0.5,0,1.0,9,0.75,0.04032258064516129,1.0,3.2,1.0,1.25,0.5,0.6289054987282648,0.75,12,1.0,0.025,1.0,0.2,0.25,7,0.0,10,0.0,0.5060483870967742,1.0,0.5,1.0,1.0,0.5,0.5,0.5,1.0,1.0,1.0,1.0
32,True,0.9691119691119691,0.6,0.7665273626574919,,C:\Users\breis\Desktop\Software\pmo-dataset\bpmn\32.bpmn,31,37,1,1,0,3,1.0,1.0,1.0,1.0,1.0,1.0,1.0,1.0,1.0,0.8571428571428572,1.0,1.0,1.0,0.6486486486486487,1.0,1.0,0.6,0.8333333333333334,0.75,0.4166666666666667,0,0.0,0,14,0.0,31,0.75,37,0.5,0,1.0,9,0.75,0.03978494623655914,1.0,3.0,1.0,1.1935483870967742,0.5,0.8699155297736259,0.5,13,0.75,0.08108108108108109,1.0,0.27586206896551724,0.25,7,0.0,4,0.0,0.5967741935483871,1.0,0.4735294117647058,0.9800704486466445,0.9924812030075187,0.475,0.475,0.47058823529411764,0.9601408972932889,0.9849624060150374,1.0,1.0
33,True,0.9379310344827586,0.7166666666666667,0.7813121717179918,,C:\Users\breis\Desktop\Software\pmo-dataset\bpmn\33.bpmn,25,29,0,1,0,0,1.0,1.0,1.0,1.0,1.0,1.0,1.0,1.0,1.0,0.8,1.0,1.0,1.0,0.2068965517241379,1.0,1.0,0.7,0.8333333333333334,1.0,0.5833333333333334,0,0.0,0,10,0.0,25,1.0,29,0.75,0,1.0,12,0.75,0.04833333333333333,1.0,3.0,1.0,1.16,0.5,0.45548591500359514,1.0,9,1.0,0.13793103448275862,1.0,0.391304347826087,0.5,5,0.25,2,0.0,0.5383333333333333,1.0,0.4962962962962963,0.9912280701754386,0.9989200863930886,0.5,0.5,0.4888888888888889,0.9824561403508771,0.9978401727861772,1.0,1.0
34,True,0.9568965517241379,0.7166666666666667,0.7857142857142857,,C:\Users\breis\Desktop\Software\pmo-dataset\bpmn\34.bpmn,23,29,0,1,0,0,1.0,1.0,1.0,1.0,1.0,1.0,1.0,1.0,1.0,1.0,1.0,1.0,1.0,0.31034482758620685,1.0,1.0,0.75,0.8333333333333334,1.0,0.5,0,0.0,0,10,0.0,23,1.0,29,0.75,0,1.0,6,1.0,0.05731225296442688,1.0,3.4000000000000004,1.0,1.2608695652173914,0.5,0.45548591500359514,1.0,9,1.0,0.10344827586206896,1.0,0.14285714285714285,0.25,5,0.25,6,0.0,0.9209486166007905,1.0,0.5,1.0,1.0,0.5,0.5,0.5,1.0,1.0,1.0,1.0
35,True,0.9010416666666666,0.7166666666666667,0.7702581032412965,,C:\Users\breis\Desktop\Software\pmo-dataset\bpmn\35.bpmn,18,21,0,1,0,0,1.0,1.0,1.0,1.0,1.0,1.0,0.9166666666666666,1.0,1.0,0.5,1.0,1.0,1.0,0.0,1.0,1.0,0.8,0.8333333333333334,0.9166666666666666,0.5,0,0.0,0,4,0.5,18,1.0,21,0.75,0,1.0,12,0.75,0.06862745098039216,1.0,3.5,1.0,1.1666666666666667,0.5,0.6309297535714574,0.75,5,1.0,0.3333333333333333,0.25,0.625,0.5,1,0.75,4,0.0,0.545751633986928,1.0,0.4900793650793651,0.9607843137254902,1.0,0.5,0.5,0.47023809523809523,0.9215686274509804,0.9999999999999999,1.0,1.0
36,False,0.9094150641025641,0.6,0.774215686314836,,C:\Users\breis\Desktop\Software\pmo-dataset\bpmn\36.bpmn,30,39,0,1,0,0,1.0,1.0,1.0,1.0,1.0,1.0,0.9,1.0,1.0,0.625,1.0,1.0,1.0,0.02564102564102566,1.0,1.0,0.6,0.5,0.9166666666666666,0.5833333333333334,0,0.0,0,8,0.0,30,0.75,39,0.5,0,1.0,8,0.75,0.04482758620689655,1.0,4.25,0.0,1.3,0.5,0.6309297535714574,0.75,11,1.0,0.15384615384615385,1.0,0.25,0.25,3,0.5,8,0.0,0.4850574712643678,1.0,0.48106060606060613,0.9918458781362007,0.9963181148748159,0.4772727272727273,0.4772727272727273,0.48863636363636365,0.9836917562724015,0.9926362297496318,1.0,1.0
37,True,0.9407196969696969,0.7166666666666667,0.7857142857142857,,C:\Users\breis\Desktop\Software\pmo-dataset\bpmn\37.bpmn,23,30,0,1,0,0,1.0,1.0,1.0,1.0,1.0,1.0,0.9,1.0,1.0,0.8181818181818181,1.0,1.0,1.0,0.33333333333333337,1.0,1.0,0.75,0.8333333333333334,1.0,0.5,0,0.0,0,11,0.0,23,1.0,30,0.75,0,1.0,6,1.0,0.05928853754940711,1.0,3.3636363636363638,1.0,1.3043478260869565,0.5,0.29590327428938457,1.0,12,1.0,0.03333333333333333,1.0,0.2857142857142857,0.25,4,0.25,4,0.0,0.6521739130434783,1.0,0.5,1.0,1.0,0.5,0.5,0.5,1.0,1.0000000000000002,1.0,1.0
38,False,0.9117445054945055,0.7,0.7857142857142857,,C:\Users\breis\Desktop\Software\pmo-dataset\bpmn\38.bpmn,23,26,3,1,4,2,1.0,1.0,1.0,1.0,1.0,1.0,1.0,1.0,1.0,0.8571428571428572,1.0,1.0,1.0,0.23076923076923073,0.5,1.0,0.65,0.8333333333333334,1.0,0.5833333333333334,0,0.0,0,8,0.0,23,1.0,26,0.75,4,0.75,10,0.75,0.05138339920948617,1.0,3.0,1.0,1.1304347826086956,0.5,0.5118595071429148,1.0,7,1.0,0.23076923076923078,1.0,0.5238095238095238,0.5,4,0.25,2,0.0,0.5652173913043478,1.0,0.5,1.0,1.0,0.5,0.5,0.5,1.0,0.9999999999999999,1.0,1.0
39,True,0.957971256684492,0.65,0.7857142857142857,,C:\Users\breis\Desktop\Software\pmo-dataset\bpmn\39.bpmn,35,44,0,1,0,0,1.0,1.0,1.0,1.0,1.0,1.0,1.0,1.0,1.0,0.9411764705882353,1.0,1.0,1.0,0.38636363636363635,1.0,1.0,0.6,0.8333333333333334,0.9166666666666666,0.5,0,0.0,0,18,0.0,35,0.75,44,0.5,0,1.0,10,0.75,0.03697478991596639,1.0,3.1111111111111107,1.0,1.2571428571428571,0.5,0.3175206571427802,1.0,17,0.75,0.06818181818181818,1.0,0.42424242424242425,0.5,9,0.0,4,0.0,0.5243697478991597,1.0,0.5,1.0,1.0,0.5,0.5,0.5,1.0,1.0,1.0,1.0
40,True,0.9441964285714286,0.7166666666666667,0.7857142857142857,,C:\Users\breis\Desktop\Software\pmo-dataset\bpmn\40.bpmn,20,24,0,1,0,0,1.0,1.0,1.0,1.0,1.0,1.0,1.0,1.0,1.0,0.8571428571428572,1.0,1.0,1.0,0.25,1.0,1.0,0.75,0.8333333333333334,1.0,0.5,0,0.0,0,8,0.0,20,1.0,24,0.75,0,1.0,4,1.0,0.06315789473684211,1.0,3.25,1.0,1.2,0.5,0.5118595071429148,1.0,7,1.0,0.08333333333333333,1.0,0.2777777777777778,0.25,4,0.25,4,0.0,0.5394736842105263,1.0,0.5,1.0,1.0,0.5,0.5,0.5,1.0,0.9999999999999999,1.0,1.0
41,True,0.879102564102564,0.6833333333333333,0.7519108432995308,,C:\Users\breis\Desktop\Software\pmo-dataset\bpmn\41.bpmn,21,25,0,1,0,0,1.0,1.0,1.0,1.0,1.0,1.0,0.6923076923076923,1.0,1.0,0.33333333333333337,1.0,1.0,1.0,0.040000000000000036,1.0,1.0,0.7,0.8333333333333334,1.0,0.4166666666666667,0,0.0,0,6,0.25,21,1.0,25,0.75,0,1.0,14,0.5,0.05952380952380952,1.0,3.0,1.0,1.1904761904761905,0.5,0.579380164285695,1.0,9,1.0,0.32,0.25,0.3157894736842105,0.25,1,0.75,2,0.0,0.5642857142857143,1.0,0.44722222222222224,0.9735449735449735,0.9873096446700508,0.43333333333333335,0.43333333333333335,0.475,0.9470899470899471,0.9746192893401016,1.0,1.0
42,False,0.9104166666666667,0.7833333333333333,0.7857142857142857,,C:\Users\breis\Desktop\Software\pmo-dataset\bpmn\42.bpmn,16,18,0,1,0,0,1.0,1.0,1.0,1.0,1.0,1.0,1.0,1.0,1.0,0.4,1.0,1.0,1.0,0.16666666666666663,1.0,1.0,0.85,0.8333333333333334,1.0,0.6666666666666666,0,0.0,0,5,0.5,16,1.0,18,1.0,0,1.0,11,0.75,0.075,1.0,3.0,1.0,1.125,0.5,0.6126016192893442,1.0,5,1.0,0.2222222222222222,1.0,0.5714285714285714,0.5,2,0.5,2,0.0,0.6041666666666666,1.0,0.5,1.0,1.0,0.5,0.5,0.5,1.0,1.0,1.0,1.0
43,True,0.8895192307692308,0.7166666666666667,0.751534016761948,,C:\Users\breis\Desktop\Software\pmo-dataset\bpmn\43.bpmn,21,25,0,1,0,0,1.0,1.0,1.0,1.0,1.0,1.0,0.6923076923076923,1.0,1.0,0.5,1.0,1.0,1.0,0.040000000000000036,1.0,1.0,0.75,0.8333333333333334,1.0,0.5,0,0.0,0,6,0.25,21,1.0,25,0.75,0,1.0,10,0.75,0.05952380952380952,1.0,3.0,1.0,1.1904761904761905,0.5,0.579380164285695,1.0,9,1.0,0.32,0.25,0.5789473684210527,0.5,1,0.75,2,0.0,0.6071428571428571,1.0,0.4481481481481482,0.9745196324143692,0.9836272040302267,0.43333333333333335,0.43333333333333335,0.4777777777777778,0.9490392648287385,0.9672544080604534,1.0,1.0
44,False,0.9403211805555556,0.6833333333333333,0.7857142857142857,,C:\Users\breis\Desktop\Software\pmo-dataset\bpmn\44.bpmn,28,32,0,1,0,0,1.0,1.0,1.0,1.0,1.0,1.0,1.0,1.0,1.0,0.8888888888888888,1.0,1.0,1.0,0.15625,1.0,1.0,0.65,0.8333333333333334,1.0,0.5,0,0.0,0,10,0.0,28,1.0,32,0.75,0,1.0,14,0.5,0.042328042328042326,1.0,3.0,1.0,1.1428571428571428,0.5,0.6126016192893442,1.0,8,1.0,0.21875,1.0,0.34615384615384615,0.25,5,0.25,4,0.0,0.5277777777777778,1.0,0.5,1.0,0.9999999999999999,0.5,0.5,0.5,1.0,0.9999999999999998,1.0,1.0
45,True,0.9499521072796935,0.7166666666666667,0.7857142857142857,,C:\Users\breis\Desktop\Software\pmo-dataset\bpmn\45.bpmn,25,29,0,1,0,0,1.0,1.0,1.0,1.0,1.0,1.0,1.0,1.0,1.0,0.8888888888888888,1.0,1.0,1.0,0.31034482758620685,1.0,1.0,0.75,0.8333333333333334,1.0,0.5,0,0.0,0,10,0.0,25,1.0,29,0.75,0,1.0,4,1.0,0.04833333333333333,1.0,3.0,1.0,1.16,0.5,0.6126016192893442,1.0,8,1.0,0.1724137931034483,1.0,0.17391304347826086,0.25,5,0.25,4,0.0,0.5583333333333333,1.0,0.5,1.0,1.0,0.5,0.5,0.5,1.0,0.9999999999999999,1.0,1.0
46,True,0.9310417843026538,0.7166666666666667,0.7805340845595082,,C:\Users\breis\Desktop\Software\pmo-dataset\bpmn\46.bpmn,20,23,0,1,0,0,1.0,1.0,1.0,1.0,1.0,1.0,0.9090909090909091,1.0,1.0,0.8571428571428572,1.0,1.0,1.0,0.13043478260869568,1.0,1.0,0.7,0.8333333333333334,1.0,0.5833333333333334,0,0.0,0,7,0.0,20,1.0,23,0.75,0,1.0,8,0.75,0.060526315789473685,1.0,3.0,1.0,1.15,0.5,0.5445684476282007,1.0,7,1.0,0.21739130434782608,1.0,0.3333333333333333,0.25,3,0.5,2,0.0,0.7236842105263158,1.0,0.49572649572649574,0.9895833333333333,0.998696219035202,0.5,0.5,0.48717948717948717,0.9791666666666666,0.997392438070404,1.0,1.0
47,True,0.9493963068181818,0.6833333333333333,0.7857142857142857,,C:\Users\breis\Desktop\Software\pmo-dataset\bpmn\47.bpmn,27,32,0,1,0,0,1.0,1.0,1.0,1.0,1.0,1.0,1.0,1.0,1.0,0.9090909090909091,1.0,1.0,1.0,0.28125,1.0,1.0,0.7,0.8333333333333334,1.0,0.4166666666666667,0,0.0,0,12,0.0,27,1.0,32,0.75,0,1.0,8,0.75,0.045584045584045586,1.0,3.0,1.0,1.1851851851851851,0.5,0.41011848630651804,1.0,11,1.0,0.09375,1.0,0.08,0.25,6,0.0,2,0.0,0.5498575498575499,1.0,0.5,1.0,1.0,0.5,0.5,0.5,1.0,1.0,1.0,1.0
48,True,0.9475,0.7,0.7156994008497769,,C:\Users\breis\Desktop\Software\pmo-dataset\bpmn\48.bpmn,21,25,0,1,0,0,1.0,1.0,1.0,1.0,1.0,1.0,1.0,1.0,1.0,1.0,1.0,1.0,1.0,0.16000000000000003,1.0,1.0,0.7,0.8333333333333334,0.9166666666666666,0.5833333333333334,0,0.0,0,8,0.0,21,1.0,25,0.75,0,1.0,8,0.75,0.05952380952380952,1.0,3.25,1.0,1.1904761904761905,0.5,0.6309297535714574,0.75,6,1.0,0.12,1.0,0.5263157894736842,0.5,4,0.25,6,0.0,0.5928571428571429,1.0,0.4322649572649573,0.9523809523809523,0.9041695146958305,0.4230769230769231,0.4230769230769231,0.45064102564102565,0.9047619047619048,0.9662337662337663,0.8421052631578947,1.0
49,True,1.0,0.7333333333333333,0.7362860826468421,,C:\Users\breis\Desktop\Software\pmo-dataset\bpmn\49.bpmn,18,20,0,1,0,0,1.0,1.0,1.0,1.0,1.0,1.0,1.0,1.0,1.0,1.0,1.0,1.0,1.0,1.0,1.0,1.0,0.75,0.8333333333333334,1.0,0.5833333333333334,0,0.0,0,6,0.25,18,1.0,20,0.75,0,1.0,8,0.75,0.06535947712418301,1.0,3.0,1.0,1.1111111111111112,0.5,0.579380164285695,1.0,5,1.0,0.25,1.0,0.3125,0.25,3,0.5,2,0.0,0.6437908496732027,1.0,0.42361111111111116,0.9574074074074075,0.9841772151898734,0.4166666666666667,0.4166666666666667,0.4375,0.9148148148148149,0.9683544303797469,1.0,1.0
50,True,0.9375,0.8333333333333334,0.7244451636975001,,C:\Users\breis\Desktop\Software\pmo-dataset\bpmn\50.bpmn,11,11,0,1,0,0,1.0,1.0,1.0,1.0,1.0,1.0,1.0,1.0,1.0,0.0,1.0,1.0,1.0,1.0,1.0,1.0,0.9,0.8333333333333334,1.0,0.5,0,1.0,0,2,0.75,11,1.0,11,1.0,0,1.0,11,0.75,0.1,1.0,3.0,1.0,1.0,0.5,-0.0,1.0,2,1.0,0.45454545454545453,0.25,0.5555555555555556,0.5,1,0.75,0,1.0,0.7363636363636363,1.0,0.40740740740740744,0.9478114478114479,0.9766355140186915,0.3888888888888889,0.3888888888888889,0.4444444444444444,0.8956228956228957,0.9532710280373832,1.0,1.0
51,True,1.0,0.85,0.7220169677066229,,C:\Users\breis\Desktop\Software\pmo-dataset\bpmn\51.bpmn,12,12,0,1,0,0,1.0,1.0,1.0,1.0,1.0,1.0,1.0,1.0,1.0,1.0,1.0,1.0,1.0,1.0,1.0,1.0,0.9,0.8333333333333334,1.0,0.5833333333333334,0,1.0,0,2,0.75,12,1.0,12,1.0,0,1.0,8,0.75,0.09090909090909091,1.0,3.0,1.0,1.0,0.5,-0.0,1.0,2,1.0,0.5,0.5,0.6,0.5,1,0.75,0,1.0,0.5606060606060606,1.0,0.4083333333333334,0.9361111111111111,0.978448275862069,0.4,0.4,0.425,0.8722222222222222,0.9568965517241378,1.0,1.0
52,True,1.0,0.8833333333333333,0.6799719887955182,,C:\Users\breis\Desktop\Software\pmo-dataset\bpmn\52.bpmn,8,8,0,1,0,0,1.0,1.0,1.0,1.0,1.0,1.0,1.0,1.0,1.0,1.0,1.0,1.0,1.0,1.0,1.0,1.0,0.95,0.75,1.0,0.75,0,1.0,0,2,0.75,8,1.0,8,1.0,0,1.0,5,1.0,0.14285714285714285,0.75,3.0,1.0,1.0,0.5,-0.0,1.0,2,1.0,0.25,1.0,0.6666666666666666,0.5,1,0.75,0,1.0,0.625,1.0,0.34722222222222215,0.8958333333333333,0.9632352941176471,0.3333333333333333,0.3333333333333333,0.375,0.7916666666666666,0.9264705882352942,1.0,1.0
53,True,1.0,0.8833333333333333,0.6799719887955182,,C:\Users\breis\Desktop\Software\pmo-dataset\bpmn\53.bpmn,8,8,0,1,0,0,1.0,1.0,1.0,1.0,1.0,1.0,1.0,1.0,1.0,1.0,1.0,1.0,1.0,1.0,1.0,1.0,0.95,0.75,1.0,0.75,0,1.0,0,2,0.75,8,1.0,8,1.0,0,1.0,5,1.0,0.14285714285714285,0.75,3.0,1.0,1.0,0.5,-0.0,1.0,2,1.0,0.25,1.0,0.6666666666666666,0.5,1,0.75,0,1.0,0.625,1.0,0.34722222222222215,0.8958333333333333,0.9632352941176471,0.3333333333333333,0.3333333333333333,0.375,0.7916666666666666,0.9264705882352942,1.0,1.0
54,True,1.0,0.9333333333333333,0.6635307781649245,,C:\Users\breis\Desktop\Software\pmo-dataset\bpmn\54.bpmn,5,4,0,1,0,0,1.0,1.0,1.0,1.0,1.0,1.0,1.0,1.0,1.0,1.0,1.0,1.0,1.0,1.0,1.0,1.0,1.0,0.8333333333333334,1.0,0.8333333333333334,0,1.0,0,0,1.0,5,1.0,4,1.0,0,1.0,5,1.0,0.2,0.75,0.0,1.0,0.8,0.75,0.0,1.0,0,1.0,1.0,0.75,1.0,0.75,0,1.0,0,1.0,0.75,1.0,0.3333333333333333,0.8833333333333333,0.9390243902439024,0.3,0.3,0.4,0.7666666666666667,0.8780487804878048,1.0,1.0
55,True,1.0,0.7,0.7684898217581758,,C:\Users\breis\Desktop\Software\pmo-dataset\bpmn\55.bpmn,38,42,0,1,0,0,1.0,1.0,1.0,1.0,1.0,1.0,1.0,1.0,1.0,1.0,1.0,1.0,1.0,1.0,1.0,1.0,0.55,0.8333333333333334,1.0,0.4166666666666667,0,1.0,0,7,0.0,38,0.75,42,0.5,0,1.0,15,0.5,0.029871977240398292,1.0,3.4285714285714284,1.0,1.105263157894737,0.5,-0.0,1.0,9,1.0,0.47619047619047616,0.25,0.5833333333333334,0.5,3,0.5,0,1.0,0.5896159317211949,1.0,0.4731182795698925,0.9860902255639098,0.9939467312348669,0.46774193548387094,0.46774193548387094,0.4838709677419355,0.9721804511278196,0.9878934624697336,1.0,1.0
