item_generated,item_reference,direction
01,28,forward
02,29,forward
03,30,forward
04,31,forward
05,32,forward
06,33,forward
07,34,forward
08,35,forward
09,36,forward
10,37,forward
11,38,forward
12,39,forward
13,40,forward
14,41,forward
15,42,forward
16,43,forward
17,44,forward
18,45,forward
19,46,forward
20,47,forward
21,48,forward
22,49,forward
23,50,forward
24,51,forward
25,52,forward
26,53,forward
27,54,forward
28,55,forward
29,01,forward
30,02,forward
31,03,forward
32,04,forward
33,05,forward
34,06,forward
35,07,forward
36,08,forward
37,09,forward
38,10,forward
39,11,forward
40,12,forward
41,13,forward
42,14,forward
43,15,forward
44,16,forward
45,17,forward
46,18,forward
47,19,forward
48,20,forward
49,21,forward
50,22,forward
51,23,forward
52,24,forward
53,25,forward
54,26,forward
55,27,forward
