item_id,is_few_shot_exemplar,ground_truth_path,quality_note,syn_score,syn_checks_passed,syn_checks_total,syn_bef_score,syn_size_score,prag_score,sem_score,syn_bef_existence_start_event,syn_bef_existence_end_event,syn_bef_one_start_event_per_process,syn_bef_one_start_event_per_process_conforming,syn_bef_one_start_event_per_process_covered,syn_bef_one_end_event_per_process,syn_bef_one_end_event_per_process_conforming,syn_bef_one_end_event_per_process_covered,syn_bef_adapted_sequence_flow_connection_rules,syn_bef_start_event_in_out_degree,syn_bef_start_event_in_out_degree_conforming,syn_bef_start_event_in_out_degree_covered,syn_bef_end_event_in_out_degree,syn_bef_end_event_in_out_degree_conforming,syn_bef_end_event_in_out_degree_covered,syn_bef_split_has_matching_join,syn_bef_split_has_matching_join_conforming,syn_bef_split_has_matching_join_covered,syn_bef_labeled_tasks,syn_bef_labeled_tasks_conforming,syn_bef_labeled_tasks_covered,syn_bef_task_in_out_degree,syn_bef_task_in_out_degree_conforming,syn_bef_task_in_out_degree_covered,syn_bef_gateway_in_out_degree,syn_bef_gateway_in_out_degree_conforming,syn_bef_gateway_in_out_degree_covered,syn_bef_metrics_total,syn_bef_metrics_perfect,syn_bef_metrics_applicable,syn_bef_n_processes,syn_bef_n_pools,syn_extra_connected_nodes,syn_extra_connected_nodes_conforming,syn_extra_connected_nodes_covered,syn_extra_event_gateway_predecessor_successor,syn_extra_event_gateway_predecessor_successor_conforming,syn_extra_event_gateway_predecessor_successor_covered,syn_has_start_event,syn_has_end_event,syn_single_start_event,syn_single_end_event,syn_start_in0_out1,syn_tasks_labeled,syn_task_in1_out1,syn_split_in1_outN,syn_join_inN_out1,syn_split_has_matching_join,syn_sequence_flow_connection_rules,syn_n_start_events,syn_n_end_events,syn_n_tasks,syn_n_gateways,syn_n_nodes,syn_n_edges,syn_n_unlabeled_tasks,syn_n_placeholder_labels,syn_n_malformed_tasks,syn_n_splits,syn_n_joins,syn_n_bad_splits,syn_n_bad_joins,syn_n_gateways_degenerate,syn_n_gateways_mixed,syn_n_unmatched_splits,syn_n_event_based_splits,syn_n_intermediate_events,syn_n_events_unclassified,syn_n_nodes_unclassified,syn_n_sequence_flows,syn_n_valid_sequence_flows,syn_n_invalid_sequence_flows,syn_n_flows_from_end_event,syn_n_flows_into_start_event,syn_n_duplicate_flows,syn_n_flows_unclassified_endpoint,syn_correct,syn_correct_functions,syn_correct_gateways,syn_correct_start_end,syn_correct_directed,syn_correct_connected,syn_n_malformed_functions,syn_n_unwired_gateways,syn_n_components,syn_tnn,syn_tnn_score,syn_tng,syn_tng_score,syn_tnsf,syn_tnsf_score,syn_diameter,syn_diameter_score,syn_diameter_nogw,syn_diameter_nogw_score,syn_diameter_truncated,prag_tnn,prag_tnn_score,prag_tng,prag_tng_score,prag_tnsf,prag_tnsf_score,prag_diameter_nogw,prag_diameter_nogw_score,prag_density,prag_density_score,prag_agd,prag_agd_score,prag_cnc,prag_cnc_score,prag_gh,prag_gh_score,prag_cfc,prag_cfc_score,prag_cc,prag_cc_score,prag_sequentiality,prag_sequentiality_score,prag_separability,prag_separability_score,prag_depth,prag_depth_score,prag_token_split,prag_token_split_score,prag_group_size_score,prag_group_density_score,prag_group_connector_interplay_score,prag_group_partitionability_score,prag_group_cyclicity_score,prag_group_concurrency_score,prag_group_other_score,prag_n_metrics_measured,prag_n_metrics_total,prag_n_splits,prag_n_joins,prag_n_gw_exclusive,prag_n_gw_parallel,prag_n_gw_inclusive,prag_n_gw_eventbased,prag_n_gateways_type_defaulted,prag_n_cut_vertices,prag_n_flows_outside_fo,prag_n_self_loops,prag_diameter,prag_diameter_score,prag_diameter_truncated,prag_depth_truncated,sem_label_sim_syntactic,sem_label_sim_semantic,sem_graph_edit_distance,sem_common_nodes_edges,sem_group_natural_language_score,sem_group_graph_structure_score,sem_n_metrics_measured,sem_n_metrics_total,sem_n_label_nodes_generated,sem_n_label_nodes_reference,sem_n_nodes_matched,sem_ged_operations,sem_ged_truncated,sem_n_skeleton_edges_generated,sem_n_skeleton_edges_reference,sem_n_edges_matched,sem_wordnet,val_score,val_dot_valid,val_dot_error,val_dot_checker,bef_xsd_valid,bef_syn_score,bef_prag_score,bef_sem_score,bef_error,bpmn_path,bef_n_nodes,bef_n_edges,bef_n_pools,bef_n_processes,bef_n_message_flows,bef_n_lanes,bef_syn_existence_start_event,bef_syn_existence_end_event,bef_syn_start_event_in_out_degree,bef_syn_end_event_in_out_degree,bef_syn_labeled_tasks,bef_syn_connected_nodes,bef_syn_tasks_in_outdegree,bef_syn_intermediate_event_in_out_degree,bef_syn_gateway_in_out_degree,bef_syn_pair_gateways,bef_syn_event_gateway_predecessor_successor_wrong,bef_syn_one_start_event,bef_syn_one_end_event,bef_syn_wrong_sequence_flow,bef_syn_wrong_message_flow,bef_syn_one_process_in_pool,bef_prag_group_size,bef_prag_group_density,bef_prag_group_connector_interplay,bef_prag_group_partionability,bef_prag_group_cyclicity,bef_prag_group_concurrency,bef_prag_group_other_metrics,bef_prag_total_numbers_of_gateways,bef_prag_total_numbers_of_gateways_score,bef_prag_total_numbers_of_nodes,bef_prag_total_numbers_of_nodes_score,bef_prag_total_numbers_of_sequence_flows,bef_prag_total_numbers_of_sequence_flows_score,bef_prag_total_numbers_of_message_flows,bef_prag_total_numbers_of_message_flows_score,bef_prag_diameter,bef_prag_diameter_score,bef_prag_density,bef_prag_density_score,bef_prag_average_gateway_degree,bef_prag_average_gateway_degree_score,bef_prag_connectivity_coefficient,bef_prag_connectivity_coefficient_score,bef_prag_gateway_heterogeneity,bef_prag_gateway_heterogeneity_score,bef_prag_control_flow_complexity,bef_prag_control_flow_complexity_score,bef_prag_sequentiality,bef_prag_sequentiality_score,bef_prag_seperatibility,bef_prag_seperatibility_score,bef_prag_depth,bef_prag_depth_score,bef_prag_token_split,bef_prag_token_split_score,bef_prag_cross_connectivity,bef_prag_cross_connectivity_score,bef_sem_group_natural_language,bef_sem_group_graph_structure,bef_sem_group_behaviour,bef_sem_label_sim_syntactic,bef_sem_label_sim_semantic,bef_sem_label_sim_context,bef_sem_graph_edit_distance,bef_sem_causal_footprint,bef_sem_dependency_graph,bef_sem_common_percentage
01,True,C:\Users\breis\Desktop\Software\pmo-dataset\graphviz\01.dot,,1.0,11,11,1.0,0.6875,0.7321428571428571,0.75,1.0,1.0,1.0,1,1,1.0,1,1,1.0,1.0,1,1,1.0,1,1,1.0,6,6,1.0,8,8,1.0,8,8,1.0,6,6,11,11,11,1,0,1.0,16,16,1.0,0,0,True,True,True,True,True,True,True,True,True,True,1.0,1,1,8,6,16,18,0,0,0,3,3,0,0,0,0,0,0,0,0,0,18,18,0,0,0,0,0,True,True,True,True,True,True,0,0,1,16,1.0,6,0.25,18,1.0,15,0.5,9,0.75,False,16,1.0,6,0.25,18,1.0,9,0.75,0.075,1.0,3.0,1.0,1.125,0.5,0.579380164285695,1.0,5,1.0,0.5625,1.0,0.2222222222222222,1.0,0.3571428571428571,0.25,3,0.5,2,0.0,0.75,0.8333333333333334,1.0,0.5833333333333334,,0.0,,14,14,3,3,4,2,0,0,0,5,0,0,4,1.0,False,False,0.5,0.5,1.0,1.0,0.5,1.0,4,4,10,10,10,0.0,False,13,13,13,1,1.0,1.0,,nop -p (graphviz 15.0.0),True,1.0,0.7666666666666667,0.7857142857142857,,C:\Users\breis\Desktop\Software\pmo-dataset\bpmn\01.bpmn,16,18,0,1,0,0,1.0,1.0,1.0,1.0,1.0,1.0,1.0,1.0,1.0,1.0,1.0,1.0,1.0,1.0,1.0,1.0,0.85,0.8333333333333334,1.0,0.5833333333333334,0,0.0,0,6,0.25,16,1.0,18,1.0,0,1.0,4,1.0,0.075,1.0,3.0,1.0,1.125,0.5,0.579380164285695,1.0,5,1.0,0.2222222222222222,1.0,0.3571428571428571,0.25,3,0.5,2,0.0,0.5625,1.0,0.5,1.0,1.0,0.5,0.5,0.5,1.0,1.0,1.0,1.0
02,True,C:\Users\breis\Desktop\Software\pmo-dataset\graphviz\02.dot,,0.8181818181818182,9,11,0.9659090909090908,0.5,0.6428571428571429,0.75,1.0,1.0,1.0,1,1,1.0,1,1,1.0,1.0,1,1,1.0,1,1,0.875,7,8,1.0,16,16,1.0,16,16,0.75,6,8,11,9,11,1,0,1.0,26,26,1.0,0,0,True,True,True,True,True,True,True,False,False,True,1.0,1,1,16,8,26,31,0,0,0,5,5,2,2,0,2,0,0,0,0,0,31,31,0,0,0,0,0,True,True,True,True,True,True,0,0,1,26,1.0,8,0.0,31,0.75,23,0.25,15,0.5,False,26,1.0,8,0.0,31,0.75,15,0.5,0.0476923076923076,1.0,3.5,1.0,1.1923076923076923,0.5,0.5118595071429148,1.0,9,1.0,0.5492307692307692,1.0,0.2580645161290322,0.25,0.6666666666666666,0.5,3,0.5,4,0.0,0.5625,0.8333333333333334,1.0,0.4166666666666667,,0.0,,14,14,5,5,6,2,0,0,0,16,0,0,7,1.0,False,False,0.5,0.5,1.0,1.0,0.5,1.0,4,4,18,18,18,0.0,False,23,23,23,1,1.0,1.0,,nop -p (graphviz 15.0.0),True,0.9765625,0.7,0.7857142857142857,,C:\Users\breis\Desktop\Software\pmo-dataset\bpmn\02.bpmn,26,31,0,1,0,0,1.0,1.0,1.0,1.0,1.0,1.0,1.0,1.0,0.75,0.875,1.0,1.0,1.0,1.0,1.0,1.0,0.75,0.8333333333333334,1.0,0.4166666666666667,0,0.0,0,8,0.0,26,1.0,31,0.75,0,1.0,7,1.0,0.0476923076923076,1.0,3.5,1.0,1.1923076923076923,0.5,0.5118595071429148,1.0,9,1.0,0.2580645161290322,0.25,0.6666666666666666,0.5,3,0.5,4,0.0,0.5492307692307692,1.0,0.5,1.0,1.0,0.5,0.5,0.5,1.0,1.0,1.0,1.0
03,False,C:\Users\breis\Desktop\Software\pmo-dataset\graphviz\03.dot,,1.0,11,11,0.987012987012987,0.5,0.6964285714285714,0.75,1.0,1.0,1.0,1,1,1.0,1,1,1.0,1.0,1,1,1.0,1,1,0.8571428571428571,6,7,1.0,11,11,1.0,11,11,1.0,8,8,11,10,11,1,0,1.0,21,21,1.0,0,0,True,True,True,True,True,True,True,True,True,True,1.0,1,1,11,8,21,24,0,0,0,4,4,0,0,0,0,0,0,0,0,0,24,24,0,0,0,0,0,True,True,True,True,True,True,0,0,1,21,1.0,8,0.0,24,0.75,18,0.25,10,0.75,False,21,1.0,8,0.0,24,0.75,10,0.75,0.0571428571428571,1.0,3.0,1.0,1.1428571428571428,0.5,0.5118595071429148,1.0,7,1.0,0.5404761904761904,1.0,0.125,1.0,0.5263157894736842,0.5,4,0.25,2,0.0,0.625,0.8333333333333334,1.0,0.5833333333333334,,0.0,,14,14,4,4,6,2,0,0,0,10,0,0,10,0.75,False,False,0.5,0.5,1.0,1.0,0.5,1.0,4,4,13,13,13,0.0,False,15,15,15,1,1.0,1.0,,nop -p (graphviz 15.0.0),True,0.9910714285714286,0.7166666666666667,0.7857142857142857,,C:\Users\breis\Desktop\Software\pmo-dataset\bpmn\03.bpmn,21,24,0,1,0,0,1.0,1.0,1.0,1.0,1.0,1.0,1.0,1.0,1.0,0.8571428571428572,1.0,1.0,1.0,1.0,1.0,1.0,0.7,0.8333333333333334,1.0,0.5833333333333334,0,0.0,0,8,0.0,21,1.0,24,0.75,0,1.0,10,0.75,0.0571428571428571,1.0,3.0,1.0,1.1428571428571428,0.5,0.5118595071429148,1.0,7,1.0,0.125,1.0,0.5263157894736842,0.5,4,0.25,2,0.0,0.5404761904761904,1.0,0.5,1.0,1.0,0.5,0.5,0.5,1.0,1.0,1.0,1.0
04,False,C:\Users\breis\Desktop\Software\pmo-dataset\graphviz\04.dot,,1.0,11,11,1.0,0.5625,0.6785714285714286,0.75,1.0,1.0,1.0,1,1,1.0,1,1,1.0,1.0,1,1,1.0,1,1,1.0,6,6,1.0,10,10,1.0,10,10,1.0,8,8,11,11,11,1,0,1.0,20,20,1.0,0,0,True,True,True,True,True,True,True,True,True,True,1.0,1,1,10,8,20,24,0,0,0,4,4,0,0,0,0,0,0,0,0,0,24,24,0,0,0,0,0,True,True,True,True,True,True,0,0,1,20,1.0,8,0.0,24,0.75,15,0.5,8,0.75,False,20,1.0,8,0.0,24,0.75,8,0.75,0.0631578947368421,1.0,3.25,1.0,1.2,0.5,0.5118595071429148,1.0,5,1.0,0.5078947368421053,1.0,0.0416666666666666,1.0,0.3333333333333333,0.25,4,0.25,8,0.0,0.625,0.8333333333333334,1.0,0.5,,0.0,,14,14,4,4,2,6,0,0,0,6,0,0,8,0.75,False,False,0.5,0.5,1.0,1.0,0.5,1.0,4,4,12,12,12,0.0,False,16,16,16,1,1.0,1.0,,nop -p (graphviz 15.0.0),True,1.0,0.7,0.7857142857142857,,C:\Users\breis\Desktop\Software\pmo-dataset\bpmn\04.bpmn,20,24,0,1,0,0,1.0,1.0,1.0,1.0,1.0,1.0,1.0,1.0,1.0,1.0,1.0,1.0,1.0,1.0,1.0,1.0,0.7,0.8333333333333334,1.0,0.5,0,0.0,0,8,0.0,20,1.0,24,0.75,0,1.0,8,0.75,0.0631578947368421,1.0,3.25,1.0,1.2,0.5,0.5118595071429148,1.0,5,1.0,0.0416666666666666,1.0,0.3333333333333333,0.25,4,0.25,8,0.0,0.5078947368421053,1.0,0.5,1.0,1.0,0.5,0.5,0.5,1.0,1.0000000000000002,1.0,1.0
05,False,C:\Users\breis\Desktop\Software\pmo-dataset\graphviz\05.dot,,1.0,11,11,0.9545454545454546,0.75,0.7857142857142857,0.75,1.0,1.0,1.0,1,1,1.0,1,1,1.0,1.0,1,1,1.0,1,1,0.5,2,4,1.0,11,11,1.0,11,11,1.0,4,4,11,10,11,1,0,1.0,17,17,1.0,0,0,True,True,True,True,True,True,True,True,True,True,1.0,1,1,11,4,17,19,0,0,0,2,2,0,0,0,0,0,0,0,0,0,19,19,0,0,0,0,0,True,True,True,True,True,True,0,0,1,17,1.0,4,0.5,19,1.0,16,0.5,12,0.75,False,17,1.0,4,0.5,19,1.0,12,0.75,0.0698529411764705,1.0,3.5,1.0,1.1176470588235294,0.5,0.0,1.0,5,1.0,0.6397058823529411,1.0,0.4210526315789473,0.25,0.6666666666666666,0.5,2,0.5,0,1.0,0.8125,0.8333333333333334,1.0,0.4166666666666667,,1.0,,14,14,2,2,4,0,0,0,0,10,0,0,11,0.75,False,False,0.5,0.5,1.0,1.0,0.5,1.0,4,4,13,13,13,0.0,False,16,16,16,1,1.0,1.0,,nop -p (graphviz 15.0.0),True,0.96875,0.8,0.7857142857142857,,C:\Users\breis\Desktop\Software\pmo-dataset\bpmn\05.bpmn,17,19,0,1,0,0,1.0,1.0,1.0,1.0,1.0,1.0,1.0,1.0,1.0,0.5,1.0,1.0,1.0,1.0,1.0,1.0,0.85,0.8333333333333334,1.0,0.4166666666666667,0,1.0,0,4,0.5,17,1.0,19,1.0,0,1.0,11,0.75,0.0698529411764705,1.0,3.5,1.0,1.1176470588235294,0.5,-0.0,1.0,5,1.0,0.4210526315789473,0.25,0.6666666666666666,0.5,2,0.5,0,1.0,0.6397058823529411,1.0,0.5,1.0,1.0,0.5,0.5,0.5,1.0,1.0,1.0,1.0
06,False,C:\Users\breis\Desktop\Software\pmo-dataset\graphviz\06.dot,,1.0,11,11,0.987012987012987,0.5,0.6964285714285714,0.75,1.0,1.0,1.0,1,1,1.0,1,1,1.0,1.0,1,1,1.0,1,1,0.8571428571428571,6,7,1.0,10,10,1.0,10,10,1.0,8,8,11,10,11,1,0,1.0,20,20,1.0,0,0,True,True,True,True,True,True,True,True,True,True,1.0,1,1,10,8,20,23,0,0,0,4,4,0,0,0,0,0,0,0,0,0,23,23,0,0,0,0,0,True,True,True,True,True,True,0,0,1,20,1.0,8,0.0,23,0.75,18,0.25,10,0.75,False,20,1.0,8,0.0,23,0.75,10,0.75,0.0605263157894736,1.0,3.0,1.0,1.15,0.5,0.5118595071429148,1.0,7,1.0,0.5552631578947368,1.0,0.0434782608695652,1.0,0.6666666666666666,0.5,4,0.25,2,0.0,0.625,0.8333333333333334,1.0,0.5833333333333334,,0.0,,14,14,4,4,6,2,0,0,0,12,0,0,9,0.75,False,False,0.5,0.5,1.0,1.0,0.5,1.0,4,4,12,12,12,0.0,False,14,14,14,1,1.0,1.0,,nop -p (graphviz 15.0.0),True,0.9910714285714286,0.7166666666666667,0.7857142857142857,,C:\Users\breis\Desktop\Software\pmo-dataset\bpmn\06.bpmn,20,23,0,1,0,0,1.0,1.0,1.0,1.0,1.0,1.0,1.0,1.0,1.0,0.8571428571428572,1.0,1.0,1.0,1.0,1.0,1.0,0.7,0.8333333333333334,1.0,0.5833333333333334,0,0.0,0,8,0.0,20,1.0,23,0.75,0,1.0,9,0.75,0.0605263157894736,1.0,3.0,1.0,1.15,0.5,0.5118595071429148,1.0,7,1.0,0.0434782608695652,1.0,0.6666666666666666,0.5,4,0.25,2,0.0,0.5552631578947368,1.0,0.5,1.0,1.0,0.5,0.5,0.5,1.0,1.0000000000000002,1.0,1.0
07,False,C:\Users\breis\Desktop\Software\pmo-dataset\graphviz\07.dot,,0.8181818181818182,9,11,0.9848484848484848,0.3125,0.6071428571428571,0.75,1.0,1.0,1.0,1,1,1.0,1,1,1.0,1.0,1,1,1.0,1,1,0.9444444444444444,17,18,1.0,13,13,1.0,13,13,0.8888888888888888,16,18,11,9,11,1,0,1.0,33,33,1.0,0,0,True,True,True,True,True,True,True,False,False,True,1.0,1,1,13,18,33,42,0,0,0,10,10,2,2,0,2,0,0,0,0,0,42,42,0,0,0,0,0,True,True,True,True,True,True,0,0,1,33,0.75,18,0.0,42,0.5,24,0.0,10,0.75,False,33,0.75,18,0.0,42,0.5,10,0.75,0.0397727272727272,1.0,3.111111111111111,1.0,1.2727272727272727,0.5,0.579380164285695,1.0,16,0.75,0.5066287878787878,1.0,0.0238095238095238,1.0,0.3548387096774194,0.25,8,0.0,8,0.0,0.5,0.8333333333333334,0.9166666666666666,0.4166666666666667,,0.0,,14,14,10,10,12,6,0,0,0,11,0,0,10,0.75,False,False,0.5,0.5,1.0,1.0,0.5,1.0,4,4,15,15,15,0.0,False,26,26,26,1,1.0,1.0,,nop -p (graphviz 15.0.0),True,0.9895833333333334,0.6333333333333333,0.7857142857142857,,C:\Users\breis\Desktop\Software\pmo-dataset\bpmn\07.bpmn,33,42,0,1,0,0,1.0,1.0,1.0,1.0,1.0,1.0,1.0,1.0,0.8888888888888888,0.9444444444444444,1.0,1.0,1.0,1.0,1.0,1.0,0.6,0.8333333333333334,0.9166666666666666,0.4166666666666667,0,0.0,0,18,0.0,33,0.75,42,0.5,0,1.0,10,0.75,0.0397727272727272,1.0,3.1111111111111107,1.0,1.2727272727272727,0.5,0.579380164285695,1.0,16,0.75,0.0238095238095238,1.0,0.3548387096774194,0.25,8,0.0,8,0.0,0.5066287878787878,1.0,0.5,1.0,1.0,0.5,0.5,0.5,1.0,1.0000000000000002,1.0,1.0
08,False,C:\Users\breis\Desktop\Software\pmo-dataset\graphviz\08.dot,,1.0,11,11,1.0,0.6875,0.6785714285714286,0.75,1.0,1.0,1.0,1,1,1.0,1,1,1.0,1.0,1,1,1.0,1,1,1.0,4,4,1.0,12,12,1.0,12,12,1.0,4,4,11,11,11,1,0,1.0,18,18,1.0,0,0,True,True,True,True,True,True,True,True,True,True,1.0,1,1,12,4,18,20,0,0,0,2,2,0,0,0,0,0,0,0,0,0,20,20,0,0,0,0,0,True,True,True,True,True,True,0,0,1,18,1.0,4,0.5,20,0.75,15,0.5,11,0.75,False,18,1.0,4,0.5,20,0.75,11,0.75,0.065359477124183,1.0,3.5,1.0,1.1111111111111112,0.5,0.6309297535714574,0.75,4,1.0,0.545751633986928,1.0,0.3,0.25,0.6875,0.5,2,0.5,2,0.0,0.75,0.8333333333333334,0.9166666666666666,0.4166666666666667,,0.0,,14,14,2,2,2,2,0,0,0,11,0,0,11,0.75,False,False,0.5,0.5,1.0,1.0,0.5,1.0,4,4,14,14,14,0.0,False,16,16,16,1,1.0,1.0,,nop -p (graphviz 15.0.0),True,1.0,0.7,0.7857142857142857,,C:\Users\breis\Desktop\Software\pmo-dataset\bpmn\08.bpmn,18,20,0,1,0,0,1.0,1.0,1.0,1.0,1.0,1.0,1.0,1.0,1.0,1.0,1.0,1.0,1.0,1.0,1.0,1.0,0.8,0.8333333333333334,0.9166666666666666,0.4166666666666667,0,0.0,0,4,0.5,18,1.0,20,0.75,0,1.0,11,0.75,0.065359477124183,1.0,3.5,1.0,1.1111111111111112,0.5,0.6309297535714574,0.75,4,1.0,0.3,0.25,0.6875,0.5,2,0.5,2,0.0,0.545751633986928,1.0,0.5,1.0,1.0,0.5,0.5,0.5,1.0,1.0,1.0,1.0
09,False,C:\Users\breis\Desktop\Software\pmo-dataset\graphviz\09.dot,,1.0,11,11,1.0,0.5,0.6785714285714286,0.75,1.0,1.0,1.0,1,1,1.0,1,1,1.0,1.0,1,1,1.0,1,1,1.0,8,8,1.0,13,13,1.0,13,13,1.0,8,8,11,11,11,1,0,1.0,23,23,1.0,0,0,True,True,True,True,True,True,True,True,True,True,1.0,1,1,13,8,23,27,0,0,0,4,4,0,0,0,0,0,0,0,0,0,27,27,0,0,0,0,0,True,True,True,True,True,True,0,0,1,23,1.0,8,0.0,27,0.75,18,0.25,10,0.75,False,23,1.0,8,0.0,27,0.75,10,0.75,0.0533596837944664,1.0,3.25,1.0,1.173913043478261,0.5,0.6309297535714574,0.75,6,1.0,0.6126482213438735,1.0,0.1111111111111111,1.0,0.4761904761904761,0.5,4,0.25,6,0.0,0.625,0.8333333333333334,0.9166666666666666,0.5833333333333334,,0.0,,14,14,4,4,4,4,0,0,0,10,0,0,9,0.75,False,False,0.5,0.5,1.0,1.0,0.5,1.0,4,4,15,15,15,0.0,False,21,21,21,1,1.0,1.0,,nop -p (graphviz 15.0.0),True,1.0,0.7,0.7857142857142857,,C:\Users\breis\Desktop\Software\pmo-dataset\bpmn\09.bpmn,23,27,0,1,0,0,1.0,1.0,1.0,1.0,1.0,1.0,1.0,1.0,1.0,1.0,1.0,1.0,1.0,1.0,1.0,1.0,0.7,0.8333333333333334,0.9166666666666666,0.5833333333333334,0,0.0,0,8,0.0,23,1.0,27,0.75,0,1.0,9,0.75,0.0533596837944664,1.0,3.25,1.0,1.173913043478261,0.5,0.6309297535714574,0.75,6,1.0,0.1111111111111111,1.0,0.4761904761904761,0.5,4,0.25,6,0.0,0.6126482213438735,1.0,0.5,1.0,1.0,0.5,0.5,0.5,1.0,1.0,1.0,1.0
10,False,C:\Users\breis\Desktop\Software\pmo-dataset\graphviz\10.dot,,1.0,11,11,1.0,0.5,0.6607142857142857,0.75,1.0,1.0,1.0,1,1,1.0,1,1,1.0,1.0,1,1,1.0,1,1,1.0,10,10,1.0,9,9,1.0,9,9,1.0,12,12,11,11,11,1,0,1.0,23,23,1.0,0,0,True,True,True,True,True,True,True,True,True,True,1.0,1,1,9,12,23,28,0,0,0,6,6,0,0,0,0,0,0,0,0,0,28,28,0,0,0,0,0,True,True,True,True,True,True,0,0,1,23,1.0,12,0.0,28,0.75,19,0.25,9,0.75,False,23,1.0,12,0.0,28,0.75,9,0.75,0.0553359683794466,1.0,3.0,1.0,1.2173913043478262,0.5,0.579380164285695,1.0,10,1.0,0.5197628458498024,1.0,0.1428571428571428,1.0,0.238095238095238,0.25,6,0.0,4,0.0,0.625,0.8333333333333334,1.0,0.4166666666666667,,0.0,,14,14,6,6,8,4,0,0,0,5,0,0,4,1.0,False,False,0.5,0.5,1.0,1.0,0.5,1.0,4,4,11,11,11,0.0,False,15,15,15,1,1.0,1.0,,nop -p (graphviz 15.0.0),True,1.0,0.7,0.7857142857142857,,C:\Users\breis\Desktop\Software\pmo-dataset\bpmn\10.bpmn,23,28,0,1,0,0,1.0,1.0,1.0,1.0,1.0,1.0,1.0,1.0,1.0,1.0,1.0,1.0,1.0,1.0,1.0,1.0,0.75,0.8333333333333334,1.0,0.4166666666666667,0,0.0,0,12,0.0,23,1.0,28,0.75,0,1.0,4,1.0,0.0553359683794466,1.0,3.0,1.0,1.2173913043478262,0.5,0.579380164285695,1.0,10,1.0,0.1428571428571428,1.0,0.238095238095238,0.25,6,0.0,4,0.0,0.5197628458498024,1.0,0.5,1.0,1.0,0.5,0.5,0.5,1.0,1.0,1.0,1.0
11,False,C:\Users\breis\Desktop\Software\pmo-dataset\graphviz\11.dot,,1.0,11,11,0.9924242424242424,0.5,0.6428571428571429,0.75,1.0,1.0,1.0,1,1,1.0,1,1,1.0,1.0,1,1,1.0,1,1,0.9166666666666666,11,12,1.0,12,12,1.0,12,12,1.0,12,12,11,10,11,1,0,1.0,26,26,1.0,0,0,True,True,True,True,True,True,True,True,True,True,1.0,1,1,12,12,26,33,0,0,0,6,6,0,0,0,0,0,0,0,0,0,33,33,0,0,0,0,0,True,True,True,True,True,True,0,0,1,26,1.0,12,0.0,33,0.75,21,0.25,9,0.75,False,26,1.0,12,0.0,33,0.75,9,0.75,0.0507692307692307,1.0,3.333333333333333,1.0,1.2692307692307692,0.5,0.6309297535714574,0.75,10,1.0,0.5615384615384615,1.0,0.0606060606060606,1.0,0.3333333333333333,0.25,6,0.0,8,0.0,0.625,0.8333333333333334,0.9166666666666666,0.4166666666666667,,0.0,,14,14,6,6,6,6,0,0,0,8,0,0,5,1.0,False,False,0.5,0.5,1.0,1.0,0.5,1.0,4,4,14,14,14,0.0,False,30,30,30,1,1.0,1.0,,nop -p (graphviz 15.0.0),True,0.99375,0.6833333333333333,0.7857142857142857,,C:\Users\breis\Desktop\Software\pmo-dataset\bpmn\11.bpmn,26,33,0,1,0,0,1.0,1.0,1.0,1.0,1.0,1.0,1.0,1.0,1.0,0.9,1.0,1.0,1.0,1.0,1.0,1.0,0.75,0.8333333333333334,0.9166666666666666,0.4166666666666667,0,0.0,0,12,0.0,26,1.0,33,0.75,0,1.0,5,1.0,0.0507692307692307,1.0,3.333333333333333,1.0,1.2692307692307692,0.5,0.6309297535714574,0.75,10,1.0,0.0606060606060606,1.0,0.3333333333333333,0.25,6,0.0,8,0.0,0.5615384615384615,1.0,0.5,1.0,1.0,0.5,0.5,0.5,1.0,1.0,1.0,1.0
12,False,C:\Users\breis\Desktop\Software\pmo-dataset\graphviz\12.dot,,1.0,11,11,0.987012987012987,0.5,0.6964285714285714,0.75,1.0,1.0,1.0,1,1,1.0,1,1,1.0,1.0,1,1,1.0,1,1,0.8571428571428571,6,7,1.0,10,10,1.0,10,10,1.0,10,10,11,10,11,1,0,1.0,22,22,1.0,0,0,True,True,True,True,True,True,True,True,True,True,1.0,1,1,10,10,22,26,0,0,0,5,5,0,0,0,0,0,0,0,0,0,26,26,0,0,0,0,0,True,True,True,True,True,True,0,0,1,22,1.0,10,0.0,26,0.75,18,0.25,10,0.75,False,22,1.0,10,0.0,26,0.75,10,0.75,0.0562770562770562,1.0,3.0,1.0,1.181818181818182,0.5,0.6126016192893442,1.0,8,1.0,0.538961038961039,1.0,0.1153846153846153,1.0,0.4,0.5,5,0.25,4,0.0,0.625,0.8333333333333334,1.0,0.5833333333333334,,0.0,,14,14,5,5,6,4,0,0,0,8,0,0,8,0.75,False,False,0.5,0.5,1.0,1.0,0.5,1.0,4,4,12,12,12,0.0,False,14,14,14,1,1.0,1.0,,nop -p (graphviz 15.0.0),True,0.99375,0.7166666666666667,0.7857142857142857,,C:\Users\breis\Desktop\Software\pmo-dataset\bpmn\12.bpmn,22,26,0,1,0,0,1.0,1.0,1.0,1.0,1.0,1.0,1.0,1.0,1.0,0.9,1.0,1.0,1.0,1.0,1.0,1.0,0.7,0.8333333333333334,1.0,0.5833333333333334,0,0.0,0,10,0.0,22,1.0,26,0.75,0,1.0,8,0.75,0.0562770562770562,1.0,3.0,1.0,1.181818181818182,0.5,0.6126016192893442,1.0,8,1.0,0.1153846153846153,1.0,0.4,0.5,5,0.25,4,0.0,0.538961038961039,1.0,0.5,1.0,1.0,0.5,0.5,0.5,1.0,1.0,1.0,1.0
13,False,C:\Users\breis\Desktop\Software\pmo-dataset\graphviz\13.dot,,1.0,11,11,1.0,0.75,0.7857142857142857,0.75,1.0,1.0,1.0,1,1,1.0,1,1,1.0,1.0,1,1,1.0,1,1,1.0,4,4,1.0,9,9,1.0,9,9,1.0,4,4,11,11,11,1,0,1.0,15,15,1.0,0,0,True,True,True,True,True,True,True,True,True,True,1.0,1,1,9,4,15,16,0,0,0,2,2,0,0,0,0,0,0,0,0,0,16,16,0,0,0,0,0,True,True,True,True,True,True,0,0,1,15,1.0,4,0.5,16,1.0,14,0.5,10,0.75,False,15,1.0,4,0.5,16,1.0,10,0.75,0.0761904761904762,1.0,3.0,1.0,1.0666666666666669,0.5,0.0,1.0,4,1.0,0.5619047619047619,1.0,0.3125,0.25,0.6923076923076923,0.5,2,0.5,0,1.0,0.8125,0.8333333333333334,1.0,0.4166666666666667,,1.0,,14,14,2,2,4,0,0,0,0,9,0,0,10,0.75,False,False,0.5,0.5,1.0,1.0,0.5,1.0,4,4,11,11,11,0.0,False,12,12,12,1,1.0,1.0,,nop -p (graphviz 15.0.0),True,1.0,0.8,0.7857142857142857,,C:\Users\breis\Desktop\Software\pmo-dataset\bpmn\13.bpmn,15,16,0,1,0,0,1.0,1.0,1.0,1.0,1.0,1.0,1.0,1.0,1.0,1.0,1.0,1.0,1.0,1.0,1.0,1.0,0.85,0.8333333333333334,1.0,0.4166666666666667,0,1.0,0,4,0.5,15,1.0,16,1.0,0,1.0,10,0.75,0.0761904761904762,1.0,3.0,1.0,1.0666666666666669,0.5,-0.0,1.0,4,1.0,0.3125,0.25,0.6923076923076923,0.5,2,0.5,0,1.0,0.5619047619047619,1.0,0.5,1.0,1.0,0.5,0.5,0.5,1.0,0.9999999999999998,1.0,1.0
14,False,C:\Users\breis\Desktop\Software\pmo-dataset\graphviz\14.dot,,1.0,11,11,0.9090909090909092,0.875,0.8392857142857143,0.75,1.0,1.0,1.0,1,1,1.0,1,1,1.0,1.0,1,1,1.0,1,1,0.0,0,2,1.0,10,10,1.0,10,10,1.0,2,2,11,10,11,1,0,1.0,14,14,1.0,0,0,True,True,True,True,True,True,True,True,True,True,1.0,1,1,10,2,14,14,0,0,0,1,1,0,0,0,0,0,0,0,0,0,14,14,0,0,0,0,0,True,True,True,True,True,True,0,0,1,14,1.0,2,0.75,14,1.0,12,0.75,10,0.75,False,14,1.0,2,0.75,14,1.0,10,0.75,0.0769230769230769,1.0,3.0,1.0,1.0,0.5,0.0,1.0,2,1.0,0.6593406593406593,1.0,0.5714285714285714,0.5,0.6666666666666666,0.5,1,0.75,0,1.0,0.875,0.8333333333333334,1.0,0.5833333333333334,,1.0,,14,14,1,1,2,0,0,0,0,8,0,0,13,0.5,False,False,0.5,0.5,1.0,1.0,0.5,1.0,4,4,12,12,12,0.0,False,12,12,12,1,1.0,1.0,,nop -p (graphviz 15.0.0),True,0.9375,0.8333333333333334,0.7857142857142857,,C:\Users\breis\Desktop\Software\pmo-dataset\bpmn\14.bpmn,14,14,0,1,0,0,1.0,1.0,1.0,1.0,1.0,1.0,1.0,1.0,1.0,0.0,1.0,1.0,1.0,1.0,1.0,1.0,0.85,0.8333333333333334,1.0,0.5833333333333334,0,1.0,0,2,0.75,14,1.0,14,1.0,0,1.0,13,0.5,0.0769230769230769,1.0,3.0,1.0,1.0,0.5,-0.0,1.0,2,1.0,0.5714285714285714,0.5,0.6666666666666666,0.5,1,0.75,0,1.0,0.6593406593406593,1.0,0.5,1.0,1.0,0.5,0.5,0.5,1.0,0.9999999999999998,1.0,1.0
15,False,C:\Users\breis\Desktop\Software\pmo-dataset\graphviz\15.dot,,1.0,11,11,1.0,0.75,0.6964285714285714,0.75,1.0,1.0,1.0,1,1,1.0,1,1,1.0,1.0,1,1,1.0,1,1,1.0,4,4,1.0,10,10,1.0,10,10,1.0,4,4,11,11,11,1,0,1.0,16,16,1.0,0,0,True,True,True,True,True,True,True,True,True,True,1.0,1,1,10,4,16,18,0,0,0,2,2,0,0,0,0,0,0,0,0,0,18,18,0,0,0,0,0,True,True,True,True,True,True,0,0,1,16,1.0,4,0.5,18,1.0,14,0.5,10,0.75,False,16,1.0,4,0.5,18,1.0,10,0.75,0.075,1.0,3.5,1.0,1.125,0.5,0.6309297535714574,0.75,3,1.0,0.5541666666666667,1.0,0.2777777777777778,0.25,0.6428571428571429,0.5,2,0.5,4,0.0,0.8125,0.8333333333333334,0.9166666666666666,0.4166666666666667,,0.0,,14,14,2,2,2,2,0,0,0,9,0,0,8,0.75,False,False,0.5,0.5,1.0,1.0,0.5,1.0,4,4,12,12,12,0.0,False,14,14,14,1,1.0,1.0,,nop -p (graphviz 15.0.0),True,1.0,0.7166666666666667,0.7857142857142857,,C:\Users\breis\Desktop\Software\pmo-dataset\bpmn\15.bpmn,16,18,0,1,0,0,1.0,1.0,1.0,1.0,1.0,1.0,1.0,1.0,1.0,1.0,1.0,1.0,1.0,1.0,1.0,1.0,0.85,0.8333333333333334,0.9166666666666666,0.4166666666666667,0,0.0,0,4,0.5,16,1.0,18,1.0,0,1.0,8,0.75,0.075,1.0,3.5,1.0,1.125,0.5,0.6309297535714574,0.75,3,1.0,0.2777777777777778,0.25,0.6428571428571429,0.5,2,0.5,4,0.0,0.5541666666666667,1.0,0.5,1.0,1.0,0.5,0.5,0.5,1.0,1.0,1.0,1.0
16,False,C:\Users\breis\Desktop\Software\pmo-dataset\graphviz\16.dot,,1.0,11,11,0.987012987012987,0.3125,0.5892857142857143,0.75,1.0,1.0,1.0,1,1,1.0,1,1,1.0,1.0,1,1,1.0,1,1,0.8571428571428571,12,14,1.0,24,24,1.0,24,24,1.0,14,14,11,10,11,1,0,1.0,40,40,1.0,0,0,True,True,True,True,True,True,True,True,True,True,1.0,1,1,24,14,40,49,0,0,0,7,7,0,0,0,0,0,0,0,0,0,49,49,0,0,0,0,0,True,True,True,True,True,True,0,0,1,40,0.75,14,0.0,49,0.5,32,0.0,18,0.25,False,40,0.75,14,0.0,49,0.5,18,0.25,0.0314102564102564,1.0,3.4285714285714284,1.0,1.225,0.5,0.6216097450797566,0.75,11,1.0,0.5237179487179487,1.0,0.1836734693877551,1.0,0.5,0.5,7,0.0,12,0.0,0.375,0.8333333333333334,0.9166666666666666,0.5,,0.0,,14,14,7,7,8,6,0,0,0,19,0,0,18,0.25,False,False,0.5,0.5,1.0,1.0,0.5,1.0,4,4,26,26,26,0.0,False,39,39,39,1,1.0,1.0,,nop -p (graphviz 15.0.0),True,0.9910714285714286,0.6166666666666667,0.7857142857142857,,C:\Users\breis\Desktop\Software\pmo-dataset\bpmn\16.bpmn,40,49,0,1,0,0,1.0,1.0,1.0,1.0,1.0,1.0,1.0,1.0,1.0,0.8571428571428572,1.0,1.0,1.0,1.0,1.0,1.0,0.5,0.8333333333333334,0.9166666666666666,0.5,0,0.0,0,14,0.0,40,0.75,49,0.5,0,1.0,18,0.25,0.0314102564102564,1.0,3.4285714285714284,1.0,1.225,0.5,0.6216097450797566,0.75,11,1.0,0.1836734693877551,1.0,0.5,0.5,7,0.0,12,0.0,0.5237179487179487,1.0,0.5,1.0,1.0,0.5,0.5,0.5,1.0,1.0,1.0,1.0
17,False,C:\Users\breis\Desktop\Software\pmo-dataset\graphviz\17.dot,,1.0,11,11,0.993939393939394,0.25,0.5535714285714286,0.75,1.0,1.0,1.0,1,1,1.0,1,1,1.0,1.0,1,1,1.0,1,1,0.9333333333333332,14,15,1.0,25,25,1.0,25,25,1.0,16,16,11,10,11,1,0,1.0,43,43,1.0,0,0,True,True,True,True,True,True,True,True,True,True,1.0,1,1,25,16,43,51,0,0,0,8,8,0,0,0,0,0,0,0,0,0,51,51,0,0,0,0,0,True,True,True,True,True,True,0,0,1,43,0.75,16,0.0,51,0.25,36,0.0,22,0.25,False,43,0.75,16,0.0,51,0.25,22,0.25,0.0282392026578073,1.0,3.125,1.0,1.186046511627907,0.5,0.5118595071429148,1.0,14,0.75,0.4928017718715393,1.0,0.196078431372549,1.0,0.1219512195121951,0.25,8,0.0,6,0.0,0.3125,0.8333333333333334,0.9166666666666666,0.4166666666666667,,0.0,,14,14,8,8,12,4,0,0,0,5,0,0,14,0.5,False,False,0.5,0.5,1.0,1.0,0.5,1.0,4,4,27,27,27,0.0,False,35,35,35,1,1.0,1.0,,nop -p (graphviz 15.0.0),True,0.9955357142857144,0.6,0.7857142857142857,,C:\Users\breis\Desktop\Software\pmo-dataset\bpmn\17.bpmn,43,51,0,1,0,0,1.0,1.0,1.0,1.0,1.0,1.0,1.0,1.0,1.0,0.9285714285714286,1.0,1.0,1.0,1.0,1.0,1.0,0.5,0.8333333333333334,0.9166666666666666,0.4166666666666667,0,0.0,0,16,0.0,43,0.75,51,0.25,0,1.0,14,0.5,0.0282392026578073,1.0,3.125,1.0,1.186046511627907,0.5,0.5118595071429148,1.0,14,0.75,0.196078431372549,1.0,0.1219512195121951,0.25,8,0.0,6,0.0,0.4928017718715393,1.0,0.5,1.0,1.0,0.5,0.5,0.5,1.0,1.0,1.0,1.0
18,False,C:\Users\breis\Desktop\Software\pmo-dataset\graphviz\18.dot,,1.0,11,11,0.9956709956709956,0.1875,0.5357142857142857,0.75,1.0,1.0,1.0,1,1,1.0,1,1,1.0,1.0,1,1,1.0,1,1,0.9523809523809524,20,21,1.0,26,26,1.0,26,26,1.0,22,22,11,10,11,1,0,1.0,50,50,1.0,0,0,True,True,True,True,True,True,True,True,True,True,1.0,1,1,26,22,50,60,0,0,0,11,11,0,0,0,0,0,0,0,0,0,60,60,0,0,0,0,0,True,True,True,True,True,True,0,0,1,50,0.5,22,0.0,60,0.25,44,0.0,22,0.25,False,50,0.5,22,0.0,60,0.25,22,0.25,0.0244897959183673,1.0,3.0,1.0,1.2,0.5,0.5333570581245946,1.0,19,0.75,0.5228571428571429,1.0,0.1333333333333333,1.0,0.1666666666666666,0.25,11,0.0,6,0.0,0.25,0.8333333333333334,0.9166666666666666,0.4166666666666667,,0.0,,14,14,11,11,16,6,0,0,0,8,0,0,17,0.25,False,False,0.5,0.5,1.0,1.0,0.5,1.0,4,4,28,28,28,0.0,False,45,45,45,1,1.0,1.0,,nop -p (graphviz 15.0.0),True,0.9971590909090908,0.5666666666666667,0.7857142857142857,,C:\Users\breis\Desktop\Software\pmo-dataset\bpmn\18.bpmn,50,60,0,1,0,0,1.0,1.0,1.0,1.0,1.0,1.0,1.0,1.0,1.0,0.9545454545454546,1.0,1.0,1.0,1.0,1.0,1.0,0.4,0.8333333333333334,0.9166666666666666,0.4166666666666667,0,0.0,0,22,0.0,50,0.5,60,0.25,0,1.0,17,0.25,0.0244897959183673,1.0,3.0,1.0,1.2,0.5,0.5333570581245946,1.0,19,0.75,0.1333333333333333,1.0,0.1666666666666666,0.25,11,0.0,6,0.0,0.5228571428571429,1.0,0.5,1.0,1.0,0.5,0.5,0.5,1.0,1.0,1.0,1.0
19,False,C:\Users\breis\Desktop\Software\pmo-dataset\graphviz\19.dot,,1.0,11,11,0.9886363636363636,0.5625,0.6785714285714286,0.75,1.0,1.0,1.0,1,1,1.0,1,1,1.0,1.0,1,1,1.0,1,1,0.875,7,8,1.0,8,8,1.0,8,8,1.0,8,8,11,10,11,1,0,1.0,18,18,1.0,0,0,True,True,True,True,True,True,True,True,True,True,1.0,1,1,8,8,18,21,0,0,0,4,4,0,0,0,0,0,0,0,0,0,21,21,0,0,0,0,0,True,True,True,True,True,True,0,0,1,18,1.0,8,0.0,21,0.75,14,0.5,6,1.0,False,18,1.0,8,0.0,21,0.75,6,1.0,0.0686274509803921,1.0,3.0,1.0,1.1666666666666667,0.5,0.6309297535714574,0.75,6,1.0,0.5490196078431373,1.0,0.0476190476190476,1.0,0.3125,0.25,4,0.25,4,0.0,0.6875,0.8333333333333334,0.9166666666666666,0.5,,0.0,,14,14,4,4,4,4,0,0,0,5,0,0,8,0.75,False,False,0.5,0.5,1.0,1.0,0.5,1.0,4,4,10,10,10,0.0,False,14,14,14,1,1.0,1.0,,nop -p (graphviz 15.0.0),True,0.9921875,0.6833333333333333,0.7857142857142857,,C:\Users\breis\Desktop\Software\pmo-dataset\bpmn\19.bpmn,18,21,0,1,0,0,1.0,1.0,1.0,1.0,1.0,1.0,1.0,1.0,1.0,0.875,1.0,1.0,1.0,1.0,1.0,1.0,0.7,0.8333333333333334,0.9166666666666666,0.5,0,0.0,0,8,0.0,18,1.0,21,0.75,0,1.0,8,0.75,0.0686274509803921,1.0,3.0,1.0,1.1666666666666667,0.5,0.6309297535714574,0.75,6,1.0,0.0476190476190476,1.0,0.3125,0.25,4,0.25,4,0.0,0.5490196078431373,1.0,0.5,1.0,1.0,0.5,0.5,0.5,1.0,1.0,1.0,1.0
20,False,C:\Users\breis\Desktop\Software\pmo-dataset\graphviz\20.dot,,1.0,11,11,1.0,0.5625,0.6964285714285714,0.75,1.0,1.0,1.0,1,1,1.0,1,1,1.0,1.0,1,1,1.0,1,1,1.0,7,7,1.0,13,13,1.0,13,13,1.0,7,7,11,11,11,1,0,1.0,22,22,1.0,0,0,True,True,True,True,True,True,True,True,True,True,1.0,1,1,13,7,22,26,0,0,0,4,3,0,0,0,0,0,0,0,0,0,26,26,0,0,0,0,0,True,True,True,True,True,True,0,0,1,22,1.0,7,0.0,26,0.75,16,0.5,10,0.75,False,22,1.0,7,0.0,26,0.75,10,0.75,0.0562770562770562,1.0,3.4285714285714284,1.0,1.181818181818182,0.5,0.6216097450797566,0.75,6,1.0,0.4761904761904761,1.0,0.2307692307692307,1.0,0.45,0.5,3,0.5,6,0.0,0.625,0.8333333333333334,0.9166666666666666,0.6666666666666666,,0.0,,14,14,4,3,4,3,0,0,0,9,0,0,10,0.75,False,False,0.5,0.5,1.0,1.0,0.5,1.0,4,4,15,15,15,0.0,False,19,19,19,1,1.0,1.0,,nop -p (graphviz 15.0.0),True,1.0,0.7166666666666667,0.7857142857142857,,C:\Users\breis\Desktop\Software\pmo-dataset\bpmn\20.bpmn,22,26,0,1,0,0,1.0,1.0,1.0,1.0,1.0,1.0,1.0,1.0,1.0,1.0,1.0,1.0,1.0,1.0,1.0,1.0,0.7,0.8333333333333334,0.9166666666666666,0.6666666666666666,0,0.0,0,7,0.0,22,1.0,26,0.75,0,1.0,10,0.75,0.0562770562770562,1.0,3.4285714285714284,1.0,1.181818181818182,0.5,0.6216097450797566,0.75,6,1.0,0.2307692307692307,1.0,0.45,0.5,3,0.5,6,0.0,0.4761904761904761,1.0,0.5,1.0,1.0,0.5,0.5,0.5,1.0,1.0,1.0,1.0
21,False,C:\Users\breis\Desktop\Software\pmo-dataset\graphviz\21.dot,,0.9090909090909092,10,11,0.9696969696969698,0.75,0.6964285714285714,0.75,1.0,1.0,1.0,1,1,1.0,1,1,1.0,1.0,1,1,1.0,1,1,0.6666666666666666,4,6,1.0,7,7,1.0,7,7,1.0,6,6,11,10,11,1,1,1.0,15,15,1.0,0,0,True,True,True,True,True,True,True,True,True,False,1.0,1,1,7,6,15,17,0,0,0,3,3,0,0,0,0,1,0,0,0,0,17,17,0,0,0,0,0,True,True,True,True,True,True,0,0,1,15,1.0,6,0.25,17,1.0,11,0.75,6,1.0,False,15,1.0,6,0.25,17,1.0,6,1.0,0.0809523809523809,1.0,3.0,1.0,1.1333333333333333,0.5,0.920619835714305,0.25,6,1.0,0.4857142857142857,1.0,0.1176470588235294,1.0,0.2307692307692307,0.25,3,0.5,2,0.0,0.8125,0.8333333333333334,0.75,0.5833333333333334,,0.0,,14,14,3,3,3,1,2,0,1,3,0,0,6,1.0,False,False,0.5,0.5,1.0,1.0,0.5,1.0,4,4,9,9,9,0.0,False,11,11,11,1,1.0,1.0,,nop -p (graphviz 15.0.0),True,0.9791666666666666,0.7166666666666667,0.7857142857142857,,C:\Users\breis\Desktop\Software\pmo-dataset\bpmn\21.bpmn,15,17,1,1,0,4,1.0,1.0,1.0,1.0,1.0,1.0,1.0,1.0,1.0,0.6666666666666667,1.0,1.0,1.0,1.0,1.0,1.0,0.85,0.8333333333333334,0.75,0.5833333333333334,0,0.0,0,6,0.25,15,1.0,17,1.0,0,1.0,6,1.0,0.0809523809523809,1.0,3.0,1.0,1.1333333333333333,0.5,0.920619835714305,0.25,6,1.0,0.1176470588235294,1.0,0.2307692307692307,0.25,3,0.5,2,0.0,0.4857142857142857,1.0,0.5,1.0,1.0,0.5,0.5,0.5,1.0,1.0,1.0,1.0
22,False,C:\Users\breis\Desktop\Software\pmo-dataset\graphviz\22.dot,,0.7272727272727273,8,11,0.8308080808080809,0.8125,0.8392857142857143,0.75,1.0,1.0,1.0,1,1,0.25,1,4,1.0,1.0,1,1,1.0,4,4,0.0,0,3,1.0,9,9,0.8888888888888888,8,9,1.0,3,3,11,8,11,1,1,1.0,20,20,1.0,1,1,True,True,True,False,True,True,False,True,True,False,1.0,1,4,9,3,20,20,0,0,1,3,0,0,0,0,0,2,1,3,0,0,20,20,0,0,0,0,6,False,False,True,True,True,True,1,0,1,20,1.0,3,0.75,20,0.75,11,0.75,8,0.75,False,20,1.0,3,0.75,20,0.75,8,0.75,0.0526315789473684,1.0,3.333333333333333,1.0,1.0,0.5,0.579380164285695,1.0,7,1.0,0.3657894736842105,1.0,0.5,0.5,0.6666666666666666,0.5,0,1.0,0,1.0,0.8125,0.8333333333333334,1.0,0.6666666666666666,,1.0,,14,14,3,0,2,0,0,1,2,12,0,0,8,0.75,False,False,0.5,0.5,1.0,1.0,0.5,1.0,4,4,17,17,17,0.0,False,17,17,17,1,1.0,1.0,,nop -p (graphviz 15.0.0),False,0.8836805555555556,0.85,0.7288110212638514,,C:\Users\breis\Desktop\Software\pmo-dataset\bpmn\22.bpmn,20,20,1,1,0,0,1.0,1.0,1.0,1.0,1.0,1.0,0.8888888888888888,1.0,1.0,0.0,1.0,1.0,0.25,1.0,1.0,1.0,0.85,0.8333333333333334,1.0,0.6666666666666666,0,1.0,0,3,0.75,20,1.0,20,0.75,0,1.0,8,0.75,0.0526315789473684,1.0,3.333333333333333,1.0,1.0,0.5,0.579380164285695,1.0,7,1.0,0.5,0.5,0.6666666666666666,0.5,0,1.0,0,1.0,0.3657894736842105,1.0,0.477124183006536,0.9509803921568628,0.8841719077568133,0.5,0.5,0.4313725490196078,0.9019607843137256,0.990566037735849,0.7777777777777778,1.0
23,False,C:\Users\breis\Desktop\Software\pmo-dataset\graphviz\23.dot,,0.9008264462809916,9,11,1.0,0.8125,0.8035714285714286,0.75,1.0,1.0,1.0,2,2,1.0,2,2,1.0,1.0,2,2,1.0,2,2,1.0,3,3,1.0,7,7,1.0,7,7,1.0,4,4,11,11,11,2,3,1.0,16,16,1.0,0,0,True,True,True,True,True,True,False,True,True,True,0.9090909090909092,2,2,7,4,17,22,0,0,5,2,2,0,0,0,0,0,0,1,0,0,22,20,2,0,2,0,3,True,True,True,True,True,True,0,0,1,16,1.0,4,0.5,16,1.0,8,0.75,6,1.0,False,16,1.0,4,0.5,16,1.0,6,1.0,0.0666666666666666,1.0,3.0,1.0,1.0,0.5,0.0,1.0,4,1.0,0.3,1.0,0.4736842105263157,0.25,0.5714285714285714,0.5,2,0.5,0,1.0,0.875,0.8333333333333334,1.0,0.4166666666666667,,1.0,,14,14,2,2,4,0,0,0,2,8,0,0,4,1.0,False,False,0.5,0.5,1.0,1.0,0.5,1.0,4,4,12,12,12,0.0,False,15,15,15,1,1.0,1.0,,nop -p (graphviz 15.0.0),False,1.0,0.7833333333333333,0.7146009049376207,,C:\Users\breis\Desktop\Software\pmo-dataset\bpmn\23.bpmn,16,19,3,3,6,0,1.0,1.0,1.0,1.0,1.0,1.0,1.0,1.0,1.0,1.0,1.0,1.0,1.0,1.0,1.0,1.0,0.85,0.8333333333333334,1.0,0.3333333333333333,0,1.0,0,4,0.5,16,1.0,16,1.0,6,0.75,4,1.0,0.0666666666666666,1.0,3.0,1.0,1.0,0.5,-0.0,1.0,4,1.0,0.4736842105263157,0.25,0.2857142857142857,0.25,2,0.5,0,1.0,0.3,1.0,0.4636574074074074,0.9333333333333332,0.8722837228372282,0.5,0.5,0.3909722222222222,0.8666666666666667,0.9667896678966788,0.7777777777777778,1.0
24,False,C:\Users\breis\Desktop\Software\pmo-dataset\graphviz\24.dot,,0.722488038277512,7,11,0.8181818181818182,0.8125,0.8392857142857143,0.75,1.0,1.0,1.0,3,3,1.0,3,3,1.0,1.0,3,3,1.0,3,3,0.0,0,1,1.0,18,18,1.0,18,18,0.0,0,1,11,9,11,3,3,1.0,30,30,1.0,1,1,True,True,True,True,True,True,False,False,False,True,0.9473684210526316,3,3,18,1,31,38,0,0,11,1,1,1,1,0,1,0,1,5,0,0,38,36,2,0,2,0,13,True,True,True,True,True,True,0,0,1,30,0.75,1,1.0,28,0.75,12,0.75,11,0.75,False,30,0.75,1,1.0,28,0.75,11,0.75,0.032183908045977,1.0,4.0,0.5,0.9333333333333332,0.5,0.0,1.0,2,1.0,0.2172413793103448,1.0,0.8918918918918919,0.75,0.7857142857142857,0.75,0,1.0,0,1.0,0.8125,0.6666666666666666,1.0,0.8333333333333334,,1.0,,14,14,1,1,0,0,0,1,0,22,0,0,12,0.75,False,False,0.5,0.5,1.0,1.0,0.5,1.0,4,4,29,29,29,0.0,False,37,37,37,1,1.0,1.0,,nop -p (graphviz 15.0.0),False,0.875,0.7833333333333333,0.7425858769741623,,C:\Users\breis\Desktop\Software\pmo-dataset\bpmn\24.bpmn,30,37,3,3,10,0,1.0,1.0,1.0,1.0,1.0,1.0,1.0,1.0,0.0,0.0,1.0,1.0,1.0,1.0,1.0,1.0,0.75,0.6666666666666666,1.0,0.6666666666666666,0,1.0,0,1,1.0,30,0.75,28,0.75,10,0.5,12,0.75,0.032183908045977,1.0,4.0,0.5,0.9333333333333332,0.5,-0.0,1.0,2,1.0,0.8918918918918919,0.75,0.3214285714285714,0.25,0,1.0,0,1.0,0.2172413793103448,1.0,0.4856321839080459,0.9684684684684683,0.9021338250790304,0.5,0.5,0.4568965517241379,0.9369369369369368,0.9965753424657534,0.8076923076923077,1.0
25,False,C:\Users\breis\Desktop\Software\pmo-dataset\graphviz\25.dot,,1.0,11,11,0.9886363636363636,0.3125,0.6071428571428571,0.75,1.0,1.0,1.0,1,1,1.0,1,1,1.0,1.0,1,1,1.0,1,1,0.875,14,16,1.0,13,13,1.0,13,13,1.0,16,16,11,10,11,1,0,1.0,32,32,1.0,0,0,True,True,True,True,True,True,True,True,True,True,1.0,1,1,13,16,32,39,0,0,0,8,8,0,0,0,0,0,0,1,0,0,39,39,0,0,0,0,2,True,True,True,True,True,True,0,0,1,32,0.75,16,0.0,39,0.5,28,0.0,12,0.75,False,32,0.75,16,0.0,39,0.5,12,0.75,0.0393145161290322,1.0,3.0,1.0,1.21875,0.5,0.5118595071429148,1.0,14,0.75,0.8860887096774194,1.0,0.0769230769230769,1.0,0.1666666666666666,0.25,8,0.0,4,0.0,0.5,0.8333333333333334,0.9166666666666666,0.4166666666666667,,0.0,,14,14,8,8,12,4,0,0,6,5,0,0,11,0.75,False,False,0.5,0.5,1.0,1.0,0.5,1.0,4,4,16,16,16,0.0,False,30,30,30,1,1.0,1.0,,nop -p (graphviz 15.0.0),False,0.9505208333333334,0.6333333333333333,0.7857142857142857,,C:\Users\breis\Desktop\Software\pmo-dataset\bpmn\25.bpmn,32,39,0,1,0,0,1.0,1.0,1.0,1.0,1.0,1.0,1.0,1.0,1.0,0.875,1.0,1.0,1.0,0.3333333333333333,1.0,1.0,0.6,0.8333333333333334,0.9166666666666666,0.4166666666666667,0,0.0,0,16,0.0,32,0.75,39,0.5,0,1.0,11,0.75,0.0393145161290322,1.0,3.0,1.0,1.21875,0.5,0.5118595071429148,1.0,14,0.75,0.0769230769230769,1.0,0.1666666666666666,0.25,8,0.0,4,0.0,0.8860887096774194,1.0,0.5,1.0,1.0,0.5,0.5,0.5,1.0,1.0000000000000002,1.0,1.0
26,False,C:\Users\breis\Desktop\Software\pmo-dataset\graphviz\26.dot,,0.8181818181818182,9,11,0.9696969696969696,0.5,0.6964285714285714,0.7321428571428572,1.0,1.0,1.0,1,1,1.0,1,1,1.0,1.0,1,1,1.0,1,1,0.75,6,8,1.0,12,12,0.9166666666666666,11,12,1.0,8,8,11,9,11,1,0,1.0,22,22,1.0,0,0,True,True,True,True,True,True,False,True,True,False,1.0,1,1,12,8,22,26,0,0,1,5,3,0,0,0,0,2,0,0,0,0,26,26,0,0,0,0,0,False,False,True,True,True,True,1,0,1,22,1.0,8,0.0,26,0.75,20,0.25,12,0.75,False,22,1.0,8,0.0,26,0.75,12,0.75,0.0562770562770562,1.0,3.0,1.0,1.181818181818182,0.5,0.6309297535714574,0.75,8,1.0,0.6645021645021645,1.0,0.1153846153846153,1.0,0.4,0.5,3,0.5,4,0.0,0.625,0.8333333333333334,0.9166666666666666,0.6666666666666666,,0.0,,14,14,5,3,4,4,0,0,0,8,0,0,6,1.0,False,False,0.4642857142857143,0.4642857142857143,1.0,1.0,0.4642857142857143,1.0,4,4,14,14,14,0.0,False,18,18,18,1,1.0,1.0,,nop -p (graphviz 15.0.0),True,0.9238782051282052,0.7333333333333333,0.7623382662405397,,C:\Users\breis\Desktop\Software\pmo-dataset\bpmn\26.bpmn,22,26,0,1,0,0,1.0,1.0,1.0,1.0,1.0,1.0,0.9166666666666666,1.0,1.0,0.75,1.0,1.0,1.0,0.1153846153846154,1.0,1.0,0.75,0.8333333333333334,0.9166666666666666,0.6666666666666666,0,0.0,0,8,0.0,22,1.0,26,0.75,0,1.0,6,1.0,0.0562770562770562,1.0,3.0,1.0,1.181818181818182,0.5,0.6309297535714574,0.75,8,1.0,0.1153846153846153,1.0,0.4,0.5,3,0.5,4,0.0,0.6645021645021645,1.0,0.4642857142857142,0.9776936026936028,0.9940617577197148,0.4642857142857143,0.4642857142857143,0.4642857142857143,0.9553872053872052,0.9881235154394298,1.0,1.0
27,False,C:\Users\breis\Desktop\Software\pmo-dataset\graphviz\27.dot,,1.0,11,11,0.9954545454545454,0.375,0.625,0.75,1.0,1.0,1.0,1,1,1.0,1,1,1.0,1.0,1,1,1.0,1,1,0.95,19,20,1.0,11,11,1.0,11,11,1.0,20,20,11,10,11,1,0,1.0,33,33,1.0,0,0,True,True,True,True,True,True,True,True,True,True,1.0,1,1,11,20,33,44,0,0,0,10,10,0,0,0,0,0,0,0,0,0,44,44,0,0,0,0,0,True,True,True,True,True,True,0,0,1,33,0.75,20,0.0,44,0.5,19,0.25,7,1.0,False,33,0.75,20,0.0,44,0.5,7,1.0,0.0416666666666666,1.0,3.2,1.0,1.3333333333333333,0.5,0.2959032742893845,1.0,21,0.75,0.3134469696969697,1.0,0.0227272727272727,1.0,0.0967741935483871,0.25,10,0.0,2,0.0,0.5625,0.8333333333333334,0.9166666666666666,0.4166666666666667,,0.0,,14,14,10,10,18,2,0,0,9,3,0,0,5,1.0,False,False,0.5,0.5,1.0,1.0,0.5,1.0,4,4,13,13,13,0.0,False,22,22,22,1,1.0,1.0,,nop -p (graphviz 15.0.0),True,0.9654605263157896,0.65,0.7857142857142857,,C:\Users\breis\Desktop\Software\pmo-dataset\bpmn\27.bpmn,33,44,0,1,0,0,1.0,1.0,1.0,1.0,1.0,1.0,1.0,1.0,1.0,0.9473684210526316,1.0,1.0,1.0,0.5,1.0,1.0,0.65,0.8333333333333334,0.9166666666666666,0.4166666666666667,0,0.0,0,20,0.0,33,0.75,44,0.5,0,1.0,5,1.0,0.0416666666666666,1.0,3.2,1.0,1.3333333333333333,0.5,0.2959032742893845,1.0,21,0.75,0.0227272727272727,1.0,0.0967741935483871,0.25,10,0.0,2,0.0,0.3134469696969697,1.0,0.5,1.0,1.0,0.5,0.5,0.5,1.0,1.0,1.0,1.0
28,False,C:\Users\breis\Desktop\Software\pmo-dataset\graphviz\28.dot,,1.0,11,11,1.0,0.4375,0.5892857142857143,0.75,1.0,1.0,1.0,1,1,1.0,1,1,1.0,1.0,1,1,1.0,1,1,1.0,10,10,1.0,15,15,1.0,15,15,1.0,12,12,11,11,11,1,0,1.0,29,29,1.0,0,0,True,True,True,True,True,True,True,True,True,True,1.0,1,1,15,12,29,35,0,0,0,6,6,0,0,0,0,0,0,0,0,0,35,35,0,0,0,0,0,True,True,True,True,True,True,0,0,1,29,1.0,12,0.0,35,0.5,23,0.25,11,0.75,False,29,1.0,12,0.0,35,0.5,11,0.75,0.043103448275862,1.0,3.1666666666666665,1.0,1.206896551724138,0.5,0.920619835714305,0.25,14,0.75,0.5307881773399015,1.0,0.0285714285714285,1.0,0.5185185185185185,0.5,6,0.0,6,0.0,0.5625,0.8333333333333334,0.6666666666666666,0.5,,0.0,,14,14,6,6,4,6,2,0,2,14,0,0,10,0.75,False,False,0.5,0.5,1.0,1.0,0.5,1.0,4,4,17,17,17,0.0,False,23,23,23,1,1.0,1.0,,nop -p (graphviz 15.0.0),True,0.9464285714285714,0.6166666666666667,0.7857142857142857,,C:\Users\breis\Desktop\Software\pmo-dataset\bpmn\28.bpmn,29,35,0,1,0,0,1.0,1.0,1.0,1.0,1.0,1.0,1.0,1.0,1.0,1.0,1.0,1.0,1.0,0.1428571428571429,1.0,1.0,0.65,0.8333333333333334,0.6666666666666666,0.5,0,0.0,0,12,0.0,29,1.0,35,0.5,0,1.0,10,0.75,0.043103448275862,1.0,3.1666666666666665,1.0,1.206896551724138,0.5,0.920619835714305,0.25,14,0.75,0.0285714285714285,1.0,0.5185185185185185,0.5,6,0.0,6,0.0,0.5307881773399015,1.0,0.5,1.0,1.0,0.5,0.5,0.5,1.0,1.0,1.0,1.0
29,False,C:\Users\breis\Desktop\Software\pmo-dataset\graphviz\29.dot,,0.8181818181818182,9,11,0.9772727272727274,0.375,0.5535714285714286,0.7282608695652174,1.0,1.0,1.0,1,1,1.0,1,1,1.0,1.0,1,1,1.0,1,1,0.9166666666666666,11,12,1.0,21,21,1.0,21,21,0.8333333333333334,10,12,11,9,11,1,0,1.0,35,35,1.0,0,0,True,True,True,True,True,True,True,False,False,True,1.0,1,1,21,12,35,50,0,0,0,7,7,2,2,0,2,0,0,0,0,0,50,50,0,0,0,0,0,True,True,True,True,True,True,0,0,1,35,0.75,12,0.0,50,0.5,21,0.25,11,0.75,False,35,0.75,12,0.0,50,0.5,11,0.75,0.042016806722689,1.0,4.666666666666667,0.0,1.4285714285714286,0.5,0.410118486306518,1.0,17,0.75,0.7294117647058823,1.0,0.06,1.0,0.1818181818181818,0.25,5,0.25,12,0.0,0.5,0.5,0.9166666666666666,0.5,,0.0,,14,14,7,7,10,2,0,0,4,6,0,0,7,1.0,False,False,0.4565217391304347,0.4565217391304347,1.0,1.0,0.4565217391304347,1.0,4,4,23,23,23,0.0,False,67,67,67,1,1.0,1.0,,nop -p (graphviz 15.0.0),True,0.935625,0.6,0.7599471057035084,,C:\Users\breis\Desktop\Software\pmo-dataset\bpmn\29.bpmn,35,50,0,1,0,0,1.0,1.0,1.0,1.0,1.0,1.0,1.0,1.0,0.8333333333333334,0.9166666666666666,1.0,1.0,1.0,0.2199999999999999,1.0,1.0,0.65,0.5,0.9166666666666666,0.5,0,0.0,0,12,0.0,35,0.75,50,0.5,0,1.0,7,1.0,0.042016806722689,1.0,4.666666666666666,0.0,1.4285714285714286,0.5,0.410118486306518,1.0,17,0.75,0.06,1.0,0.1818181818181818,0.25,5,0.25,12,0.0,0.7294117647058823,1.0,0.4624741200828157,0.9769732550554469,0.9891304347826086,0.4565217391304347,0.4565217391304347,0.4743788819875776,0.9539465101108936,0.9782608695652174,1.0,1.0
30,False,C:\Users\breis\Desktop\Software\pmo-dataset\graphviz\30.dot,,0.8181818181818182,9,11,0.9684343434343436,0.5,0.6607142857142857,0.75,1.0,1.0,1.0,1,1,1.0,1,1,1.0,1.0,1,1,1.0,1,1,0.875,7,8,1.0,9,9,0.7777777777777778,7,9,1.0,8,8,11,9,11,1,0,1.0,22,22,1.0,0,0,True,True,True,True,True,True,False,True,True,False,1.0,1,1,9,8,22,26,0,0,2,5,3,0,0,0,0,2,0,3,0,0,26,26,0,0,0,0,6,False,False,True,True,True,True,2,0,1,22,1.0,8,0.0,26,0.75,18,0.25,12,0.75,False,22,1.0,8,0.0,26,0.75,12,0.75,0.0562770562770562,1.0,3.0,1.0,1.181818181818182,0.5,0.5118595071429148,1.0,9,1.0,0.512987012987013,1.0,0.2692307692307692,0.25,0.5,0.5,3,0.5,2,0.0,0.625,0.8333333333333334,1.0,0.4166666666666667,,0.0,,14,14,5,3,6,2,0,0,4,10,0,0,13,0.5,False,False,0.5,0.5,1.0,1.0,0.5,1.0,4,4,14,14,14,0.0,False,17,17,17,1,1.0,1.0,,nop -p (graphviz 15.0.0),False,0.9428418803418804,0.6666666666666666,0.7857142857142857,,C:\Users\breis\Desktop\Software\pmo-dataset\bpmn\30.bpmn,22,26,0,1,0,0,1.0,1.0,1.0,1.0,1.0,1.0,0.7777777777777778,1.0,1.0,1.0,1.0,1.0,1.0,0.3076923076923077,1.0,1.0,0.65,0.8333333333333334,1.0,0.4166666666666667,0,0.0,0,8,0.0,22,1.0,26,0.75,0,1.0,13,0.5,0.0562770562770562,1.0,3.0,1.0,1.181818181818182,0.5,0.5118595071429148,1.0,9,1.0,0.2692307692307692,0.25,0.5,0.5,3,0.5,2,0.0,0.512987012987013,1.0,0.5,1.0,1.0,0.5,0.5,0.5,1.0,1.0000000000000002,1.0,1.0
31,False,C:\Users\breis\Desktop\Software\pmo-dataset\graphviz\31.dot,,1.0,11,11,0.993939393939394,0.3125,0.6071428571428571,0.75,1.0,1.0,1.0,1,1,1.0,1,1,1.0,1.0,1,1,1.0,1,1,0.9333333333333332,14,15,1.0,15,15,1.0,15,15,1.0,15,15,11,10,11,1,0,1.0,32,32,1.0,0,0,True,True,True,True,True,True,True,True,True,True,1.0,1,1,15,15,32,40,0,0,0,8,7,0,0,0,0,0,0,0,0,0,40,40,0,0,0,0,0,True,True,True,True,True,True,0,0,1,32,0.75,15,0.0,40,0.5,26,0.0,11,0.75,False,32,0.75,15,0.0,40,0.5,11,0.75,0.0403225806451612,1.0,3.2,1.0,1.25,0.5,0.6289054987282648,0.75,12,1.0,0.5060483870967742,1.0,0.025,1.0,0.2,0.25,7,0.0,10,0.0,0.5,0.8333333333333334,0.9166666666666666,0.4166666666666667,,0.0,,14,14,8,7,7,8,0,0,4,6,0,0,9,0.75,False,False,0.5,0.5,1.0,1.0,0.5,1.0,4,4,17,17,17,0.0,False,24,24,24,1,1.0,1.0,,nop -p (graphviz 15.0.0),True,0.9505208333333334,0.6333333333333333,0.7857142857142857,,C:\Users\breis\Desktop\Software\pmo-dataset\bpmn\31.bpmn,32,40,0,1,0,0,1.0,1.0,1.0,1.0,1.0,1.0,1.0,1.0,1.0,0.9333333333333332,1.0,1.0,1.0,0.275,1.0,1.0,0.6,0.8333333333333334,0.9166666666666666,0.4166666666666667,0,0.0,0,15,0.0,32,0.75,40,0.5,0,1.0,9,0.75,0.0403225806451612,1.0,3.2,1.0,1.25,0.5,0.6289054987282648,0.75,12,1.0,0.025,1.0,0.2,0.25,7,0.0,10,0.0,0.5060483870967742,1.0,0.5,1.0,1.0,0.5,0.5,0.5,1.0,1.0,1.0,1.0
32,False,C:\Users\breis\Desktop\Software\pmo-dataset\graphviz\32.dot,,1.0,11,11,0.987012987012987,0.3125,0.5714285714285714,0.7352941176470589,1.0,1.0,1.0,1,1,1.0,1,1,1.0,1.0,1,1,1.0,1,1,0.8571428571428571,12,14,1.0,15,15,1.0,15,15,1.0,14,14,11,10,11,1,1,1.0,31,31,1.0,0,0,True,True,True,True,True,True,True,True,True,True,1.0,1,1,15,14,31,37,0,0,0,7,7,0,0,0,0,0,0,0,0,0,37,37,0,0,0,0,0,True,True,True,True,True,True,0,0,1,31,0.75,14,0.0,37,0.5,26,0.0,12,0.75,False,31,0.75,14,0.0,37,0.5,12,0.75,0.0397849462365591,1.0,3.0,1.0,1.1935483870967742,0.5,0.8699155297736259,0.5,13,0.75,0.5967741935483871,1.0,0.081081081081081,1.0,0.2758620689655172,0.25,7,0.0,4,0.0,0.5,0.8333333333333334,0.75,0.4166666666666667,,0.0,,14,14,7,7,8,4,2,0,4,8,0,0,9,0.75,False,False,0.4705882352941176,0.4705882352941176,1.0,1.0,0.4705882352941176,1.0,4,4,17,17,17,0.0,False,29,29,29,1,1.0,1.0,,nop -p (graphviz 15.0.0),True,0.9691119691119692,0.6,0.7665273626574919,,C:\Users\breis\Desktop\Software\pmo-dataset\bpmn\32.bpmn,31,37,1,1,0,3,1.0,1.0,1.0,1.0,1.0,1.0,1.0,1.0,1.0,0.8571428571428572,1.0,1.0,1.0,0.6486486486486487,1.0,1.0,0.6,0.8333333333333334,0.75,0.4166666666666667,0,0.0,0,14,0.0,31,0.75,37,0.5,0,1.0,9,0.75,0.0397849462365591,1.0,3.0,1.0,1.1935483870967742,0.5,0.8699155297736259,0.5,13,0.75,0.081081081081081,1.0,0.2758620689655172,0.25,7,0.0,4,0.0,0.5967741935483871,1.0,0.4735294117647058,0.9800704486466444,0.9924812030075189,0.475,0.475,0.4705882352941176,0.9601408972932888,0.9849624060150374,1.0,1.0
33,False,C:\Users\breis\Desktop\Software\pmo-dataset\graphviz\33.dot,,1.0,11,11,0.981818181818182,0.5,0.6964285714285714,0.75,1.0,1.0,1.0,1,1,1.0,1,1,1.0,1.0,1,1,1.0,1,1,0.8,8,10,1.0,13,13,1.0,13,13,1.0,10,10,11,10,11,1,0,1.0,25,25,1.0,0,0,True,True,True,True,True,True,True,True,True,True,1.0,1,1,13,10,25,29,0,0,0,5,5,0,0,0,0,0,0,0,0,0,29,29,0,0,0,0,0,True,True,True,True,True,True,0,0,1,25,1.0,10,0.0,29,0.75,20,0.25,11,0.75,False,25,1.0,10,0.0,29,0.75,11,0.75,0.0483333333333333,1.0,3.0,1.0,1.16,0.5,0.4554859150035951,1.0,9,1.0,0.5383333333333333,1.0,0.1379310344827586,1.0,0.391304347826087,0.5,5,0.25,2,0.0,0.625,0.8333333333333334,1.0,0.5833333333333334,,0.0,,14,14,5,5,8,2,0,0,4,9,0,0,12,0.75,False,False,0.5,0.5,1.0,1.0,0.5,1.0,4,4,15,15,15,0.0,False,18,18,18,1,1.0,1.0,,nop -p (graphviz 15.0.0),True,0.9379310344827586,0.7166666666666667,0.7813121717179918,,C:\Users\breis\Desktop\Software\pmo-dataset\bpmn\33.bpmn,25,29,0,1,0,0,1.0,1.0,1.0,1.0,1.0,1.0,1.0,1.0,1.0,0.8,1.0,1.0,1.0,0.2068965517241379,1.0,1.0,0.7,0.8333333333333334,1.0,0.5833333333333334,0,0.0,0,10,0.0,25,1.0,29,0.75,0,1.0,12,0.75,0.0483333333333333,1.0,3.0,1.0,1.16,0.5,0.4554859150035951,1.0,9,1.0,0.1379310344827586,1.0,0.391304347826087,0.5,5,0.25,2,0.0,0.5383333333333333,1.0,0.4962962962962963,0.9912280701754386,0.9989200863930886,0.5,0.5,0.4888888888888889,0.9824561403508772,0.9978401727861772,1.0,1.0
34,False,C:\Users\breis\Desktop\Software\pmo-dataset\graphviz\34.dot,,1.0,11,11,1.0,0.5,0.6785714285714286,0.75,1.0,1.0,1.0,1,1,1.0,1,1,1.0,1.0,1,1,1.0,1,1,1.0,9,9,1.0,11,11,1.0,11,11,1.0,10,10,11,11,11,1,0,1.0,23,23,1.0,0,0,True,True,True,True,True,True,True,True,True,True,1.0,1,1,11,10,23,29,0,0,0,5,5,0,0,0,0,0,0,0,0,0,29,29,0,0,0,0,0,True,True,True,True,True,True,0,0,1,23,1.0,10,0.0,29,0.75,20,0.25,10,0.75,False,23,1.0,10,0.0,29,0.75,10,0.75,0.0573122529644268,1.0,3.4,1.0,1.2608695652173914,0.5,0.4554859150035951,1.0,9,1.0,0.9209486166007904,1.0,0.1034482758620689,1.0,0.1428571428571428,0.25,5,0.25,6,0.0,0.625,0.8333333333333334,1.0,0.5,,0.0,,14,14,5,5,8,2,0,0,4,3,0,0,6,1.0,False,False,0.5,0.5,1.0,1.0,0.5,1.0,4,4,13,13,13,0.0,False,23,23,23,1,1.0,1.0,,nop -p (graphviz 15.0.0),True,0.956896551724138,0.7166666666666667,0.7857142857142857,,C:\Users\breis\Desktop\Software\pmo-dataset\bpmn\34.bpmn,23,29,0,1,0,0,1.0,1.0,1.0,1.0,1.0,1.0,1.0,1.0,1.0,1.0,1.0,1.0,1.0,0.3103448275862068,1.0,1.0,0.75,0.8333333333333334,1.0,0.5,0,0.0,0,10,0.0,23,1.0,29,0.75,0,1.0,6,1.0,0.0573122529644268,1.0,3.4000000000000004,1.0,1.2608695652173914,0.5,0.4554859150035951,1.0,9,1.0,0.1034482758620689,1.0,0.1428571428571428,0.25,5,0.25,6,0.0,0.9209486166007904,1.0,0.5,1.0,1.0,0.5,0.5,0.5,1.0,1.0,1.0,1.0
35,False,C:\Users\breis\Desktop\Software\pmo-dataset\graphviz\35.dot,,0.8181818181818182,9,11,0.9469696969696968,0.6875,0.6964285714285714,0.75,1.0,1.0,1.0,1,1,1.0,1,1,1.0,1.0,1,1,1.0,1,1,0.5,2,4,1.0,12,12,0.9166666666666666,11,12,1.0,4,4,11,9,11,1,0,1.0,18,18,1.0,0,0,True,True,True,True,True,True,False,True,True,False,1.0,1,1,12,4,18,21,0,0,1,3,1,0,0,0,0,2,0,0,0,0,21,21,0,0,0,0,0,False,False,True,True,True,True,1,0,1,18,1.0,4,0.5,21,0.75,15,0.5,11,0.75,False,18,1.0,4,0.5,21,0.75,11,0.75,0.0686274509803921,1.0,3.5,1.0,1.1666666666666667,0.5,0.6309297535714574,0.75,5,1.0,0.545751633986928,1.0,0.3333333333333333,0.25,0.625,0.5,1,0.75,4,0.0,0.75,0.8333333333333334,0.9166666666666666,0.5,,0.0,,14,14,3,1,2,2,0,0,2,10,0,0,12,0.75,False,False,0.5,0.5,1.0,1.0,0.5,1.0,4,4,14,14,14,0.0,False,16,16,16,1,1.0,1.0,,nop -p (graphviz 15.0.0),True,0.9010416666666666,0.7166666666666667,0.7702581032412965,,C:\Users\breis\Desktop\Software\pmo-dataset\bpmn\35.bpmn,18,21,0,1,0,0,1.0,1.0,1.0,1.0,1.0,1.0,0.9166666666666666,1.0,1.0,0.5,1.0,1.0,1.0,0.0,1.0,1.0,0.8,0.8333333333333334,0.9166666666666666,0.5,0,0.0,0,4,0.5,18,1.0,21,0.75,0,1.0,12,0.75,0.0686274509803921,1.0,3.5,1.0,1.1666666666666667,0.5,0.6309297535714574,0.75,5,1.0,0.3333333333333333,0.25,0.625,0.5,1,0.75,4,0.0,0.545751633986928,1.0,0.4900793650793651,0.9607843137254902,1.0,0.5,0.5,0.4702380952380952,0.9215686274509804,1.0,1.0,1.0
36,False,C:\Users\breis\Desktop\Software\pmo-dataset\graphviz\36.dot,,0.8181818181818182,9,11,0.956818181818182,0.375,0.5535714285714286,0.7386363636363636,1.0,1.0,1.0,1,1,1.0,1,1,1.0,1.0,1,1,1.0,1,1,0.625,5,8,1.0,20,20,0.9,18,20,1.0,8,8,11,9,11,1,0,1.0,30,30,1.0,0,0,True,True,True,True,True,True,False,True,True,False,1.0,1,1,20,8,30,39,0,0,2,5,3,0,0,0,0,2,0,0,0,0,39,39,0,0,0,0,0,False,False,True,True,True,True,2,0,1,30,0.75,8,0.0,39,0.5,20,0.25,13,0.5,False,30,0.75,8,0.0,39,0.5,13,0.5,0.0448275862068965,1.0,4.25,0.0,1.3,0.5,0.6309297535714574,0.75,11,1.0,0.4850574712643678,1.0,0.1538461538461538,1.0,0.25,0.25,3,0.5,8,0.0,0.4375,0.5,0.9166666666666666,0.5833333333333334,,0.0,,14,14,5,3,4,4,0,0,3,7,0,0,8,0.75,False,False,0.4772727272727273,0.4772727272727273,1.0,1.0,0.4772727272727273,1.0,4,4,22,22,22,0.0,False,31,31,31,1,1.0,1.0,,nop -p (graphviz 15.0.0),False,0.909415064102564,0.6,0.774215686314836,,C:\Users\breis\Desktop\Software\pmo-dataset\bpmn\36.bpmn,30,39,0,1,0,0,1.0,1.0,1.0,1.0,1.0,1.0,0.9,1.0,1.0,0.625,1.0,1.0,1.0,0.0256410256410256,1.0,1.0,0.6,0.5,0.9166666666666666,0.5833333333333334,0,0.0,0,8,0.0,30,0.75,39,0.5,0,1.0,8,0.75,0.0448275862068965,1.0,4.25,0.0,1.3,0.5,0.6309297535714574,0.75,11,1.0,0.1538461538461538,1.0,0.25,0.25,3,0.5,8,0.0,0.4850574712643678,1.0,0.4810606060606061,0.9918458781362008,0.996318114874816,0.4772727272727273,0.4772727272727273,0.4886363636363636,0.9836917562724016,0.9926362297496318,1.0,1.0
37,False,C:\Users\breis\Desktop\Software\pmo-dataset\graphviz\37.dot,,0.8181818181818182,9,11,0.9743801652892562,0.5,0.6785714285714286,0.75,1.0,1.0,1.0,1,1,1.0,1,1,1.0,1.0,1,1,1.0,1,1,0.8181818181818182,9,11,1.0,10,10,0.9,9,10,1.0,11,11,11,9,11,1,0,1.0,23,23,1.0,0,0,True,True,True,True,True,True,False,True,True,False,1.0,1,1,10,11,23,30,0,0,1,6,5,0,0,0,0,1,0,0,0,0,30,30,0,0,0,0,0,False,False,True,True,True,True,1,0,1,23,1.0,11,0.0,30,0.75,19,0.25,8,0.75,False,23,1.0,11,0.0,30,0.75,8,0.75,0.0592885375494071,1.0,3.363636363636364,1.0,1.3043478260869563,0.5,0.2772917256537884,1.0,12,1.0,0.6521739130434783,1.0,0.0333333333333333,1.0,0.2857142857142857,0.25,5,0.25,4,0.0,0.625,0.8333333333333334,1.0,0.5,,0.0,,14,14,6,5,10,1,0,0,6,6,0,0,6,1.0,False,False,0.5,0.5,1.0,1.0,0.5,1.0,4,4,12,12,12,0.0,False,24,24,24,1,1.0,1.0,,nop -p (graphviz 15.0.0),True,0.9407196969696968,0.7166666666666667,0.7857142857142857,,C:\Users\breis\Desktop\Software\pmo-dataset\bpmn\37.bpmn,23,30,0,1,0,0,1.0,1.0,1.0,1.0,1.0,1.0,0.9,1.0,1.0,0.8181818181818181,1.0,1.0,1.0,0.3333333333333333,1.0,1.0,0.75,0.8333333333333334,1.0,0.5,0,0.0,0,11,0.0,23,1.0,30,0.75,0,1.0,6,1.0,0.0592885375494071,1.0,3.363636363636364,1.0,1.3043478260869563,0.5,0.2959032742893845,1.0,12,1.0,0.0333333333333333,1.0,0.2857142857142857,0.25,4,0.25,4,0.0,0.6521739130434783,1.0,0.5,1.0,1.0,0.5,0.5,0.5,1.0,1.0000000000000002,1.0,1.0
38,False,C:\Users\breis\Desktop\Software\pmo-dataset\graphviz\38.dot,,0.9090909090909092,10,11,0.9848484848484848,0.5,0.6964285714285714,0.75,1.0,1.0,1.0,1,1,1.0,1,1,1.0,1.0,1,1,1.0,1,1,0.8333333333333334,5,6,1.0,11,11,1.0,11,11,1.0,8,8,11,10,11,1,3,1.0,23,23,1.0,0,0,True,True,True,True,True,True,False,True,True,True,1.0,1,1,11,8,25,30,0,0,2,4,4,0,0,0,0,0,0,2,0,0,30,30,0,0,0,0,6,True,True,True,True,True,True,0,0,1,23,1.0,8,0.0,26,0.75,20,0.25,12,0.75,False,23,1.0,8,0.0,26,0.75,12,0.75,0.0513833992094861,1.0,3.0,1.0,1.1304347826086956,0.5,0.5118595071429148,1.0,7,1.0,0.5652173913043478,1.0,0.2307692307692307,1.0,0.5238095238095238,0.5,4,0.25,2,0.0,0.625,0.8333333333333334,1.0,0.5833333333333334,,0.0,,14,14,4,4,6,2,0,0,3,11,0,0,10,0.75,False,False,0.5,0.5,1.0,1.0,0.5,1.0,4,4,15,15,15,0.0,False,18,18,18,1,1.0,1.0,,nop -p (graphviz 15.0.0),False,0.9117445054945056,0.7,0.7857142857142857,,C:\Users\breis\Desktop\Software\pmo-dataset\bpmn\38.bpmn,23,26,3,1,4,2,1.0,1.0,1.0,1.0,1.0,1.0,1.0,1.0,1.0,0.8571428571428572,1.0,1.0,1.0,0.2307692307692307,0.5,1.0,0.65,0.8333333333333334,1.0,0.5833333333333334,0,0.0,0,8,0.0,23,1.0,26,0.75,4,0.75,10,0.75,0.0513833992094861,1.0,3.0,1.0,1.1304347826086956,0.5,0.5118595071429148,1.0,7,1.0,0.2307692307692307,1.0,0.5238095238095238,0.5,4,0.25,2,0.0,0.5652173913043478,1.0,0.5,1.0,1.0,0.5,0.5,0.5,1.0,1.0,1.0,1.0
39,False,C:\Users\breis\Desktop\Software\pmo-dataset\graphviz\39.dot,,1.0,11,11,0.9946524064171124,0.3125,0.6071428571428571,0.75,1.0,1.0,1.0,1,1,1.0,1,1,1.0,1.0,1,1,1.0,1,1,0.9411764705882352,16,17,1.0,15,15,1.0,15,15,1.0,18,18,11,10,11,1,0,1.0,35,35,1.0,0,0,True,True,True,True,True,True,True,True,True,True,1.0,1,1,15,18,35,44,0,0,0,9,9,0,0,0,0,0,0,0,0,0,44,44,0,0,0,0,0,True,True,True,True,True,True,0,0,1,35,0.75,18,0.0,44,0.5,32,0.0,14,0.5,False,35,0.75,18,0.0,44,0.5,14,0.5,0.0369747899159663,1.0,3.111111111111111,1.0,1.2571428571428571,0.5,0.3175206571427802,1.0,17,0.75,0.5243697478991597,1.0,0.0681818181818181,1.0,0.4242424242424242,0.5,9,0.0,4,0.0,0.4375,0.8333333333333334,0.9166666666666666,0.5,,0.0,,14,14,9,9,16,2,0,0,8,14,0,0,10,0.75,False,False,0.5,0.5,1.0,1.0,0.5,1.0,4,4,17,17,17,0.0,False,30,30,30,1,1.0,1.0,,nop -p (graphviz 15.0.0),True,0.957971256684492,0.65,0.7857142857142857,,C:\Users\breis\Desktop\Software\pmo-dataset\bpmn\39.bpmn,35,44,0,1,0,0,1.0,1.0,1.0,1.0,1.0,1.0,1.0,1.0,1.0,0.9411764705882352,1.0,1.0,1.0,0.3863636363636363,1.0,1.0,0.6,0.8333333333333334,0.9166666666666666,0.5,0,0.0,0,18,0.0,35,0.75,44,0.5,0,1.0,10,0.75,0.0369747899159663,1.0,3.1111111111111107,1.0,1.2571428571428571,0.5,0.3175206571427802,1.0,17,0.75,0.0681818181818181,1.0,0.4242424242424242,0.5,9,0.0,4,0.0,0.5243697478991597,1.0,0.5,1.0,1.0,0.5,0.5,0.5,1.0,1.0,1.0,1.0
40,False,C:\Users\breis\Desktop\Software\pmo-dataset\graphviz\40.dot,,1.0,11,11,0.981818181818182,0.5,0.6785714285714286,0.75,1.0,1.0,1.0,1,1,1.0,1,1,1.0,1.0,1,1,1.0,1,1,0.8,4,5,1.0,10,10,1.0,10,10,1.0,8,8,11,10,11,1,0,1.0,20,20,1.0,0,0,True,True,True,True,True,True,True,True,True,True,1.0,1,1,10,8,20,24,0,0,0,4,4,0,0,0,0,0,0,0,0,0,24,24,0,0,0,0,0,True,True,True,True,True,True,0,0,1,20,1.0,8,0.0,24,0.75,17,0.25,9,0.75,False,20,1.0,8,0.0,24,0.75,9,0.75,0.0631578947368421,1.0,3.25,1.0,1.2,0.5,0.5118595071429148,1.0,7,1.0,0.5394736842105263,1.0,0.0833333333333333,1.0,0.2777777777777778,0.25,4,0.25,4,0.0,0.625,0.8333333333333334,1.0,0.5,,0.0,,14,14,4,4,6,2,0,0,3,5,0,0,4,1.0,False,False,0.5,0.5,1.0,1.0,0.5,1.0,4,4,12,12,12,0.0,False,15,15,15,1,1.0,1.0,,nop -p (graphviz 15.0.0),True,0.9441964285714286,0.7166666666666667,0.7857142857142857,,C:\Users\breis\Desktop\Software\pmo-dataset\bpmn\40.bpmn,20,24,0,1,0,0,1.0,1.0,1.0,1.0,1.0,1.0,1.0,1.0,1.0,0.8571428571428572,1.0,1.0,1.0,0.25,1.0,1.0,0.75,0.8333333333333334,1.0,0.5,0,0.0,0,8,0.0,20,1.0,24,0.75,0,1.0,4,1.0,0.0631578947368421,1.0,3.25,1.0,1.2,0.5,0.5118595071429148,1.0,7,1.0,0.0833333333333333,1.0,0.2777777777777778,0.25,4,0.25,4,0.0,0.5394736842105263,1.0,0.5,1.0,1.0,0.5,0.5,0.5,1.0,1.0,1.0,1.0
41,False,C:\Users\breis\Desktop\Software\pmo-dataset\graphviz\41.dot,,0.8181818181818182,9,11,0.9114219114219112,0.5625,0.6607142857142857,0.7166666666666667,1.0,1.0,1.0,1,1,1.0,1,1,1.0,1.0,1,1,1.0,1,1,0.3333333333333333,2,6,1.0,13,13,0.6923076923076923,9,13,1.0,6,6,11,9,11,1,0,1.0,21,21,1.0,0,0,True,True,True,True,True,True,False,True,True,False,1.0,1,1,13,6,21,25,0,0,4,5,1,0,0,0,0,4,0,0,0,0,25,25,0,0,0,0,0,False,False,True,True,True,True,4,0,1,21,1.0,6,0.25,25,0.75,19,0.25,13,0.5,False,21,1.0,6,0.25,25,0.75,13,0.5,0.0595238095238095,1.0,3.0,1.0,1.1904761904761905,0.5,0.579380164285695,1.0,9,1.0,0.5642857142857143,1.0,0.32,0.25,0.3157894736842105,0.25,1,0.75,2,0.0,0.625,0.8333333333333334,1.0,0.4166666666666667,,0.0,,14,14,5,1,4,2,0,0,4,6,0,0,14,0.5,False,False,0.4333333333333333,0.4333333333333333,1.0,1.0,0.4333333333333333,1.0,4,4,15,15,15,0.0,False,18,18,18,1,1.0,1.0,,nop -p (graphviz 15.0.0),True,0.879102564102564,0.6833333333333333,0.7519108432995308,,C:\Users\breis\Desktop\Software\pmo-dataset\bpmn\41.bpmn,21,25,0,1,0,0,1.0,1.0,1.0,1.0,1.0,1.0,0.6923076923076923,1.0,1.0,0.3333333333333333,1.0,1.0,1.0,0.04,1.0,1.0,0.7,0.8333333333333334,1.0,0.4166666666666667,0,0.0,0,6,0.25,21,1.0,25,0.75,0,1.0,14,0.5,0.0595238095238095,1.0,3.0,1.0,1.1904761904761905,0.5,0.579380164285695,1.0,9,1.0,0.32,0.25,0.3157894736842105,0.25,1,0.75,2,0.0,0.5642857142857143,1.0,0.4472222222222222,0.9735449735449736,0.9873096446700508,0.4333333333333333,0.4333333333333333,0.475,0.9470899470899472,0.9746192893401016,1.0,1.0
42,False,C:\Users\breis\Desktop\Software\pmo-dataset\graphviz\42.dot,,0.9090909090909092,10,11,0.9454545454545454,0.75,0.7678571428571429,0.75,1.0,1.0,1.0,1,1,1.0,1,1,1.0,1.0,1,1,1.0,1,1,0.4,2,5,1.0,8,8,1.0,8,8,1.0,5,5,11,10,11,1,0,1.0,16,16,1.0,0,0,True,True,True,True,True,True,True,True,True,False,1.0,1,1,8,5,16,18,0,0,0,3,2,0,0,0,0,1,0,1,0,0,18,18,0,0,0,0,2,True,True,True,True,True,True,0,0,1,16,1.0,5,0.5,18,1.0,15,0.5,10,0.75,False,16,1.0,5,0.5,18,1.0,10,0.75,0.075,1.0,3.0,1.0,1.125,0.5,0.6126016192893442,1.0,5,1.0,0.6041666666666666,1.0,0.2222222222222222,1.0,0.5714285714285714,0.5,2,0.5,2,0.0,0.8125,0.8333333333333334,1.0,0.6666666666666666,,0.0,,14,14,3,2,3,2,0,0,2,8,0,0,11,0.75,False,False,0.5,0.5,1.0,1.0,0.5,1.0,4,4,11,11,11,0.0,False,13,13,13,1,1.0,1.0,,nop -p (graphviz 15.0.0),False,0.9104166666666668,0.7833333333333333,0.7857142857142857,,C:\Users\breis\Desktop\Software\pmo-dataset\bpmn\42.bpmn,16,18,0,1,0,0,1.0,1.0,1.0,1.0,1.0,1.0,1.0,1.0,1.0,0.4,1.0,1.0,1.0,0.1666666666666666,1.0,1.0,0.85,0.8333333333333334,1.0,0.6666666666666666,0,0.0,0,5,0.5,16,1.0,18,1.0,0,1.0,11,0.75,0.075,1.0,3.0,1.0,1.125,0.5,0.6126016192893442,1.0,5,1.0,0.2222222222222222,1.0,0.5714285714285714,0.5,2,0.5,2,0.0,0.6041666666666666,1.0,0.5,1.0,1.0,0.5,0.5,0.5,1.0,1.0,1.0,1.0
43,False,C:\Users\breis\Desktop\Software\pmo-dataset\graphviz\43.dot,,0.8181818181818182,9,11,0.9265734265734266,0.5625,0.6964285714285714,0.7166666666666667,1.0,1.0,1.0,1,1,1.0,1,1,1.0,1.0,1,1,1.0,1,1,0.5,3,6,1.0,13,13,0.6923076923076923,9,13,1.0,6,6,11,9,11,1,0,1.0,21,21,1.0,0,0,True,True,True,True,True,True,False,True,True,False,1.0,1,1,13,6,21,25,0,0,4,5,1,0,0,0,0,4,0,0,0,0,25,25,0,0,0,0,0,False,False,True,True,True,True,4,0,1,21,1.0,6,0.25,25,0.75,17,0.25,12,0.75,False,21,1.0,6,0.25,25,0.75,12,0.75,0.0595238095238095,1.0,3.0,1.0,1.1904761904761905,0.5,0.579380164285695,1.0,9,1.0,0.6071428571428571,1.0,0.32,0.25,0.5789473684210527,0.5,1,0.75,2,0.0,0.6875,0.8333333333333334,1.0,0.5,,0.0,,14,14,5,1,4,2,0,0,4,11,0,0,10,0.75,False,False,0.4333333333333333,0.4333333333333333,1.0,1.0,0.4333333333333333,1.0,4,4,15,15,15,0.0,False,18,18,18,1,1.0,1.0,,nop -p (graphviz 15.0.0),True,0.8895192307692308,0.7166666666666667,0.751534016761948,,C:\Users\breis\Desktop\Software\pmo-dataset\bpmn\43.bpmn,21,25,0,1,0,0,1.0,1.0,1.0,1.0,1.0,1.0,0.6923076923076923,1.0,1.0,0.5,1.0,1.0,1.0,0.04,1.0,1.0,0.75,0.8333333333333334,1.0,0.5,0,0.0,0,6,0.25,21,1.0,25,0.75,0,1.0,10,0.75,0.0595238095238095,1.0,3.0,1.0,1.1904761904761905,0.5,0.579380164285695,1.0,9,1.0,0.32,0.25,0.5789473684210527,0.5,1,0.75,2,0.0,0.6071428571428571,1.0,0.4481481481481482,0.9745196324143692,0.9836272040302269,0.4333333333333333,0.4333333333333333,0.4777777777777778,0.9490392648287383,0.9672544080604534,1.0,1.0
44,False,C:\Users\breis\Desktop\Software\pmo-dataset\graphviz\44.dot,,1.0,11,11,0.98989898989899,0.4375,0.6607142857142857,0.75,1.0,1.0,1.0,1,1,1.0,1,1,1.0,1.0,1,1,1.0,1,1,0.8888888888888888,8,9,1.0,15,15,1.0,15,15,1.0,10,10,11,10,11,1,0,1.0,28,28,1.0,0,0,True,True,True,True,True,True,True,True,True,True,1.0,1,1,15,10,28,32,0,0,0,5,5,0,0,0,0,0,0,1,0,0,32,32,0,0,0,0,2,True,True,True,True,True,True,0,0,1,28,1.0,10,0.0,32,0.75,24,0.0,14,0.5,False,28,1.0,10,0.0,32,0.75,14,0.5,0.0423280423280423,1.0,3.0,1.0,1.1428571428571428,0.5,0.6126016192893442,1.0,8,1.0,0.5277777777777778,1.0,0.21875,1.0,0.3461538461538461,0.25,5,0.25,4,0.0,0.5625,0.8333333333333334,1.0,0.5,,0.0,,14,14,5,5,6,4,0,0,3,9,0,0,14,0.5,False,False,0.5,0.5,1.0,1.0,0.5,1.0,4,4,18,18,18,0.0,False,23,23,23,1,1.0,1.0,,nop -p (graphviz 15.0.0),False,0.9403211805555556,0.6833333333333333,0.7857142857142857,,C:\Users\breis\Desktop\Software\pmo-dataset\bpmn\44.bpmn,28,32,0,1,0,0,1.0,1.0,1.0,1.0,1.0,1.0,1.0,1.0,1.0,0.8888888888888888,1.0,1.0,1.0,0.15625,1.0,1.0,0.65,0.8333333333333334,1.0,0.5,0,0.0,0,10,0.0,28,1.0,32,0.75,0,1.0,14,0.5,0.0423280423280423,1.0,3.0,1.0,1.1428571428571428,0.5,0.6126016192893442,1.0,8,1.0,0.21875,1.0,0.3461538461538461,0.25,5,0.25,4,0.0,0.5277777777777778,1.0,0.5,1.0,1.0,0.5,0.5,0.5,1.0,0.9999999999999998,1.0,1.0
45,False,C:\Users\breis\Desktop\Software\pmo-dataset\graphviz\45.dot,,1.0,11,11,1.0,0.5,0.6607142857142857,0.75,1.0,1.0,1.0,1,1,1.0,1,1,1.0,1.0,1,1,1.0,1,1,1.0,5,5,1.0,13,13,1.0,13,13,1.0,10,10,11,11,11,1,0,1.0,25,25,1.0,0,0,True,True,True,True,True,True,True,True,True,True,1.0,1,1,13,10,25,29,0,0,0,5,5,0,0,0,0,0,0,0,0,0,29,29,0,0,0,0,0,True,True,True,True,True,True,0,0,1,25,1.0,10,0.0,29,0.75,23,0.25,13,0.5,False,25,1.0,10,0.0,29,0.75,13,0.5,0.0483333333333333,1.0,3.0,1.0,1.16,0.5,0.6126016192893442,1.0,8,1.0,0.5583333333333333,1.0,0.1724137931034483,1.0,0.1739130434782608,0.25,5,0.25,4,0.0,0.5625,0.8333333333333334,1.0,0.5,,0.0,,14,14,5,5,6,4,0,0,3,4,0,0,4,1.0,False,False,0.5,0.5,1.0,1.0,0.5,1.0,4,4,15,15,15,0.0,False,19,19,19,1,1.0,1.0,,nop -p (graphviz 15.0.0),True,0.9499521072796936,0.7166666666666667,0.7857142857142857,,C:\Users\breis\Desktop\Software\pmo-dataset\bpmn\45.bpmn,25,29,0,1,0,0,1.0,1.0,1.0,1.0,1.0,1.0,1.0,1.0,1.0,0.8888888888888888,1.0,1.0,1.0,0.3103448275862068,1.0,1.0,0.75,0.8333333333333334,1.0,0.5,0,0.0,0,10,0.0,25,1.0,29,0.75,0,1.0,4,1.0,0.0483333333333333,1.0,3.0,1.0,1.16,0.5,0.6126016192893442,1.0,8,1.0,0.1724137931034483,1.0,0.1739130434782608,0.25,5,0.25,4,0.0,0.5583333333333333,1.0,0.5,1.0,1.0,0.5,0.5,0.5,1.0,1.0,1.0,1.0
46,False,C:\Users\breis\Desktop\Software\pmo-dataset\graphviz\46.dot,,0.8181818181818182,9,11,0.9787485242030696,0.5,0.6964285714285714,0.75,1.0,1.0,1.0,1,1,1.0,1,1,1.0,1.0,1,1,1.0,1,1,0.8571428571428571,6,7,1.0,11,11,0.9090909090909092,10,11,1.0,7,7,11,9,11,1,0,1.0,20,20,1.0,0,0,True,True,True,True,True,True,False,True,True,False,1.0,1,1,11,7,20,23,0,0,1,4,3,0,0,0,0,1,0,0,0,0,23,23,0,0,0,0,0,False,False,True,True,True,True,1,0,1,20,1.0,7,0.0,23,0.75,18,0.25,11,0.75,False,20,1.0,7,0.0,23,0.75,11,0.75,0.0605263157894736,1.0,3.0,1.0,1.15,0.5,0.5445684476282007,1.0,7,1.0,0.7236842105263158,1.0,0.217391304347826,1.0,0.3333333333333333,0.25,3,0.5,2,0.0,0.625,0.8333333333333334,1.0,0.5833333333333334,,0.0,,14,14,4,3,5,2,0,0,3,6,0,0,8,0.75,False,False,0.5,0.5,1.0,1.0,0.5,1.0,4,4,13,13,13,0.0,False,16,16,16,1,1.0,1.0,,nop -p (graphviz 15.0.0),True,0.9310417843026538,0.7166666666666667,0.7805340845595082,,C:\Users\breis\Desktop\Software\pmo-dataset\bpmn\46.bpmn,20,23,0,1,0,0,1.0,1.0,1.0,1.0,1.0,1.0,0.9090909090909092,1.0,1.0,0.8571428571428572,1.0,1.0,1.0,0.1304347826086956,1.0,1.0,0.7,0.8333333333333334,1.0,0.5833333333333334,0,0.0,0,7,0.0,20,1.0,23,0.75,0,1.0,8,0.75,0.0605263157894736,1.0,3.0,1.0,1.15,0.5,0.5445684476282007,1.0,7,1.0,0.217391304347826,1.0,0.3333333333333333,0.25,3,0.5,2,0.0,0.7236842105263158,1.0,0.4957264957264957,0.9895833333333331,0.998696219035202,0.5,0.5,0.4871794871794871,0.9791666666666666,0.997392438070404,1.0,1.0
47,False,C:\Users\breis\Desktop\Software\pmo-dataset\graphviz\47.dot,,1.0,11,11,0.9848484848484848,0.4375,0.6428571428571429,0.75,1.0,1.0,1.0,1,1,1.0,1,1,1.0,1.0,1,1,1.0,1,1,0.8333333333333334,5,6,1.0,13,13,1.0,13,13,1.0,12,12,11,10,11,1,0,1.0,27,27,1.0,0,0,True,True,True,True,True,True,True,True,True,True,1.0,1,1,13,12,27,32,0,0,0,6,6,0,0,0,0,0,0,0,0,0,32,32,0,0,0,0,0,True,True,True,True,True,True,0,0,1,27,1.0,12,0.0,32,0.75,24,0.0,13,0.5,False,27,1.0,12,0.0,32,0.75,13,0.5,0.0455840455840455,1.0,3.0,1.0,1.1851851851851851,0.5,0.410118486306518,1.0,11,1.0,0.5498575498575499,1.0,0.09375,1.0,0.08,0.25,6,0.0,2,0.0,0.5625,0.8333333333333334,1.0,0.4166666666666667,,0.0,,14,14,6,6,10,2,0,0,4,2,0,0,8,0.75,False,False,0.5,0.5,1.0,1.0,0.5,1.0,4,4,15,15,15,0.0,False,20,20,20,1,1.0,1.0,,nop -p (graphviz 15.0.0),True,0.9493963068181818,0.6833333333333333,0.7857142857142857,,C:\Users\breis\Desktop\Software\pmo-dataset\bpmn\47.bpmn,27,32,0,1,0,0,1.0,1.0,1.0,1.0,1.0,1.0,1.0,1.0,1.0,0.9090909090909092,1.0,1.0,1.0,0.28125,1.0,1.0,0.7,0.8333333333333334,1.0,0.4166666666666667,0,0.0,0,12,0.0,27,1.0,32,0.75,0,1.0,8,0.75,0.0455840455840455,1.0,3.0,1.0,1.1851851851851851,0.5,0.410118486306518,1.0,11,1.0,0.09375,1.0,0.08,0.25,6,0.0,2,0.0,0.5498575498575499,1.0,0.5,1.0,1.0,0.5,0.5,0.5,1.0,1.0,1.0,1.0
48,False,C:\Users\breis\Desktop\Software\pmo-dataset\graphviz\48.dot,,1.0,11,11,1.0,0.5,0.6785714285714286,0.7115384615384616,1.0,1.0,1.0,1,1,1.0,1,1,1.0,1.0,1,1,1.0,1,1,1.0,8,8,1.0,11,11,1.0,11,11,1.0,8,8,11,11,11,1,0,1.0,21,21,1.0,0,0,True,True,True,True,True,True,True,True,True,True,1.0,1,1,11,8,21,25,0,0,0,4,4,0,0,0,0,0,0,0,0,0,25,25,0,0,0,0,0,True,True,True,True,True,True,0,0,1,21,1.0,8,0.0,25,0.75,17,0.25,9,0.75,False,21,1.0,8,0.0,25,0.75,9,0.75,0.0595238095238095,1.0,3.25,1.0,1.1904761904761905,0.5,0.6309297535714574,0.75,6,1.0,0.5928571428571429,1.0,0.12,1.0,0.5263157894736842,0.5,4,0.25,6,0.0,0.625,0.8333333333333334,0.9166666666666666,0.5833333333333334,,0.0,,14,14,4,4,4,4,0,0,2,10,0,0,8,0.75,False,False,0.4230769230769231,0.4230769230769231,1.0,1.0,0.4230769230769231,1.0,4,4,13,13,13,0.0,False,21,21,21,1,1.0,1.0,,nop -p (graphviz 15.0.0),True,0.9475,0.7,0.7156994008497769,,C:\Users\breis\Desktop\Software\pmo-dataset\bpmn\48.bpmn,21,25,0,1,0,0,1.0,1.0,1.0,1.0,1.0,1.0,1.0,1.0,1.0,1.0,1.0,1.0,1.0,0.16,1.0,1.0,0.7,0.8333333333333334,0.9166666666666666,0.5833333333333334,0,0.0,0,8,0.0,21,1.0,25,0.75,0,1.0,8,0.75,0.0595238095238095,1.0,3.25,1.0,1.1904761904761905,0.5,0.6309297535714574,0.75,6,1.0,0.12,1.0,0.5263157894736842,0.5,4,0.25,6,0.0,0.5928571428571429,1.0,0.4322649572649573,0.9523809523809524,0.9041695146958304,0.4230769230769231,0.4230769230769231,0.4506410256410256,0.9047619047619048,0.9662337662337664,0.8421052631578947,1.0
49,False,C:\Users\breis\Desktop\Software\pmo-dataset\graphviz\49.dot,,1.0,11,11,1.0,0.625,0.7142857142857143,0.7083333333333334,1.0,1.0,1.0,1,1,1.0,1,1,1.0,1.0,1,1,1.0,1,1,1.0,4,4,1.0,10,10,1.0,10,10,1.0,6,6,11,11,11,1,0,1.0,18,18,1.0,0,0,True,True,True,True,True,True,True,True,True,True,1.0,1,1,10,6,18,20,0,0,0,3,3,0,0,0,0,0,0,0,0,0,20,20,0,0,0,0,0,True,True,True,True,True,True,0,0,1,18,1.0,6,0.25,20,0.75,15,0.5,9,0.75,False,18,1.0,6,0.25,20,0.75,9,0.75,0.065359477124183,1.0,3.0,1.0,1.1111111111111112,0.5,0.579380164285695,1.0,5,1.0,0.6437908496732027,1.0,0.25,1.0,0.3125,0.25,3,0.5,2,0.0,0.6875,0.8333333333333334,1.0,0.5833333333333334,,0.0,,14,14,3,3,4,2,0,0,0,5,0,0,8,0.75,False,False,0.4166666666666667,0.4166666666666667,1.0,1.0,0.4166666666666667,1.0,4,4,12,12,12,0.0,False,15,15,15,1,1.0,1.0,,nop -p (graphviz 15.0.0),True,1.0,0.7333333333333333,0.7362860826468421,,C:\Users\breis\Desktop\Software\pmo-dataset\bpmn\49.bpmn,18,20,0,1,0,0,1.0,1.0,1.0,1.0,1.0,1.0,1.0,1.0,1.0,1.0,1.0,1.0,1.0,1.0,1.0,1.0,0.75,0.8333333333333334,1.0,0.5833333333333334,0,0.0,0,6,0.25,18,1.0,20,0.75,0,1.0,8,0.75,0.065359477124183,1.0,3.0,1.0,1.1111111111111112,0.5,0.579380164285695,1.0,5,1.0,0.25,1.0,0.3125,0.25,3,0.5,2,0.0,0.6437908496732027,1.0,0.4236111111111111,0.9574074074074076,0.9841772151898734,0.4166666666666667,0.4166666666666667,0.4375,0.9148148148148147,0.9683544303797468,1.0,1.0
50,False,C:\Users\breis\Desktop\Software\pmo-dataset\graphviz\50.dot,,1.0,11,11,0.9090909090909092,0.875,0.8214285714285714,0.6944444444444444,1.0,1.0,1.0,1,1,1.0,1,1,1.0,1.0,1,1,1.0,1,1,0.0,0,2,1.0,7,7,1.0,7,7,1.0,2,2,11,10,11,1,0,1.0,11,11,1.0,0,0,True,True,True,True,True,True,True,True,True,True,1.0,1,1,7,2,11,11,0,0,0,1,1,0,0,0,0,0,0,0,0,0,11,11,0,0,0,0,0,True,True,True,True,True,True,0,0,1,11,1.0,2,0.75,11,1.0,10,0.75,8,0.75,False,11,1.0,2,0.75,11,1.0,8,0.75,0.1,1.0,3.0,1.0,1.0,0.5,0.0,1.0,2,1.0,0.7363636363636363,1.0,0.4545454545454545,0.25,0.5555555555555556,0.5,1,0.75,0,1.0,0.875,0.8333333333333334,1.0,0.5,,1.0,,14,14,1,1,2,0,0,0,0,5,0,0,11,0.75,False,False,0.3888888888888889,0.3888888888888889,1.0,1.0,0.3888888888888889,1.0,4,4,9,9,9,0.0,False,9,9,9,1,1.0,1.0,,nop -p (graphviz 15.0.0),True,0.9375,0.8333333333333334,0.7244451636975001,,C:\Users\breis\Desktop\Software\pmo-dataset\bpmn\50.bpmn,11,11,0,1,0,0,1.0,1.0,1.0,1.0,1.0,1.0,1.0,1.0,1.0,0.0,1.0,1.0,1.0,1.0,1.0,1.0,0.9,0.8333333333333334,1.0,0.5,0,1.0,0,2,0.75,11,1.0,11,1.0,0,1.0,11,0.75,0.1,1.0,3.0,1.0,1.0,0.5,-0.0,1.0,2,1.0,0.4545454545454545,0.25,0.5555555555555556,0.5,1,0.75,0,1.0,0.7363636363636363,1.0,0.4074074074074074,0.947811447811448,0.9766355140186916,0.3888888888888889,0.3888888888888889,0.4444444444444444,0.8956228956228957,0.9532710280373832,1.0,1.0
51,False,C:\Users\breis\Desktop\Software\pmo-dataset\graphviz\51.dot,,1.0,11,11,1.0,0.875,0.8392857142857143,0.7,1.0,1.0,1.0,1,1,1.0,1,1,1.0,1.0,1,1,1.0,1,1,1.0,1,1,1.0,8,8,1.0,8,8,1.0,2,2,11,11,11,1,0,1.0,12,12,1.0,0,0,True,True,True,True,True,True,True,True,True,True,1.0,1,1,8,2,12,12,0,0,0,1,1,0,0,0,0,0,0,0,0,0,12,12,0,0,0,0,0,True,True,True,True,True,True,0,0,1,12,1.0,2,0.75,12,1.0,10,0.75,8,0.75,False,12,1.0,2,0.75,12,1.0,8,0.75,0.0909090909090909,1.0,3.0,1.0,1.0,0.5,0.0,1.0,2,1.0,0.5606060606060606,1.0,0.5,0.5,0.6,0.5,1,0.75,0,1.0,0.875,0.8333333333333334,1.0,0.5833333333333334,,1.0,,14,14,1,1,2,0,0,0,0,6,0,0,8,0.75,False,False,0.4,0.4,1.0,1.0,0.4,1.0,4,4,10,10,10,0.0,False,10,10,10,1,1.0,1.0,,nop -p (graphviz 15.0.0),True,1.0,0.85,0.7220169677066229,,C:\Users\breis\Desktop\Software\pmo-dataset\bpmn\51.bpmn,12,12,0,1,0,0,1.0,1.0,1.0,1.0,1.0,1.0,1.0,1.0,1.0,1.0,1.0,1.0,1.0,1.0,1.0,1.0,0.9,0.8333333333333334,1.0,0.5833333333333334,0,1.0,0,2,0.75,12,1.0,12,1.0,0,1.0,8,0.75,0.0909090909090909,1.0,3.0,1.0,1.0,0.5,-0.0,1.0,2,1.0,0.5,0.5,0.6,0.5,1,0.75,0,1.0,0.5606060606060606,1.0,0.4083333333333334,0.9361111111111112,0.978448275862069,0.4,0.4,0.425,0.8722222222222222,0.9568965517241378,1.0,1.0
52,False,C:\Users\breis\Desktop\Software\pmo-dataset\graphviz\52.dot,,1.0,11,11,1.0,0.9375,0.875,0.6666666666666666,1.0,1.0,1.0,1,1,1.0,1,1,1.0,1.0,1,1,1.0,1,1,1.0,1,1,1.0,4,4,1.0,4,4,1.0,2,2,11,11,11,1,0,1.0,8,8,1.0,0,0,True,True,True,True,True,True,True,True,True,True,1.0,1,1,4,2,8,8,0,0,0,1,1,0,0,0,0,0,0,0,0,0,8,8,0,0,0,0,0,True,True,True,True,True,True,0,0,1,8,1.0,2,0.75,8,1.0,7,1.0,5,1.0,False,8,1.0,2,0.75,8,1.0,5,1.0,0.1428571428571428,0.75,3.0,1.0,1.0,0.5,0.0,1.0,2,1.0,0.625,1.0,0.25,1.0,0.6666666666666666,0.5,1,0.75,0,1.0,0.9375,0.75,1.0,0.75,,1.0,,14,14,1,1,2,0,0,0,0,4,0,0,5,1.0,False,False,0.3333333333333333,0.3333333333333333,1.0,1.0,0.3333333333333333,1.0,4,4,6,6,6,0.0,False,6,6,6,1,1.0,1.0,,nop -p (graphviz 15.0.0),True,1.0,0.8833333333333333,0.6799719887955182,,C:\Users\breis\Desktop\Software\pmo-dataset\bpmn\52.bpmn,8,8,0,1,0,0,1.0,1.0,1.0,1.0,1.0,1.0,1.0,1.0,1.0,1.0,1.0,1.0,1.0,1.0,1.0,1.0,0.95,0.75,1.0,0.75,0,1.0,0,2,0.75,8,1.0,8,1.0,0,1.0,5,1.0,0.1428571428571428,0.75,3.0,1.0,1.0,0.5,-0.0,1.0,2,1.0,0.25,1.0,0.6666666666666666,0.5,1,0.75,0,1.0,0.625,1.0,0.3472222222222221,0.8958333333333333,0.9632352941176472,0.3333333333333333,0.3333333333333333,0.375,0.7916666666666666,0.9264705882352942,1.0,1.0
53,False,C:\Users\breis\Desktop\Software\pmo-dataset\graphviz\53.dot,,1.0,11,11,1.0,0.9375,0.875,0.6666666666666666,1.0,1.0,1.0,1,1,1.0,1,1,1.0,1.0,1,1,1.0,1,1,1.0,1,1,1.0,4,4,1.0,4,4,1.0,2,2,11,11,11,1,0,1.0,8,8,1.0,0,0,True,True,True,True,True,True,True,True,True,True,1.0,1,1,4,2,8,8,0,0,0,1,1,0,0,0,0,0,0,0,0,0,8,8,0,0,0,0,0,True,True,True,True,True,True,0,0,1,8,1.0,2,0.75,8,1.0,7,1.0,5,1.0,False,8,1.0,2,0.75,8,1.0,5,1.0,0.1428571428571428,0.75,3.0,1.0,1.0,0.5,0.0,1.0,2,1.0,0.625,1.0,0.25,1.0,0.6666666666666666,0.5,1,0.75,0,1.0,0.9375,0.75,1.0,0.75,,1.0,,14,14,1,1,2,0,0,0,0,4,0,0,5,1.0,False,False,0.3333333333333333,0.3333333333333333,1.0,1.0,0.3333333333333333,1.0,4,4,6,6,6,0.0,False,6,6,6,1,1.0,1.0,,nop -p (graphviz 15.0.0),True,1.0,0.8833333333333333,0.6799719887955182,,C:\Users\breis\Desktop\Software\pmo-dataset\bpmn\53.bpmn,8,8,0,1,0,0,1.0,1.0,1.0,1.0,1.0,1.0,1.0,1.0,1.0,1.0,1.0,1.0,1.0,1.0,1.0,1.0,0.95,0.75,1.0,0.75,0,1.0,0,2,0.75,8,1.0,8,1.0,0,1.0,5,1.0,0.1428571428571428,0.75,3.0,1.0,1.0,0.5,-0.0,1.0,2,1.0,0.25,1.0,0.6666666666666666,0.5,1,0.75,0,1.0,0.625,1.0,0.3472222222222221,0.8958333333333333,0.9632352941176472,0.3333333333333333,0.3333333333333333,0.375,0.7916666666666666,0.9264705882352942,1.0,1.0
54,False,C:\Users\breis\Desktop\Software\pmo-dataset\graphviz\54.dot,,1.0,11,11,1.0,1.0,0.9285714285714286,0.65,1.0,1.0,1.0,1,1,1.0,1,1,1.0,1.0,1,1,1.0,1,1,1.0,0,0,1.0,3,3,1.0,3,3,1.0,0,0,11,11,9,1,0,1.0,5,5,1.0,0,0,True,True,True,True,True,True,True,True,True,True,1.0,1,1,3,0,5,4,0,0,0,0,0,0,0,0,0,0,0,0,0,0,4,4,0,0,0,0,0,True,True,True,True,True,True,0,0,1,5,1.0,0,1.0,4,1.0,5,1.0,5,1.0,False,5,1.0,0,1.0,4,1.0,5,1.0,0.2,0.75,,,0.8,0.75,0.0,1.0,0,1.0,0.75,1.0,1.0,0.75,1.0,0.75,0,1.0,0,1.0,1.0,0.8333333333333334,1.0,0.8333333333333334,,1.0,,13,14,0,0,0,0,0,0,0,3,0,0,5,1.0,False,False,0.3,0.3,1.0,1.0,0.3,1.0,4,4,5,5,5,0.0,False,4,4,4,1,1.0,1.0,,nop -p (graphviz 15.0.0),True,1.0,0.9333333333333332,0.6635307781649245,,C:\Users\breis\Desktop\Software\pmo-dataset\bpmn\54.bpmn,5,4,0,1,0,0,1.0,1.0,1.0,1.0,1.0,1.0,1.0,1.0,1.0,1.0,1.0,1.0,1.0,1.0,1.0,1.0,1.0,0.8333333333333334,1.0,0.8333333333333334,0,1.0,0,0,1.0,5,1.0,4,1.0,0,1.0,5,1.0,0.2,0.75,0.0,1.0,0.8,0.75,0.0,1.0,0,1.0,1.0,0.75,1.0,0.75,0,1.0,0,1.0,0.75,1.0,0.3333333333333333,0.8833333333333333,0.9390243902439024,0.3,0.3,0.4,0.7666666666666667,0.8780487804878048,1.0,1.0
55,False,C:\Users\breis\Desktop\Software\pmo-dataset\graphviz\55.dot,,1.0,11,11,1.0,0.3125,0.6428571428571429,0.7338709677419355,1.0,1.0,1.0,1,1,1.0,1,1,1.0,1.0,1,1,1.0,1,1,1.0,7,7,1.0,29,29,1.0,29,29,1.0,7,7,11,11,11,1,0,1.0,38,38,1.0,0,0,True,True,True,True,True,True,True,True,True,True,1.0,1,1,29,7,38,42,0,0,0,4,3,0,0,0,0,0,0,0,0,0,42,42,0,0,0,0,0,True,True,True,True,True,True,0,0,1,38,0.75,7,0.0,42,0.5,35,0.0,28,0.0,False,38,0.75,7,0.0,42,0.5,28,0.0,0.0298719772403982,1.0,3.4285714285714284,1.0,1.105263157894737,0.5,0.0,1.0,9,1.0,0.5896159317211949,1.0,0.4761904761904761,0.25,0.5833333333333334,0.5,3,0.5,0,1.0,0.3125,0.8333333333333334,1.0,0.4166666666666667,,1.0,,14,14,4,3,7,0,0,0,3,21,0,0,15,0.5,False,False,0.4677419354838709,0.4677419354838709,1.0,1.0,0.4677419354838709,1.0,4,4,31,31,31,0.0,False,35,35,35,1,1.0,1.0,,nop -p (graphviz 15.0.0),True,1.0,0.7,0.7684898217581758,,C:\Users\breis\Desktop\Software\pmo-dataset\bpmn\55.bpmn,38,42,0,1,0,0,1.0,1.0,1.0,1.0,1.0,1.0,1.0,1.0,1.0,1.0,1.0,1.0,1.0,1.0,1.0,1.0,0.55,0.8333333333333334,1.0,0.4166666666666667,0,1.0,0,7,0.0,38,0.75,42,0.5,0,1.0,15,0.5,0.0298719772403982,1.0,3.4285714285714284,1.0,1.105263157894737,0.5,-0.0,1.0,9,1.0,0.4761904761904761,0.25,0.5833333333333334,0.5,3,0.5,0,1.0,0.5896159317211949,1.0,0.4731182795698925,0.9860902255639098,0.9939467312348668,0.4677419354838709,0.4677419354838709,0.4838709677419355,0.9721804511278196,0.9878934624697336,1.0,1.0
