item,profile,n_rename,n_add_edge,n_remove_edge,common_nodes_edges,common_nodes,common_edges,expected_full,check,n_nodes_manipulated,n_nodes_original,n_nodes_matched,n_edges_manipulated,n_edges_original,n_edges_matched,n_unmatched_nodes,n_unmatched_edges,manipulated_path,original_path,note
01,unknown,,,,1.0,1.0,1.0,,,10,10,10,13,13,13,0,0,C:\Users\breis\Desktop\Data_Sets\pmo-dataset\Graphviz\01.dot,C:\Users\breis\Desktop\Data_Sets\pmo-dataset\graphviz\01.dot,
02,unknown,,,,1.0,1.0,1.0,,,18,18,18,23,23,23,0,0,C:\Users\breis\Desktop\Data_Sets\pmo-dataset\Graphviz\02.dot,C:\Users\breis\Desktop\Data_Sets\pmo-dataset\graphviz\02.dot,
03,unknown,,,,1.0,1.0,1.0,,,13,13,13,15,15,15,0,0,C:\Users\breis\Desktop\Data_Sets\pmo-dataset\Graphviz\03.dot,C:\Users\breis\Desktop\Data_Sets\pmo-dataset\graphviz\03.dot,
04,unknown,,,,1.0,1.0,1.0,,,12,12,12,16,16,16,0,0,C:\Users\breis\Desktop\Data_Sets\pmo-dataset\Graphviz\04.dot,C:\Users\breis\Desktop\Data_Sets\pmo-dataset\graphviz\04.dot,
05,unknown,,,,1.0,1.0,1.0,,,13,13,13,16,16,16,0,0,C:\Users\breis\Desktop\Data_Sets\pmo-dataset\Graphviz\05.dot,C:\Users\breis\Desktop\Data_Sets\pmo-dataset\graphviz\05.dot,
06,unknown,,,,1.0,1.0,1.0,,,12,12,12,14,14,14,0,0,C:\Users\breis\Desktop\Data_Sets\pmo-dataset\Graphviz\06.dot,C:\Users\breis\Desktop\Data_Sets\pmo-dataset\graphviz\06.dot,
07,unknown,,,,1.0,1.0,1.0,,,15,15,15,26,26,26,0,0,C:\Users\breis\Desktop\Data_Sets\pmo-dataset\Graphviz\07.dot,C:\Users\breis\Desktop\Data_Sets\pmo-dataset\graphviz\07.dot,
08,unknown,,,,1.0,1.0,1.0,,,14,14,14,16,16,16,0,0,C:\Users\breis\Desktop\Data_Sets\pmo-dataset\Graphviz\08.dot,C:\Users\breis\Desktop\Data_Sets\pmo-dataset\graphviz\08.dot,
09,unknown,,,,1.0,1.0,1.0,,,15,15,15,21,21,21,0,0,C:\Users\breis\Desktop\Data_Sets\pmo-dataset\Graphviz\09.dot,C:\Users\breis\Desktop\Data_Sets\pmo-dataset\graphviz\09.dot,
10,unknown,,,,1.0,1.0,1.0,,,11,11,11,15,15,15,0,0,C:\Users\breis\Desktop\Data_Sets\pmo-dataset\Graphviz\10.dot,C:\Users\breis\Desktop\Data_Sets\pmo-dataset\graphviz\10.dot,
11,unknown,,,,1.0,1.0,1.0,,,14,14,14,30,30,30,0,0,C:\Users\breis\Desktop\Data_Sets\pmo-dataset\Graphviz\11.dot,C:\Users\breis\Desktop\Data_Sets\pmo-dataset\graphviz\11.dot,
12,unknown,,,,1.0,1.0,1.0,,,12,12,12,14,14,14,0,0,C:\Users\breis\Desktop\Data_Sets\pmo-dataset\Graphviz\12.dot,C:\Users\breis\Desktop\Data_Sets\pmo-dataset\graphviz\12.dot,
13,unknown,,,,1.0,1.0,1.0,,,11,11,11,12,12,12,0,0,C:\Users\breis\Desktop\Data_Sets\pmo-dataset\Graphviz\13.dot,C:\Users\breis\Desktop\Data_Sets\pmo-dataset\graphviz\13.dot,
14,unknown,,,,1.0,1.0,1.0,,,12,12,12,12,12,12,0,0,C:\Users\breis\Desktop\Data_Sets\pmo-dataset\Graphviz\14.dot,C:\Users\breis\Desktop\Data_Sets\pmo-dataset\graphviz\14.dot,
15,unknown,,,,1.0,1.0,1.0,,,12,12,12,14,14,14,0,0,C:\Users\breis\Desktop\Data_Sets\pmo-dataset\Graphviz\15.dot,C:\Users\breis\Desktop\Data_Sets\pmo-dataset\graphviz\15.dot,
16,unknown,,,,1.0,1.0,1.0,,,26,26,26,39,39,39,0,0,C:\Users\breis\Desktop\Data_Sets\pmo-dataset\Graphviz\16.dot,C:\Users\breis\Desktop\Data_Sets\pmo-dataset\graphviz\16.dot,
17,unknown,,,,1.0,1.0,1.0,,,27,27,27,35,35,35,0,0,C:\Users\breis\Desktop\Data_Sets\pmo-dataset\Graphviz\17.dot,C:\Users\breis\Desktop\Data_Sets\pmo-dataset\graphviz\17.dot,
18,unknown,,,,1.0,1.0,1.0,,,28,28,28,45,45,45,0,0,C:\Users\breis\Desktop\Data_Sets\pmo-dataset\Graphviz\18.dot,C:\Users\breis\Desktop\Data_Sets\pmo-dataset\graphviz\18.dot,
19,unknown,,,,1.0,1.0,1.0,,,10,10,10,14,14,14,0,0,C:\Users\breis\Desktop\Data_Sets\pmo-dataset\Graphviz\19.dot,C:\Users\breis\Desktop\Data_Sets\pmo-dataset\graphviz\19.dot,
20,unknown,,,,1.0,1.0,1.0,,,15,15,15,19,19,19,0,0,C:\Users\breis\Desktop\Data_Sets\pmo-dataset\Graphviz\20.dot,C:\Users\breis\Desktop\Data_Sets\pmo-dataset\graphviz\20.dot,
21,unknown,,,,1.0,1.0,1.0,,,9,9,9,11,11,11,0,0,C:\Users\breis\Desktop\Data_Sets\pmo-dataset\Graphviz\21.dot,C:\Users\breis\Desktop\Data_Sets\pmo-dataset\graphviz\21.dot,
22,unknown,,,,1.0,1.0,1.0,,,17,17,17,17,17,17,0,0,C:\Users\breis\Desktop\Data_Sets\pmo-dataset\Graphviz\22.dot,C:\Users\breis\Desktop\Data_Sets\pmo-dataset\graphviz\22.dot,
23,unknown,,,,1.0,1.0,1.0,,,12,12,12,15,15,15,0,0,C:\Users\breis\Desktop\Data_Sets\pmo-dataset\Graphviz\23.dot,C:\Users\breis\Desktop\Data_Sets\pmo-dataset\graphviz\23.dot,
24,unknown,,,,1.0,1.0,1.0,,,29,29,29,37,37,37,0,0,C:\Users\breis\Desktop\Data_Sets\pmo-dataset\Graphviz\24.dot,C:\Users\breis\Desktop\Data_Sets\pmo-dataset\graphviz\24.dot,
25,unknown,,,,1.0,1.0,1.0,,,16,16,16,30,30,30,0,0,C:\Users\breis\Desktop\Data_Sets\pmo-dataset\Graphviz\25.dot,C:\Users\breis\Desktop\Data_Sets\pmo-dataset\graphviz\25.dot,
26,unknown,,,,1.0,1.0,1.0,,,14,14,14,18,18,18,0,0,C:\Users\breis\Desktop\Data_Sets\pmo-dataset\Graphviz\26.dot,C:\Users\breis\Desktop\Data_Sets\pmo-dataset\graphviz\26.dot,
27,unknown,,,,1.0,1.0,1.0,,,13,13,13,22,22,22,0,0,C:\Users\breis\Desktop\Data_Sets\pmo-dataset\Graphviz\27.dot,C:\Users\breis\Desktop\Data_Sets\pmo-dataset\graphviz\27.dot,
28,unknown,,,,1.0,1.0,1.0,,,17,17,17,23,23,23,0,0,C:\Users\breis\Desktop\Data_Sets\pmo-dataset\Graphviz\28.dot,C:\Users\breis\Desktop\Data_Sets\pmo-dataset\graphviz\28.dot,
29,unknown,,,,1.0,1.0,1.0,,,23,23,23,67,67,67,0,0,C:\Users\breis\Desktop\Data_Sets\pmo-dataset\Graphviz\29.dot,C:\Users\breis\Desktop\Data_Sets\pmo-dataset\graphviz\29.dot,
30,unknown,,,,1.0,1.0,1.0,,,14,14,14,17,17,17,0,0,C:\Users\breis\Desktop\Data_Sets\pmo-dataset\Graphviz\30.dot,C:\Users\breis\Desktop\Data_Sets\pmo-dataset\graphviz\30.dot,
31,unknown,,,,1.0,1.0,1.0,,,17,17,17,24,24,24,0,0,C:\Users\breis\Desktop\Data_Sets\pmo-dataset\Graphviz\31.dot,C:\Users\breis\Desktop\Data_Sets\pmo-dataset\graphviz\31.dot,
32,unknown,,,,1.0,1.0,1.0,,,17,17,17,29,29,29,0,0,C:\Users\breis\Desktop\Data_Sets\pmo-dataset\Graphviz\32.dot,C:\Users\breis\Desktop\Data_Sets\pmo-dataset\graphviz\32.dot,
33,unknown,,,,1.0,1.0,1.0,,,15,15,15,18,18,18,0,0,C:\Users\breis\Desktop\Data_Sets\pmo-dataset\Graphviz\33.dot,C:\Users\breis\Desktop\Data_Sets\pmo-dataset\graphviz\33.dot,
34,unknown,,,,1.0,1.0,1.0,,,13,13,13,23,23,23,0,0,C:\Users\breis\Desktop\Data_Sets\pmo-dataset\Graphviz\34.dot,C:\Users\breis\Desktop\Data_Sets\pmo-dataset\graphviz\34.dot,
35,unknown,,,,1.0,1.0,1.0,,,14,14,14,16,16,16,0,0,C:\Users\breis\Desktop\Data_Sets\pmo-dataset\Graphviz\35.dot,C:\Users\breis\Desktop\Data_Sets\pmo-dataset\graphviz\35.dot,
36,unknown,,,,1.0,1.0,1.0,,,22,22,22,31,31,31,0,0,C:\Users\breis\Desktop\Data_Sets\pmo-dataset\Graphviz\36.dot,C:\Users\breis\Desktop\Data_Sets\pmo-dataset\graphviz\36.dot,
37,unknown,,,,1.0,1.0,1.0,,,12,12,12,24,24,24,0,0,C:\Users\breis\Desktop\Data_Sets\pmo-dataset\Graphviz\37.dot,C:\Users\breis\Desktop\Data_Sets\pmo-dataset\graphviz\37.dot,
38,unknown,,,,1.0,1.0,1.0,,,15,15,15,18,18,18,0,0,C:\Users\breis\Desktop\Data_Sets\pmo-dataset\Graphviz\38.dot,C:\Users\breis\Desktop\Data_Sets\pmo-dataset\graphviz\38.dot,
39,unknown,,,,1.0,1.0,1.0,,,17,17,17,30,30,30,0,0,C:\Users\breis\Desktop\Data_Sets\pmo-dataset\Graphviz\39.dot,C:\Users\breis\Desktop\Data_Sets\pmo-dataset\graphviz\39.dot,
40,unknown,,,,1.0,1.0,1.0,,,12,12,12,15,15,15,0,0,C:\Users\breis\Desktop\Data_Sets\pmo-dataset\Graphviz\40.dot,C:\Users\breis\Desktop\Data_Sets\pmo-dataset\graphviz\40.dot,
41,unknown,,,,1.0,1.0,1.0,,,15,15,15,18,18,18,0,0,C:\Users\breis\Desktop\Data_Sets\pmo-dataset\Graphviz\41.dot,C:\Users\breis\Desktop\Data_Sets\pmo-dataset\graphviz\41.dot,
42,unknown,,,,1.0,1.0,1.0,,,11,11,11,13,13,13,0,0,C:\Users\breis\Desktop\Data_Sets\pmo-dataset\Graphviz\42.dot,C:\Users\breis\Desktop\Data_Sets\pmo-dataset\graphviz\42.dot,
43,unknown,,,,1.0,1.0,1.0,,,15,15,15,18,18,18,0,0,C:\Users\breis\Desktop\Data_Sets\pmo-dataset\Graphviz\43.dot,C:\Users\breis\Desktop\Data_Sets\pmo-dataset\graphviz\43.dot,
44,unknown,,,,1.0,1.0,1.0,,,18,18,18,23,23,23,0,0,C:\Users\breis\Desktop\Data_Sets\pmo-dataset\Graphviz\44.dot,C:\Users\breis\Desktop\Data_Sets\pmo-dataset\graphviz\44.dot,
45,unknown,,,,1.0,1.0,1.0,,,15,15,15,19,19,19,0,0,C:\Users\breis\Desktop\Data_Sets\pmo-dataset\Graphviz\45.dot,C:\Users\breis\Desktop\Data_Sets\pmo-dataset\graphviz\45.dot,
46,unknown,,,,1.0,1.0,1.0,,,13,13,13,16,16,16,0,0,C:\Users\breis\Desktop\Data_Sets\pmo-dataset\Graphviz\46.dot,C:\Users\breis\Desktop\Data_Sets\pmo-dataset\graphviz\46.dot,
47,unknown,,,,1.0,1.0,1.0,,,15,15,15,20,20,20,0,0,C:\Users\breis\Desktop\Data_Sets\pmo-dataset\Graphviz\47.dot,C:\Users\breis\Desktop\Data_Sets\pmo-dataset\graphviz\47.dot,
48,unknown,,,,1.0,1.0,1.0,,,13,13,13,21,21,21,0,0,C:\Users\breis\Desktop\Data_Sets\pmo-dataset\Graphviz\48.dot,C:\Users\breis\Desktop\Data_Sets\pmo-dataset\graphviz\48.dot,
49,unknown,,,,1.0,1.0,1.0,,,12,12,12,15,15,15,0,0,C:\Users\breis\Desktop\Data_Sets\pmo-dataset\Graphviz\49.dot,C:\Users\breis\Desktop\Data_Sets\pmo-dataset\graphviz\49.dot,
50,unknown,,,,1.0,1.0,1.0,,,9,9,9,9,9,9,0,0,C:\Users\breis\Desktop\Data_Sets\pmo-dataset\Graphviz\50.dot,C:\Users\breis\Desktop\Data_Sets\pmo-dataset\graphviz\50.dot,
51,unknown,,,,1.0,1.0,1.0,,,10,10,10,10,10,10,0,0,C:\Users\breis\Desktop\Data_Sets\pmo-dataset\Graphviz\51.dot,C:\Users\breis\Desktop\Data_Sets\pmo-dataset\graphviz\51.dot,
52,unknown,,,,1.0,1.0,1.0,,,6,6,6,6,6,6,0,0,C:\Users\breis\Desktop\Data_Sets\pmo-dataset\Graphviz\52.dot,C:\Users\breis\Desktop\Data_Sets\pmo-dataset\graphviz\52.dot,
53,unknown,,,,1.0,1.0,1.0,,,6,6,6,6,6,6,0,0,C:\Users\breis\Desktop\Data_Sets\pmo-dataset\Graphviz\53.dot,C:\Users\breis\Desktop\Data_Sets\pmo-dataset\graphviz\53.dot,
54,unknown,,,,1.0,1.0,1.0,,,5,5,5,4,4,4,0,0,C:\Users\breis\Desktop\Data_Sets\pmo-dataset\Graphviz\54.dot,C:\Users\breis\Desktop\Data_Sets\pmo-dataset\graphviz\54.dot,
55,unknown,,,,1.0,1.0,1.0,,,31,31,31,35,35,35,0,0,C:\Users\breis\Desktop\Data_Sets\pmo-dataset\Graphviz\55.dot,C:\Users\breis\Desktop\Data_Sets\pmo-dataset\graphviz\55.dot,
