item,profile,n_rename,n_add_edge,n_remove_edge,common_nodes_edges,common_nodes,common_edges,expected_full,check,n_nodes_manipulated,n_nodes_original,n_nodes_matched,n_edges_manipulated,n_edges_original,n_edges_matched,n_unmatched_nodes,n_unmatched_edges,bef_common_percentage,manipulated_path,original_path,note
01,rename only,2,0,0,1.0,1.0,1.0,common_edges,ok,10,10,10,13,13,13,0,0,1.0,C:\Users\breis\Desktop\Software\PMo_manipulated\Graphviz\01.dot,C:\Users\breis\Desktop\Data_Sets\pmo-dataset\graphviz\01.dot,
02,edges only,0,1,1,0.9876543209876543,1.0,0.9777777777777777,common_nodes,ok,18,18,18,22,23,22,0,1,1.0,C:\Users\breis\Desktop\Software\PMo_manipulated\Graphviz\02.dot,C:\Users\breis\Desktop\Data_Sets\pmo-dataset\graphviz\02.dot,
03,mixed,2,1,0,0.9824561403508771,1.0,0.967741935483871,,,13,13,13,16,15,15,0,1,1.0,C:\Users\breis\Desktop\Software\PMo_manipulated\Graphviz\03.dot,C:\Users\breis\Desktop\Data_Sets\pmo-dataset\graphviz\03.dot,
04,rename only,2,0,0,1.0,1.0,1.0,common_edges,ok,12,12,12,16,16,16,0,0,1.0,C:\Users\breis\Desktop\Software\PMo_manipulated\Graphviz\04.dot,C:\Users\breis\Desktop\Data_Sets\pmo-dataset\graphviz\04.dot,
05,edges only,0,1,1,0.9655172413793104,1.0,0.9375,common_nodes,ok,13,13,13,16,16,15,0,2,1.0,C:\Users\breis\Desktop\Software\PMo_manipulated\Graphviz\05.dot,C:\Users\breis\Desktop\Data_Sets\pmo-dataset\graphviz\05.dot,
06,mixed,2,0,1,0.9803921568627451,1.0,0.9629629629629629,,,12,12,12,13,14,13,0,1,1.0,C:\Users\breis\Desktop\Software\PMo_manipulated\Graphviz\06.dot,C:\Users\breis\Desktop\Data_Sets\pmo-dataset\graphviz\06.dot,
07,rename only,2,0,0,1.0,1.0,1.0,common_edges,ok,15,15,15,26,26,26,0,0,1.0,C:\Users\breis\Desktop\Software\PMo_manipulated\Graphviz\07.dot,C:\Users\breis\Desktop\Data_Sets\pmo-dataset\graphviz\07.dot,
08,edges only,0,1,1,0.9666666666666667,1.0,0.9375,common_nodes,ok,14,14,14,16,16,15,0,2,1.0,C:\Users\breis\Desktop\Software\PMo_manipulated\Graphviz\08.dot,C:\Users\breis\Desktop\Data_Sets\pmo-dataset\graphviz\08.dot,
09,mixed,2,1,0,0.972972972972973,1.0,0.9545454545454546,,,15,15,15,23,21,21,0,2,1.0,C:\Users\breis\Desktop\Software\PMo_manipulated\Graphviz\09.dot,C:\Users\breis\Desktop\Data_Sets\pmo-dataset\graphviz\09.dot,
10,rename only,2,0,0,1.0,1.0,1.0,common_edges,ok,11,11,11,15,15,15,0,0,1.0,C:\Users\breis\Desktop\Software\PMo_manipulated\Graphviz\10.dot,C:\Users\breis\Desktop\Data_Sets\pmo-dataset\graphviz\10.dot,
11,edges only,0,1,1,0.8941176470588236,1.0,0.8421052631578947,common_nodes,ok,14,14,14,27,30,24,0,9,1.0,C:\Users\breis\Desktop\Software\PMo_manipulated\Graphviz\11.dot,C:\Users\breis\Desktop\Data_Sets\pmo-dataset\graphviz\11.dot,
12,mixed,2,0,1,0.9803921568627451,1.0,0.9629629629629629,,,12,12,12,13,14,13,0,1,1.0,C:\Users\breis\Desktop\Software\PMo_manipulated\Graphviz\12.dot,C:\Users\breis\Desktop\Data_Sets\pmo-dataset\graphviz\12.dot,
13,rename only,2,0,0,1.0,1.0,1.0,common_edges,ok,11,11,11,12,12,12,0,0,1.0,C:\Users\breis\Desktop\Software\PMo_manipulated\Graphviz\13.dot,C:\Users\breis\Desktop\Data_Sets\pmo-dataset\graphviz\13.dot,
14,edges only,0,1,1,0.9787234042553191,1.0,0.9565217391304348,common_nodes,ok,12,12,12,11,12,11,0,1,1.0,C:\Users\breis\Desktop\Software\PMo_manipulated\Graphviz\14.dot,C:\Users\breis\Desktop\Data_Sets\pmo-dataset\graphviz\14.dot,
15,mixed,2,1,0,1.0,1.0,1.0,,,12,12,12,14,14,14,0,0,1.0,C:\Users\breis\Desktop\Software\PMo_manipulated\Graphviz\15.dot,C:\Users\breis\Desktop\Data_Sets\pmo-dataset\graphviz\15.dot,
16,rename only,4,0,0,1.0,1.0,1.0,common_edges,ok,26,26,26,39,39,39,0,0,1.0,C:\Users\breis\Desktop\Software\PMo_manipulated\Graphviz\16.dot,C:\Users\breis\Desktop\Data_Sets\pmo-dataset\graphviz\16.dot,
17,edges only,0,1,1,0.9672131147540983,1.0,0.9411764705882353,common_nodes,ok,27,27,27,33,35,32,0,4,1.0,C:\Users\breis\Desktop\Software\PMo_manipulated\Graphviz\17.dot,C:\Users\breis\Desktop\Data_Sets\pmo-dataset\graphviz\17.dot,
18,mixed,2,0,1,0.993103448275862,1.0,0.9887640449438202,,,28,28,28,44,45,44,0,1,1.0,C:\Users\breis\Desktop\Software\PMo_manipulated\Graphviz\18.dot,C:\Users\breis\Desktop\Data_Sets\pmo-dataset\graphviz\18.dot,
19,rename only,2,0,0,1.0,1.0,1.0,common_edges,ok,10,10,10,14,14,14,0,0,1.0,C:\Users\breis\Desktop\Software\PMo_manipulated\Graphviz\19.dot,C:\Users\breis\Desktop\Data_Sets\pmo-dataset\graphviz\19.dot,
20,edges only,0,1,1,0.9850746268656716,1.0,0.972972972972973,common_nodes,ok,15,15,15,18,19,18,0,1,1.0,C:\Users\breis\Desktop\Software\PMo_manipulated\Graphviz\20.dot,C:\Users\breis\Desktop\Data_Sets\pmo-dataset\graphviz\20.dot,
21,mixed,2,1,0,1.0,1.0,1.0,,,9,9,9,11,11,11,0,0,1.0,C:\Users\breis\Desktop\Software\PMo_manipulated\Graphviz\21.dot,C:\Users\breis\Desktop\Data_Sets\pmo-dataset\graphviz\21.dot,
22,rename only,2,0,0,1.0,1.0,1.0,common_edges,ok,17,17,17,17,17,17,0,0,1.0,C:\Users\breis\Desktop\Software\PMo_manipulated\Graphviz\22.dot,C:\Users\breis\Desktop\Data_Sets\pmo-dataset\graphviz\22.dot,
23,edges only,0,1,1,0.962962962962963,1.0,0.9333333333333333,common_nodes,ok,12,12,12,15,15,14,0,2,1.0,C:\Users\breis\Desktop\Software\PMo_manipulated\Graphviz\23.dot,C:\Users\breis\Desktop\Data_Sets\pmo-dataset\graphviz\23.dot,
24,mixed,2,0,1,0.9846153846153847,1.0,0.9722222222222222,,,29,29,29,35,37,35,0,2,1.0,C:\Users\breis\Desktop\Software\PMo_manipulated\Graphviz\24.dot,C:\Users\breis\Desktop\Data_Sets\pmo-dataset\graphviz\24.dot,
25,rename only,3,0,0,1.0,1.0,1.0,common_edges,ok,16,16,16,30,30,30,0,0,1.0,C:\Users\breis\Desktop\Software\PMo_manipulated\Graphviz\25.dot,C:\Users\breis\Desktop\Data_Sets\pmo-dataset\graphviz\25.dot,
26,edges only,0,1,1,0.9841269841269842,1.0,0.9714285714285714,common_nodes,ok,14,14,14,17,18,17,0,1,1.0,C:\Users\breis\Desktop\Software\PMo_manipulated\Graphviz\26.dot,C:\Users\breis\Desktop\Data_Sets\pmo-dataset\graphviz\26.dot,
27,mixed,2,1,0,0.9859154929577465,1.0,0.9777777777777777,,,13,13,13,23,22,22,0,1,1.0,C:\Users\breis\Desktop\Software\PMo_manipulated\Graphviz\27.dot,C:\Users\breis\Desktop\Data_Sets\pmo-dataset\graphviz\27.dot,
28,rename only,3,0,0,1.0,1.0,1.0,common_edges,ok,17,17,17,23,23,23,0,0,1.0,C:\Users\breis\Desktop\Software\PMo_manipulated\Graphviz\28.dot,C:\Users\breis\Desktop\Data_Sets\pmo-dataset\graphviz\28.dot,
29,edges only,0,1,1,0.8,1.0,0.7115384615384616,common_nodes,ok,23,23,23,37,67,37,0,30,1.0,C:\Users\breis\Desktop\Software\PMo_manipulated\Graphviz\29.dot,C:\Users\breis\Desktop\Data_Sets\pmo-dataset\graphviz\29.dot,
30,mixed,2,0,1,0.9836065573770492,1.0,0.9696969696969697,,,14,14,14,16,17,16,0,1,1.0,C:\Users\breis\Desktop\Software\PMo_manipulated\Graphviz\30.dot,C:\Users\breis\Desktop\Data_Sets\pmo-dataset\graphviz\30.dot,
31,rename only,3,0,0,1.0,1.0,1.0,common_edges,ok,17,17,17,24,24,24,0,0,1.0,C:\Users\breis\Desktop\Software\PMo_manipulated\Graphviz\31.dot,C:\Users\breis\Desktop\Data_Sets\pmo-dataset\graphviz\31.dot,
32,edges only,0,1,1,0.9574468085106383,1.0,0.9333333333333333,common_nodes,ok,17,17,17,31,29,28,0,4,1.0,C:\Users\breis\Desktop\Software\PMo_manipulated\Graphviz\32.dot,C:\Users\breis\Desktop\Data_Sets\pmo-dataset\graphviz\32.dot,
33,mixed,2,1,0,0.9850746268656716,1.0,0.972972972972973,,,15,15,15,19,18,18,0,1,1.0,C:\Users\breis\Desktop\Software\PMo_manipulated\Graphviz\33.dot,C:\Users\breis\Desktop\Data_Sets\pmo-dataset\graphviz\33.dot,
34,rename only,2,0,0,1.0,1.0,1.0,common_edges,ok,13,13,13,23,23,23,0,0,1.0,C:\Users\breis\Desktop\Software\PMo_manipulated\Graphviz\34.dot,C:\Users\breis\Desktop\Data_Sets\pmo-dataset\graphviz\34.dot,
35,edges only,0,1,1,0.9666666666666667,1.0,0.9375,common_nodes,ok,14,14,14,16,16,15,0,2,1.0,C:\Users\breis\Desktop\Software\PMo_manipulated\Graphviz\35.dot,C:\Users\breis\Desktop\Data_Sets\pmo-dataset\graphviz\35.dot,
36,mixed,2,0,1,0.9904761904761905,1.0,0.9836065573770492,,,22,22,22,30,31,30,0,1,1.0,C:\Users\breis\Desktop\Software\PMo_manipulated\Graphviz\36.dot,C:\Users\breis\Desktop\Data_Sets\pmo-dataset\graphviz\36.dot,
37,rename only,2,0,0,1.0,1.0,1.0,common_edges,ok,12,12,12,24,24,24,0,0,1.0,C:\Users\breis\Desktop\Software\PMo_manipulated\Graphviz\37.dot,C:\Users\breis\Desktop\Data_Sets\pmo-dataset\graphviz\37.dot,
38,edges only,0,1,1,0.9411764705882353,1.0,0.8947368421052632,common_nodes,ok,15,15,15,20,18,17,0,4,1.0,C:\Users\breis\Desktop\Software\PMo_manipulated\Graphviz\38.dot,C:\Users\breis\Desktop\Data_Sets\pmo-dataset\graphviz\38.dot,
39,mixed,2,1,0,1.0,1.0,1.0,,,17,17,17,30,30,30,0,0,1.0,C:\Users\breis\Desktop\Software\PMo_manipulated\Graphviz\39.dot,C:\Users\breis\Desktop\Data_Sets\pmo-dataset\graphviz\39.dot,
40,rename only,2,0,0,1.0,1.0,1.0,common_edges,ok,12,12,12,15,15,15,0,0,1.0,C:\Users\breis\Desktop\Software\PMo_manipulated\Graphviz\40.dot,C:\Users\breis\Desktop\Data_Sets\pmo-dataset\graphviz\40.dot,
41,edges only,0,1,1,0.9850746268656716,1.0,0.972972972972973,common_nodes,ok,15,15,15,19,18,18,0,1,1.0,C:\Users\breis\Desktop\Software\PMo_manipulated\Graphviz\41.dot,C:\Users\breis\Desktop\Data_Sets\pmo-dataset\graphviz\41.dot,
42,mixed,2,0,1,0.9787234042553191,1.0,0.96,,,11,11,11,12,13,12,0,1,1.0,C:\Users\breis\Desktop\Software\PMo_manipulated\Graphviz\42.dot,C:\Users\breis\Desktop\Data_Sets\pmo-dataset\graphviz\42.dot,
43,rename only,3,0,0,1.0,1.0,1.0,common_edges,ok,15,15,15,18,18,18,0,0,1.0,C:\Users\breis\Desktop\Software\PMo_manipulated\Graphviz\43.dot,C:\Users\breis\Desktop\Data_Sets\pmo-dataset\graphviz\43.dot,
44,edges only,0,1,1,0.9876543209876543,1.0,0.9777777777777777,common_nodes,ok,18,18,18,22,23,22,0,1,1.0,C:\Users\breis\Desktop\Software\PMo_manipulated\Graphviz\44.dot,C:\Users\breis\Desktop\Data_Sets\pmo-dataset\graphviz\44.dot,
45,mixed,2,1,0,0.9855072463768116,1.0,0.9743589743589743,,,15,15,15,20,19,19,0,1,1.0,C:\Users\breis\Desktop\Software\PMo_manipulated\Graphviz\45.dot,C:\Users\breis\Desktop\Data_Sets\pmo-dataset\graphviz\45.dot,
46,rename only,2,0,0,1.0,1.0,1.0,common_edges,ok,13,13,13,16,16,16,0,0,1.0,C:\Users\breis\Desktop\Software\PMo_manipulated\Graphviz\46.dot,C:\Users\breis\Desktop\Data_Sets\pmo-dataset\graphviz\46.dot,
47,edges only,0,1,1,0.9855072463768116,1.0,0.9743589743589743,common_nodes,ok,15,15,15,19,20,19,0,1,1.0,C:\Users\breis\Desktop\Software\PMo_manipulated\Graphviz\47.dot,C:\Users\breis\Desktop\Data_Sets\pmo-dataset\graphviz\47.dot,
48,mixed,2,0,1,0.9696969696969697,1.0,0.95,,,13,13,13,19,21,19,0,2,1.0,C:\Users\breis\Desktop\Software\PMo_manipulated\Graphviz\48.dot,C:\Users\breis\Desktop\Data_Sets\pmo-dataset\graphviz\48.dot,
49,rename only,2,0,0,1.0,1.0,1.0,common_edges,ok,12,12,12,15,15,15,0,0,1.0,C:\Users\breis\Desktop\Software\PMo_manipulated\Graphviz\49.dot,C:\Users\breis\Desktop\Data_Sets\pmo-dataset\graphviz\49.dot,
50,edges only,0,1,1,0.9444444444444444,1.0,0.8888888888888888,common_nodes,ok,9,9,9,9,9,8,0,2,1.0,C:\Users\breis\Desktop\Software\PMo_manipulated\Graphviz\50.dot,C:\Users\breis\Desktop\Data_Sets\pmo-dataset\graphviz\50.dot,
51,mixed,2,1,0,0.975609756097561,1.0,0.9523809523809523,,,10,10,10,11,10,10,0,1,1.0,C:\Users\breis\Desktop\Software\PMo_manipulated\Graphviz\51.dot,C:\Users\breis\Desktop\Data_Sets\pmo-dataset\graphviz\51.dot,
52,rename only,2,0,0,1.0,1.0,1.0,common_edges,ok,6,6,6,6,6,6,0,0,1.0,C:\Users\breis\Desktop\Software\PMo_manipulated\Graphviz\52.dot,C:\Users\breis\Desktop\Data_Sets\pmo-dataset\graphviz\52.dot,
53,edges only,0,1,1,0.9166666666666666,1.0,0.8333333333333334,common_nodes,ok,6,6,6,6,6,5,0,2,1.0,C:\Users\breis\Desktop\Software\PMo_manipulated\Graphviz\53.dot,C:\Users\breis\Desktop\Data_Sets\pmo-dataset\graphviz\53.dot,
54,mixed,2,0,1,0.9411764705882353,1.0,0.8571428571428571,,,5,5,5,3,4,3,0,1,1.0,C:\Users\breis\Desktop\Software\PMo_manipulated\Graphviz\54.dot,C:\Users\breis\Desktop\Data_Sets\pmo-dataset\graphviz\54.dot,
55,rename only,4,0,0,1.0,1.0,1.0,common_edges,ok,31,31,31,35,35,35,0,0,1.0,C:\Users\breis\Desktop\Software\PMo_manipulated\Graphviz\55.dot,C:\Users\breis\Desktop\Data_Sets\pmo-dataset\graphviz\55.dot,
