item_generated,item_reference,direction,generated_path,reference_path,sem_label_sim_syntactic,sem_label_sim_semantic,sem_label_sim_context,sem_group_natural_language_score,sem_score,sem_n_metrics_measured,sem_n_metrics_total,sem_n_label_nodes_generated,sem_n_label_nodes_reference,sem_n_nodes_matched,sem_n_skeleton_edges_generated,sem_n_skeleton_edges_reference,sem_n_edges_matched,sem_wordnet,sem_label_sim_syntactic_disjoint,sem_label_sim_semantic_disjoint,sem_label_sim_context_disjoint,sem_n_nodes_matched_greedy,sem_n_ids_shared,syn_has_start_event,syn_has_end_event,syn_single_start_event,syn_single_end_event,syn_start_in0_out1,syn_tasks_labeled,syn_task_in1_out1,syn_split_in1_outN,syn_join_inN_out1,syn_split_has_matching_join,syn_sequence_flow_connection_rules,syn_checks_passed,syn_checks_total,syn_score,syn_n_start_events,syn_n_end_events,syn_n_tasks,syn_n_gateways,syn_n_nodes,syn_n_edges,syn_n_unlabeled_tasks,syn_n_placeholder_labels,syn_n_malformed_tasks,syn_n_splits,syn_n_joins,syn_n_bad_splits,syn_n_bad_joins,syn_n_gateways_degenerate,syn_n_gateways_mixed,syn_n_unmatched_splits,syn_n_event_based_splits,syn_n_intermediate_events,syn_n_events_unclassified,syn_n_nodes_unclassified,syn_n_sequence_flows,syn_n_valid_sequence_flows,syn_n_invalid_sequence_flows,syn_n_flows_from_end_event,syn_n_flows_into_start_event,syn_n_duplicate_flows,syn_n_flows_unclassified_endpoint,syn_correct,syn_correct_functions,syn_correct_gateways,syn_correct_start_end,syn_correct_directed,syn_correct_connected,syn_n_malformed_functions,syn_n_unwired_gateways,syn_n_components,syn_tnn,syn_tnn_score,syn_tng,syn_tng_score,syn_tnsf,syn_tnsf_score,syn_diameter,syn_diameter_score,syn_size_score,syn_diameter_nogw,syn_diameter_nogw_score,syn_diameter_truncated,syn_bef_existence_start_event,syn_bef_existence_end_event,syn_bef_one_start_event_per_process,syn_bef_one_start_event_per_process_conforming,syn_bef_one_start_event_per_process_covered,syn_bef_one_end_event_per_process,syn_bef_one_end_event_per_process_conforming,syn_bef_one_end_event_per_process_covered,syn_bef_adapted_sequence_flow_connection_rules,syn_bef_start_event_in_out_degree,syn_bef_start_event_in_out_degree_conforming,syn_bef_start_event_in_out_degree_covered,syn_bef_end_event_in_out_degree,syn_bef_end_event_in_out_degree_conforming,syn_bef_end_event_in_out_degree_covered,syn_bef_split_has_matching_join,syn_bef_split_has_matching_join_conforming,syn_bef_split_has_matching_join_covered,syn_bef_labeled_tasks,syn_bef_labeled_tasks_conforming,syn_bef_labeled_tasks_covered,syn_bef_task_in_out_degree,syn_bef_task_in_out_degree_conforming,syn_bef_task_in_out_degree_covered,syn_bef_gateway_in_out_degree,syn_bef_gateway_in_out_degree_conforming,syn_bef_gateway_in_out_degree_covered,syn_bef_score,syn_bef_metrics_total,syn_bef_metrics_perfect,syn_bef_metrics_applicable,syn_bef_n_processes,syn_bef_n_pools,syn_extra_connected_nodes,syn_extra_connected_nodes_conforming,syn_extra_connected_nodes_covered,syn_extra_event_gateway_predecessor_successor,syn_extra_event_gateway_predecessor_successor_conforming,syn_extra_event_gateway_predecessor_successor_covered,quality_note,prag_tnn,prag_tnn_score,prag_tng,prag_tng_score,prag_tnsf,prag_tnsf_score,prag_diameter_nogw,prag_diameter_nogw_score,prag_density,prag_density_score,prag_agd,prag_agd_score,prag_cnc,prag_cnc_score,prag_gh,prag_gh_score,prag_cfc,prag_cfc_score,prag_cc,prag_cc_score,prag_sequentiality,prag_sequentiality_score,prag_separability,prag_separability_score,prag_depth,prag_depth_score,prag_token_split,prag_token_split_score,prag_group_size_score,prag_group_density_score,prag_group_connector_interplay_score,prag_group_partitionability_score,prag_group_cyclicity_score,prag_group_concurrency_score,prag_group_other_score,prag_score,prag_n_metrics_measured,prag_n_metrics_total,prag_n_splits,prag_n_joins,prag_n_gw_exclusive,prag_n_gw_parallel,prag_n_gw_inclusive,prag_n_gw_eventbased,prag_n_gateways_type_defaulted,prag_n_cut_vertices,prag_n_flows_outside_fo,prag_n_self_loops,prag_diameter,prag_diameter_score,prag_diameter_truncated,prag_depth_truncated,val_score,val_dot_valid,val_dot_error,val_dot_checker
01,01,manipulated-vs-original,C:\Users\breis\Desktop\Software\PMo_manipulated\Graphviz\01.dot,C:\Users\breis\Desktop\Data_Sets\pmo-dataset\graphviz\01.dot,0.5368421052631579,0.54375,0.6,0.5601973684210526,0.5601973684210526,3,3,10,10,10,13,13,13,1,0.9368421052631579,0.94375,1.0,10,8,True,True,True,True,True,True,True,True,True,True,1.0,11,11,1.0,1,1,8,6,16,18,0,0,0,3,3,0,0,0,0,0,0,0,0,0,18,18,0,0,0,0,0,True,True,True,True,True,True,0,0,1,16,1.0,6,0.25,18,1.0,15,0.5,0.6875,9,0.75,False,1.0,1.0,1.0,1,1,1.0,1,1,1.0,1.0,1,1,1.0,1,1,1.0,6,6,1.0,8,8,1.0,8,8,1.0,6,6,1.0,11,11,11,1,0,1.0,16,16,1.0,0,0,,16,1.0,6,0.25,18,1.0,9,0.75,0.075,1.0,3.0,1.0,1.125,0.5,0.579380164285695,1.0,5,1.0,0.5625,1.0,0.2222222222222222,1.0,0.35714285714285715,0.25,3,0.5,2,0.0,0.75,0.8333333333333334,1.0,0.5833333333333334,,0.0,,0.7321428571428571,14,14,3,3,4,2,0,0,0,5,0,0,4,1.0,False,False,1.0,1.0,,nop -p (graphviz 15.0.0)
02,02,manipulated-vs-original,C:\Users\breis\Desktop\Software\PMo_manipulated\Graphviz\02.dot,C:\Users\breis\Desktop\Data_Sets\pmo-dataset\graphviz\02.dot,0.5,0.5,0.49444444444444446,0.4981481481481482,0.4981481481481482,3,3,18,18,18,22,23,22,1,1.0,1.0,0.9750000000000001,18,18,True,True,True,True,True,True,False,False,False,True,1.0,8,11,0.7272727272727273,1,1,16,8,26,31,0,0,2,5,5,2,2,0,2,0,0,0,0,0,31,31,0,0,0,0,0,False,False,True,True,True,True,2,0,1,26,1.0,8,0.0,31,0.75,23,0.25,0.5,15,0.5,False,1.0,1.0,1.0,1,1,1.0,1,1,1.0,1.0,1,1,1.0,1,1,0.875,7,8,1.0,16,16,0.875,14,16,0.75,6,8,0.9545454545454546,11,8,11,1,0,0.9615384615384616,25,26,1.0,0,0,,26,1.0,8,0.0,31,0.75,15,0.5,0.047692307692307694,1.0,3.375,1.0,1.1923076923076923,0.5,0.5118595071429148,1.0,9,1.0,0.5169230769230769,1.0,0.2903225806451613,0.25,0.6666666666666666,0.5,3,0.5,2,0.0,0.5625,0.8333333333333334,1.0,0.4166666666666667,,0.0,,0.6428571428571429,14,14,5,5,6,2,0,0,0,16,0,0,7,1.0,False,False,1.0,1.0,,nop -p (graphviz 15.0.0)
03,03,manipulated-vs-original,C:\Users\breis\Desktop\Software\PMo_manipulated\Graphviz\03.dot,C:\Users\breis\Desktop\Data_Sets\pmo-dataset\graphviz\03.dot,0.5427181514138035,0.5256410256410257,0.5673076923076923,0.5452222897875072,0.5452222897875072,3,3,13,13,13,16,15,15,1,0.9657950744907267,0.9487179487179488,0.967948717948718,13,11,True,True,True,True,True,True,False,True,True,True,1.0,10,11,0.9090909090909091,1,1,11,8,21,25,0,0,1,4,4,0,0,0,0,0,0,0,0,0,25,25,0,0,0,0,0,False,False,True,True,True,True,1,0,1,21,1.0,8,0.0,25,0.75,18,0.25,0.5,10,0.75,False,1.0,1.0,1.0,1,1,1.0,1,1,1.0,1.0,1,1,1.0,1,1,0.8571428571428571,6,7,1.0,11,11,0.9090909090909091,10,11,1.0,8,8,0.9787485242030697,11,9,11,1,0,1.0,21,21,1.0,0,0,,21,1.0,8,0.0,25,0.75,10,0.75,0.05952380952380952,1.0,3.125,1.0,1.1904761904761905,0.5,0.5118595071429148,1.0,7,1.0,0.5404761904761904,1.0,0.12,1.0,0.5263157894736842,0.5,4,0.25,4,0.0,0.625,0.8333333333333334,1.0,0.5833333333333334,,0.0,,0.6964285714285714,14,14,4,4,6,2,0,0,0,10,0,0,10,0.75,False,False,1.0,1.0,,nop -p (graphviz 15.0.0)
04,04,manipulated-vs-original,C:\Users\breis\Desktop\Software\PMo_manipulated\Graphviz\04.dot,C:\Users\breis\Desktop\Data_Sets\pmo-dataset\graphviz\04.dot,0.5238095238095238,0.513888888888889,0.5833333333333334,0.5403439153439153,0.5403439153439153,3,3,12,12,12,16,16,16,1,0.9404761904761906,0.9305555555555555,1.0,12,10,True,True,True,True,True,True,True,True,True,True,1.0,11,11,1.0,1,1,10,8,20,24,0,0,0,4,4,0,0,0,0,0,0,0,0,0,24,24,0,0,0,0,0,True,True,True,True,True,True,0,0,1,20,1.0,8,0.0,24,0.75,15,0.5,0.5625,8,0.75,False,1.0,1.0,1.0,1,1,1.0,1,1,1.0,1.0,1,1,1.0,1,1,1.0,6,6,1.0,10,10,1.0,10,10,1.0,8,8,1.0,11,11,11,1,0,1.0,20,20,1.0,0,0,,20,1.0,8,0.0,24,0.75,8,0.75,0.06315789473684211,1.0,3.25,1.0,1.2,0.5,0.5118595071429148,1.0,5,1.0,0.5078947368421053,1.0,0.041666666666666664,1.0,0.3333333333333333,0.25,4,0.25,8,0.0,0.625,0.8333333333333334,1.0,0.5,,0.0,,0.6785714285714286,14,14,4,4,2,6,0,0,0,6,0,0,8,0.75,False,False,1.0,1.0,,nop -p (graphviz 15.0.0)
05,05,manipulated-vs-original,C:\Users\breis\Desktop\Software\PMo_manipulated\Graphviz\05.dot,C:\Users\breis\Desktop\Data_Sets\pmo-dataset\graphviz\05.dot,0.5,0.5,0.46955128205128205,0.48985042735042733,0.48985042735042733,3,3,13,13,13,16,16,15,1,1.0,1.0,0.9262820512820512,13,13,True,True,True,True,True,True,False,True,True,True,1.0,10,11,0.9090909090909091,1,1,11,4,17,19,0,0,3,2,2,0,0,0,0,0,0,0,0,0,19,19,0,0,0,0,0,False,False,True,True,True,True,3,0,1,17,1.0,4,0.5,19,1.0,16,0.5,0.75,12,0.75,False,1.0,1.0,1.0,1,1,1.0,1,1,1.0,1.0,1,1,1.0,1,1,0.5,2,4,1.0,11,11,0.7272727272727273,8,11,1.0,4,4,0.9297520661157024,11,9,11,1,0,0.9411764705882353,16,17,1.0,0,0,,17,1.0,4,0.5,19,1.0,12,0.75,0.06985294117647059,1.0,3.25,1.0,1.1176470588235294,0.5,0.0,1.0,4,1.0,0.6029411764705882,1.0,0.47368421052631576,0.25,0.6,0.5,2,0.5,0,1.0,0.8125,0.8333333333333334,1.0,0.4166666666666667,,1.0,,0.7857142857142857,14,14,2,2,4,0,0,0,0,9,0,0,4,1.0,False,False,1.0,1.0,,nop -p (graphviz 15.0.0)
06,06,manipulated-vs-original,C:\Users\breis\Desktop\Software\PMo_manipulated\Graphviz\06.dot,C:\Users\breis\Desktop\Data_Sets\pmo-dataset\graphviz\06.dot,0.553616116116116,0.5729166666666666,0.5555555555555556,0.5606961127794461,0.5606961127794461,3,3,12,12,12,13,14,13,1,0.9702827827827828,0.9895833333333334,0.9513888888888888,12,10,True,True,True,True,True,True,False,False,False,False,1.0,7,11,0.6363636363636364,1,1,10,8,20,22,0,0,1,4,3,0,0,1,0,1,0,0,0,0,22,22,0,0,0,0,0,False,False,True,True,True,True,1,0,1,20,1.0,8,0.0,22,0.75,18,0.25,0.5,10,0.75,False,1.0,1.0,1.0,1,1,1.0,1,1,1.0,1.0,1,1,1.0,1,1,0.625,5,8,1.0,10,10,0.9,9,10,0.875,7,8,0.9454545454545454,11,8,11,1,0,0.95,19,20,1.0,0,0,,20,1.0,8,0.0,22,0.75,10,0.75,0.05789473684210526,1.0,2.875,1.0,1.1,0.5,0.3733039603858873,1.0,7,1.0,0.5263157894736842,1.0,0.045454545454545456,1.0,0.7222222222222222,0.75,3,0.5,2,0.0,0.625,0.8333333333333334,1.0,0.75,,0.0,,0.7321428571428571,14,14,4,3,6,2,0,0,0,13,0,0,9,0.75,False,False,1.0,1.0,,nop -p (graphviz 15.0.0)
07,07,manipulated-vs-original,C:\Users\breis\Desktop\Software\PMo_manipulated\Graphviz\07.dot,C:\Users\breis\Desktop\Data_Sets\pmo-dataset\graphviz\07.dot,0.5174603174603175,0.5361111111111111,0.5666666666666667,0.540079365079365,0.540079365079365,3,3,15,15,15,26,26,26,1,0.9507936507936509,0.9694444444444444,1.0,15,13,True,True,True,True,True,True,True,False,False,True,1.0,9,11,0.8181818181818182,1,1,13,18,33,42,0,0,0,10,10,2,2,0,2,0,0,0,0,0,42,42,0,0,0,0,0,True,True,True,True,True,True,0,0,1,33,0.75,18,0.0,42,0.5,24,0.0,0.3125,10,0.75,False,1.0,1.0,1.0,1,1,1.0,1,1,1.0,1.0,1,1,1.0,1,1,0.9444444444444444,17,18,1.0,13,13,1.0,13,13,0.8888888888888888,16,18,0.9848484848484849,11,9,11,1,0,1.0,33,33,1.0,0,0,,33,0.75,18,0.0,42,0.5,10,0.75,0.03977272727272727,1.0,3.111111111111111,1.0,1.2727272727272727,0.5,0.579380164285695,1.0,16,0.75,0.5066287878787878,1.0,0.023809523809523808,1.0,0.3548387096774194,0.25,8,0.0,8,0.0,0.5,0.8333333333333334,0.9166666666666666,0.4166666666666667,,0.0,,0.6071428571428571,14,14,10,10,12,6,0,0,0,11,0,0,10,0.75,False,False,1.0,1.0,,nop -p (graphviz 15.0.0)
08,08,manipulated-vs-original,C:\Users\breis\Desktop\Software\PMo_manipulated\Graphviz\08.dot,C:\Users\breis\Desktop\Data_Sets\pmo-dataset\graphviz\08.dot,0.5,0.5,0.4613095238095238,0.4871031746031746,0.4871031746031746,3,3,14,14,14,16,16,15,1,1.0,1.0,0.9047619047619048,14,14,True,True,True,True,False,True,False,True,True,True,1.0,9,11,0.8181818181818182,1,1,12,4,18,20,0,0,2,2,2,0,0,0,0,0,0,0,0,0,20,20,0,0,0,0,0,False,False,True,True,True,True,2,0,1,18,1.0,4,0.5,20,0.75,15,0.5,0.6875,11,0.75,False,1.0,1.0,1.0,1,1,1.0,1,1,1.0,0.0,0,1,1.0,1,1,1.0,4,4,1.0,12,12,0.8333333333333334,10,12,1.0,4,4,0.893939393939394,11,9,11,1,0,0.9444444444444444,17,18,1.0,0,0,,18,1.0,4,0.5,20,0.75,11,0.75,0.06535947712418301,1.0,3.25,1.0,1.1111111111111112,0.5,0.6309297535714574,0.75,4,1.0,0.5294117647058824,1.0,0.35,0.25,0.625,0.5,2,0.5,2,0.0,0.75,0.8333333333333334,0.9166666666666666,0.4166666666666667,,0.0,,0.6785714285714286,14,14,2,2,2,2,0,0,0,10,0,0,10,0.75,False,False,1.0,1.0,,nop -p (graphviz 15.0.0)
09,09,manipulated-vs-original,C:\Users\breis\Desktop\Software\PMo_manipulated\Graphviz\09.dot,C:\Users\breis\Desktop\Data_Sets\pmo-dataset\graphviz\09.dot,0.531060606060606,0.52,0.5361111111111111,0.5290572390572391,0.5290572390572391,3,3,15,15,15,23,21,21,1,0.9643939393939395,0.9533333333333334,0.9361111111111111,15,13,True,True,True,True,True,True,False,False,False,False,1.0,7,11,0.6363636363636364,1,1,13,8,23,28,0,0,1,5,4,1,1,0,1,1,0,0,0,0,28,28,0,0,0,0,0,False,False,True,True,True,True,1,0,1,23,1.0,8,0.0,28,0.75,18,0.25,0.5,10,0.75,False,1.0,1.0,1.0,1,1,1.0,1,1,1.0,1.0,1,1,1.0,1,1,0.875,7,8,1.0,13,13,0.9230769230769231,12,13,0.875,7,8,0.9702797202797203,11,8,11,1,0,1.0,23,23,1.0,0,0,,23,1.0,8,0.0,28,0.75,10,0.75,0.05533596837944664,1.0,3.375,1.0,1.2173913043478262,0.5,0.6309297535714574,0.75,7,1.0,0.6126482213438735,1.0,0.10714285714285714,1.0,0.38095238095238093,0.5,3,0.5,8,0.0,0.625,0.8333333333333334,0.9166666666666666,0.6666666666666666,,0.0,,0.6964285714285714,14,14,5,4,4,4,0,0,0,8,0,0,7,1.0,False,False,1.0,1.0,,nop -p (graphviz 15.0.0)
10,10,manipulated-vs-original,C:\Users\breis\Desktop\Software\PMo_manipulated\Graphviz\10.dot,C:\Users\breis\Desktop\Data_Sets\pmo-dataset\graphviz\10.dot,0.5238636363636364,0.5340909090909091,0.5909090909090909,0.5496212121212122,0.5496212121212122,3,3,11,11,11,15,15,15,1,0.9329545454545454,0.9431818181818182,1.0,11,9,True,True,True,True,True,True,True,True,True,True,1.0,11,11,1.0,1,1,9,12,23,28,0,0,0,6,6,0,0,0,0,0,0,0,0,0,28,28,0,0,0,0,0,True,True,True,True,True,True,0,0,1,23,1.0,12,0.0,28,0.75,19,0.25,0.5,9,0.75,False,1.0,1.0,1.0,1,1,1.0,1,1,1.0,1.0,1,1,1.0,1,1,1.0,10,10,1.0,9,9,1.0,9,9,1.0,12,12,1.0,11,11,11,1,0,1.0,23,23,1.0,0,0,,23,1.0,12,0.0,28,0.75,9,0.75,0.05533596837944664,1.0,3.0,1.0,1.2173913043478262,0.5,0.579380164285695,1.0,10,1.0,0.5197628458498024,1.0,0.14285714285714285,1.0,0.23809523809523808,0.25,6,0.0,4,0.0,0.625,0.8333333333333334,1.0,0.4166666666666667,,0.0,,0.6607142857142857,14,14,6,6,8,4,0,0,0,5,0,0,4,1.0,False,False,1.0,1.0,,nop -p (graphviz 15.0.0)
11,11,manipulated-vs-original,C:\Users\breis\Desktop\Software\PMo_manipulated\Graphviz\11.dot,C:\Users\breis\Desktop\Data_Sets\pmo-dataset\graphviz\11.dot,0.5,0.5,0.39404761904761904,0.46468253968253964,0.46468253968253964,3,3,14,14,14,27,30,24,1,1.0,1.0,0.7880952380952381,14,14,True,True,True,True,True,True,True,False,False,True,1.0,9,11,0.8181818181818182,1,1,12,12,26,33,0,0,0,6,5,1,1,2,1,0,0,0,0,0,33,33,0,0,0,0,0,True,True,True,True,True,True,0,0,1,26,1.0,12,0.0,33,0.75,21,0.25,0.5,9,0.75,False,1.0,1.0,1.0,1,1,1.0,1,1,1.0,1.0,1,1,1.0,1,1,1.0,7,7,1.0,12,12,1.0,12,12,0.75,9,12,0.9772727272727273,11,10,11,1,0,1.0,26,26,1.0,0,0,,26,1.0,12,0.0,33,0.75,9,0.75,0.05076923076923077,1.0,3.3333333333333335,1.0,1.2692307692307692,0.5,0.6126016192893442,1.0,10,1.0,0.5246153846153846,1.0,0.06060606060606061,1.0,0.4166666666666667,0.5,4,0.25,8,0.0,0.625,0.8333333333333334,1.0,0.5833333333333334,,0.0,,0.6964285714285714,14,14,6,5,6,6,0,0,0,10,0,0,6,1.0,False,False,1.0,1.0,,nop -p (graphviz 15.0.0)
12,12,manipulated-vs-original,C:\Users\breis\Desktop\Software\PMo_manipulated\Graphviz\12.dot,C:\Users\breis\Desktop\Data_Sets\pmo-dataset\graphviz\12.dot,0.5236111111111111,0.5277777777777778,0.5347222222222222,0.5287037037037038,0.5287037037037038,3,3,12,12,12,13,14,13,1,0.9402777777777778,0.9444444444444445,0.9513888888888888,12,10,True,True,True,True,True,True,False,False,False,False,1.0,7,11,0.6363636363636364,1,1,10,10,22,25,0,0,1,5,4,0,0,1,0,1,0,0,0,0,25,25,0,0,0,0,0,False,False,True,True,True,True,1,0,1,22,1.0,10,0.0,25,0.75,18,0.25,0.5,10,0.75,False,1.0,1.0,1.0,1,1,1.0,1,1,1.0,1.0,1,1,1.0,1,1,0.6,6,10,1.0,10,10,0.9,9,10,0.9,9,10,0.9454545454545454,11,8,11,1,0,0.9545454545454546,21,22,1.0,0,0,,22,1.0,10,0.0,25,0.75,10,0.75,0.05411255411255411,1.0,2.9,1.0,1.1363636363636365,0.5,0.579380164285695,1.0,8,1.0,0.5303030303030303,1.0,0.12,1.0,0.45,0.5,4,0.25,4,0.0,0.625,0.8333333333333334,1.0,0.5833333333333334,,0.0,,0.6964285714285714,14,14,5,4,6,4,0,0,0,9,0,0,8,0.75,False,False,1.0,1.0,,nop -p (graphviz 15.0.0)
13,13,manipulated-vs-original,C:\Users\breis\Desktop\Software\PMo_manipulated\Graphviz\13.dot,C:\Users\breis\Desktop\Data_Sets\pmo-dataset\graphviz\13.dot,0.5477005347593583,0.5492424242424243,0.5909090909090909,0.5626173499702912,0.5626173499702912,3,3,11,11,11,12,12,12,1,0.9567914438502675,0.9583333333333333,1.0,11,9,True,True,True,True,True,True,True,True,True,True,1.0,11,11,1.0,1,1,9,4,15,16,0,0,0,2,2,0,0,0,0,0,0,0,0,0,16,16,0,0,0,0,0,True,True,True,True,True,True,0,0,1,15,1.0,4,0.5,16,1.0,14,0.5,0.75,10,0.75,False,1.0,1.0,1.0,1,1,1.0,1,1,1.0,1.0,1,1,1.0,1,1,1.0,4,4,1.0,9,9,1.0,9,9,1.0,4,4,1.0,11,11,11,1,0,1.0,15,15,1.0,0,0,,15,1.0,4,0.5,16,1.0,10,0.75,0.0761904761904762,1.0,3.0,1.0,1.0666666666666667,0.5,0.0,1.0,4,1.0,0.5619047619047619,1.0,0.3125,0.25,0.6923076923076923,0.5,2,0.5,0,1.0,0.8125,0.8333333333333334,1.0,0.4166666666666667,,1.0,,0.7857142857142857,14,14,2,2,4,0,0,0,0,9,0,0,10,0.75,False,False,1.0,1.0,,nop -p (graphviz 15.0.0)
14,14,manipulated-vs-original,C:\Users\breis\Desktop\Software\PMo_manipulated\Graphviz\14.dot,C:\Users\breis\Desktop\Data_Sets\pmo-dataset\graphviz\14.dot,0.5,0.5,0.46527777777777773,0.4884259259259259,0.4884259259259259,3,3,12,12,12,11,12,11,1,1.0,1.0,0.9305555555555555,12,12,True,True,True,True,True,True,False,False,False,False,1.0,7,11,0.6363636363636364,1,1,10,2,14,14,0,0,3,1,0,0,0,1,0,1,0,0,0,0,14,14,0,0,0,0,0,False,False,True,True,True,True,3,0,1,14,1.0,2,0.75,14,1.0,12,0.75,0.875,10,0.75,False,1.0,1.0,1.0,1,1,1.0,1,1,1.0,1.0,1,1,1.0,1,1,0.0,0,2,1.0,10,10,0.7,7,10,0.5,1,2,0.8363636363636363,11,8,11,1,0,0.8571428571428571,12,14,1.0,0,0,,14,1.0,2,0.75,14,1.0,10,0.75,0.07692307692307693,1.0,2.5,1.0,1.0,0.5,0.0,1.0,2,1.0,0.532967032967033,1.0,0.6428571428571429,0.5,0.8333333333333334,0.75,0,1.0,0,1.0,0.875,0.8333333333333334,1.0,0.75,,1.0,,0.875,14,14,1,0,2,0,0,0,0,10,0,0,9,0.75,False,False,1.0,1.0,,nop -p (graphviz 15.0.0)
15,15,manipulated-vs-original,C:\Users\breis\Desktop\Software\PMo_manipulated\Graphviz\15.dot,C:\Users\breis\Desktop\Data_Sets\pmo-dataset\graphviz\15.dot,0.5411140583554377,0.548611111111111,0.5833333333333334,0.5576861675999607,0.5576861675999607,3,3,12,12,12,14,14,14,1,0.9577807250221043,0.9652777777777778,1.0,12,10,True,True,True,True,True,True,False,True,True,True,1.0,10,11,0.9090909090909091,1,1,10,4,16,19,0,0,1,2,2,0,0,0,0,0,0,0,0,0,19,19,0,0,0,0,0,False,False,True,True,True,True,1,0,1,16,1.0,4,0.5,19,1.0,14,0.5,0.75,10,0.75,False,1.0,1.0,1.0,1,1,1.0,1,1,1.0,1.0,1,1,1.0,1,1,1.0,4,4,1.0,10,10,0.9,9,10,1.0,4,4,0.990909090909091,11,10,11,1,0,1.0,16,16,1.0,0,0,,16,1.0,4,0.5,19,1.0,10,0.75,0.07916666666666666,1.0,3.5,1.0,1.1875,0.5,0.6309297535714574,0.75,3,1.0,0.5541666666666667,1.0,0.3157894736842105,0.25,0.5,0.5,2,0.5,4,0.0,0.8125,0.8333333333333334,0.9166666666666666,0.4166666666666667,,0.0,,0.6964285714285714,14,14,2,2,2,2,0,0,0,7,0,0,7,1.0,False,False,1.0,1.0,,nop -p (graphviz 15.0.0)
16,16,manipulated-vs-original,C:\Users\breis\Desktop\Software\PMo_manipulated\Graphviz\16.dot,C:\Users\breis\Desktop\Data_Sets\pmo-dataset\graphviz\16.dot,0.5356484220907298,0.5224358974358975,0.5769230769230769,0.5450024654832347,0.5450024654832347,3,3,26,26,26,39,39,39,1,0.9587253451676528,0.9455128205128205,1.0,26,22,True,True,True,True,True,True,True,True,True,True,1.0,11,11,1.0,1,1,24,14,40,49,0,0,0,7,7,0,0,0,0,0,0,0,0,0,49,49,0,0,0,0,0,True,True,True,True,True,True,0,0,1,40,0.75,14,0.0,49,0.5,32,0.0,0.3125,18,0.25,False,1.0,1.0,1.0,1,1,1.0,1,1,1.0,1.0,1,1,1.0,1,1,0.8571428571428571,12,14,1.0,24,24,1.0,24,24,1.0,14,14,0.987012987012987,11,10,11,1,0,1.0,40,40,1.0,0,0,,40,0.75,14,0.0,49,0.5,18,0.25,0.03141025641025641,1.0,3.4285714285714284,1.0,1.225,0.5,0.6216097450797566,0.75,11,1.0,0.5237179487179487,1.0,0.1836734693877551,1.0,0.5,0.5,7,0.0,12,0.0,0.375,0.8333333333333334,0.9166666666666666,0.5,,0.0,,0.5892857142857143,14,14,7,7,8,6,0,0,0,19,0,0,18,0.25,False,False,1.0,1.0,,nop -p (graphviz 15.0.0)
17,17,manipulated-vs-original,C:\Users\breis\Desktop\Software\PMo_manipulated\Graphviz\17.dot,C:\Users\breis\Desktop\Data_Sets\pmo-dataset\graphviz\17.dot,0.5,0.5,0.4552469135802469,0.48508230452674894,0.48508230452674894,3,3,27,27,27,33,35,32,1,1.0,1.0,0.9104938271604938,27,27,True,True,True,True,True,True,False,False,False,False,1.0,7,11,0.6363636363636364,1,1,25,16,43,51,0,0,2,8,7,0,1,1,0,1,0,0,0,0,51,51,0,0,0,0,0,False,False,False,True,True,True,2,1,1,43,0.75,16,0.0,51,0.25,8,0.75,0.4375,6,1.0,False,1.0,1.0,1.0,1,1,1.0,1,1,1.0,1.0,1,1,1.0,1,1,0.9285714285714286,13,14,1.0,25,25,0.92,23,25,0.875,14,16,0.9748701298701299,11,8,11,1,0,0.18604651162790697,8,43,1.0,0,0,,43,0.75,16,0.0,51,0.25,6,1.0,0.02823920265780731,1.0,3.0,1.0,1.186046511627907,0.5,0.527861537140782,1.0,14,0.75,0.4540420819490587,1.0,0.21568627450980393,1.0,0.43902439024390244,0.5,7,0.0,6,0.0,0.5,0.8333333333333334,0.9166666666666666,0.5,,0.0,,0.625,14,14,8,7,12,4,0,0,0,18,0,0,6,1.0,False,False,1.0,1.0,,nop -p (graphviz 15.0.0)
18,18,manipulated-vs-original,C:\Users\breis\Desktop\Software\PMo_manipulated\Graphviz\18.dot,C:\Users\breis\Desktop\Data_Sets\pmo-dataset\graphviz\18.dot,0.5142320085929108,0.511904761904762,0.5267857142857143,0.517640828261129,0.517640828261129,3,3,28,28,28,44,45,44,1,0.9785177228786252,0.9761904761904762,0.9821428571428571,28,26,True,True,True,True,True,True,True,False,False,True,1.0,9,11,0.8181818181818182,1,1,26,22,50,59,0,0,0,10,10,0,0,2,0,0,0,0,0,0,59,59,0,0,0,0,0,True,True,True,True,True,True,0,0,1,50,0.5,22,0.0,59,0.25,44,0.0,0.1875,22,0.25,False,1.0,1.0,1.0,1,1,1.0,1,1,1.0,1.0,1,1,1.0,1,1,0.9473684210526315,18,19,1.0,26,26,1.0,26,26,0.9090909090909091,20,22,0.9869508481948673,11,9,11,1,0,1.0,50,50,1.0,0,0,,50,0.5,22,0.0,59,0.25,22,0.25,0.024081632653061225,1.0,2.909090909090909,1.0,1.18,0.5,0.556032649876389,1.0,17,0.75,0.5228571428571429,1.0,0.13559322033898305,1.0,0.16666666666666666,0.25,10,0.0,6,0.0,0.25,0.8333333333333334,0.9166666666666666,0.4166666666666667,,0.0,,0.5357142857142857,14,14,10,10,16,6,0,0,0,8,0,0,18,0.25,False,False,1.0,1.0,,nop -p (graphviz 15.0.0)
19,19,manipulated-vs-original,C:\Users\breis\Desktop\Software\PMo_manipulated\Graphviz\19.dot,C:\Users\breis\Desktop\Data_Sets\pmo-dataset\graphviz\19.dot,0.5376923076923077,0.5541666666666667,0.6,0.5639529914529914,0.5639529914529914,3,3,10,10,10,14,14,14,1,0.9376923076923077,0.9541666666666666,1.0,10,8,True,True,True,True,True,True,True,True,True,True,1.0,11,11,1.0,1,1,8,8,18,21,0,0,0,4,4,0,0,0,0,0,0,0,0,0,21,21,0,0,0,0,0,True,True,True,True,True,True,0,0,1,18,1.0,8,0.0,21,0.75,14,0.5,0.5625,6,1.0,False,1.0,1.0,1.0,1,1,1.0,1,1,1.0,1.0,1,1,1.0,1,1,0.875,7,8,1.0,8,8,1.0,8,8,1.0,8,8,0.9886363636363636,11,10,11,1,0,1.0,18,18,1.0,0,0,,18,1.0,8,0.0,21,0.75,6,1.0,0.06862745098039216,1.0,3.0,1.0,1.1666666666666667,0.5,0.6309297535714574,0.75,6,1.0,0.5490196078431373,1.0,0.047619047619047616,1.0,0.3125,0.25,4,0.25,4,0.0,0.6875,0.8333333333333334,0.9166666666666666,0.5,,0.0,,0.6785714285714286,14,14,4,4,4,4,0,0,0,5,0,0,8,0.75,False,False,1.0,1.0,,nop -p (graphviz 15.0.0)
20,20,manipulated-vs-original,C:\Users\breis\Desktop\Software\PMo_manipulated\Graphviz\20.dot,C:\Users\breis\Desktop\Data_Sets\pmo-dataset\graphviz\20.dot,0.5,0.5,0.4722222222222222,0.49074074074074076,0.49074074074074076,3,3,15,15,15,18,19,18,1,1.0,1.0,0.9444444444444444,15,15,True,True,True,True,True,True,False,False,False,True,1.0,8,11,0.7272727272727273,1,1,13,7,22,26,0,0,3,3,3,0,0,1,0,0,0,0,0,0,26,26,0,0,0,0,0,False,False,True,True,True,True,3,0,1,22,1.0,7,0.0,26,0.75,15,0.5,0.5625,9,0.75,False,1.0,1.0,1.0,1,1,1.0,1,1,1.0,1.0,1,1,1.0,1,1,1.0,7,7,1.0,13,13,0.7692307692307693,10,13,0.8571428571428571,6,7,0.9660339660339662,11,9,11,1,0,0.9545454545454546,21,22,1.0,0,0,,22,1.0,7,0.0,26,0.75,9,0.75,0.05627705627705628,1.0,3.2857142857142856,1.0,1.1818181818181819,0.5,0.6309297535714574,0.75,4,1.0,0.43722943722943725,1.0,0.2692307692307692,0.25,0.4,0.5,3,0.5,6,0.0,0.625,0.8333333333333334,0.9166666666666666,0.4166666666666667,,0.0,,0.6428571428571429,14,14,3,3,4,3,0,0,0,8,0,0,8,0.75,False,False,1.0,1.0,,nop -p (graphviz 15.0.0)
21,21,manipulated-vs-original,C:\Users\breis\Desktop\Software\PMo_manipulated\Graphviz\21.dot,C:\Users\breis\Desktop\Data_Sets\pmo-dataset\graphviz\21.dot,0.5088757396449703,0.5288461538461539,0.5555555555555556,0.53109248301556,0.53109248301556,3,3,9,9,9,11,11,11,1,0.9704142011834319,0.9903846153846154,1.0,9,8,True,True,True,True,True,True,False,False,False,False,1.0,7,11,0.6363636363636364,1,1,7,6,15,18,0,0,1,4,3,1,1,0,1,2,0,0,0,0,18,18,0,0,0,0,0,False,False,True,True,True,True,1,0,1,15,1.0,6,0.25,18,1.0,11,0.75,0.75,6,1.0,False,1.0,1.0,1.0,1,1,1.0,1,1,1.0,1.0,1,1,1.0,1,1,0.6666666666666666,4,6,1.0,7,7,0.8571428571428571,6,7,0.8333333333333334,5,6,0.9415584415584418,11,8,11,1,1,1.0,15,15,1.0,0,0,,15,1.0,6,0.25,18,1.0,6,1.0,0.08571428571428572,1.0,3.1666666666666665,1.0,1.2,0.5,0.920619835714305,0.25,8,1.0,0.4857142857142857,1.0,0.1111111111111111,1.0,0.15384615384615385,0.25,2,0.5,2,0.0,0.8125,0.8333333333333334,0.75,0.5833333333333334,,0.0,,0.6964285714285714,14,14,4,3,3,1,2,0,1,2,0,0,6,1.0,False,False,1.0,1.0,,nop -p (graphviz 15.0.0)
22,22,manipulated-vs-original,C:\Users\breis\Desktop\Software\PMo_manipulated\Graphviz\22.dot,C:\Users\breis\Desktop\Data_Sets\pmo-dataset\graphviz\22.dot,0.5,0.5,0.34803921568627455,0.4493464052287582,0.4493464052287582,3,3,17,17,17,17,17,17,1,1.0,1.0,0.6960784313725491,17,17,True,True,True,False,True,True,False,True,True,False,1.0,8,11,0.7272727272727273,1,4,9,3,20,20,0,0,1,3,0,0,0,0,0,2,1,3,0,0,20,20,0,0,0,0,6,False,False,True,True,True,True,1,0,1,20,1.0,3,0.75,20,0.75,11,0.75,0.8125,8,0.75,False,1.0,1.0,1.0,1,1,0.25,1,4,1.0,1.0,1,1,1.0,4,4,0.0,0,3,1.0,9,9,0.8888888888888888,8,9,1.0,3,3,0.8308080808080809,11,8,11,1,1,1.0,20,20,1.0,1,1,,20,1.0,3,0.75,20,0.75,8,0.75,0.05263157894736842,1.0,3.3333333333333335,1.0,1.0,0.5,0.579380164285695,1.0,7,1.0,0.36578947368421055,1.0,0.5,0.5,0.6666666666666666,0.5,0,1.0,0,1.0,0.8125,0.8333333333333334,1.0,0.6666666666666666,,1.0,,0.8392857142857143,14,14,3,0,2,0,0,1,2,12,0,0,8,0.75,False,False,1.0,1.0,,nop -p (graphviz 15.0.0)
23,23,manipulated-vs-original,C:\Users\breis\Desktop\Software\PMo_manipulated\Graphviz\23.dot,C:\Users\breis\Desktop\Data_Sets\pmo-dataset\graphviz\23.dot,0.5,0.5,0.3590277777777778,0.4530092592592592,0.4530092592592592,3,3,12,12,12,15,15,14,1,1.0,1.0,0.7083333333333334,12,12,True,True,True,False,True,True,False,False,False,False,0.9090909090909091,5,11,0.5371900826446281,2,3,7,4,17,22,0,0,6,2,1,0,0,1,0,1,0,0,0,0,22,20,2,0,2,0,0,False,False,True,True,True,True,1,0,1,16,1.0,4,0.5,16,1.0,8,0.75,0.8125,6,1.0,False,1.0,1.0,1.0,2,2,0.6666666666666666,2,3,1.0,1.0,2,2,1.0,3,3,0.5,2,4,1.0,7,7,0.8571428571428571,6,7,0.75,3,4,0.8885281385281385,11,7,11,2,3,1.0,16,16,1.0,0,0,,16,1.0,4,0.5,16,1.0,6,1.0,0.06666666666666667,1.0,3.0,1.0,1.0,0.5,0.0,1.0,4,1.0,0.275,1.0,0.47368421052631576,0.25,0.6428571428571429,0.5,1,0.75,0,1.0,0.875,0.8333333333333334,1.0,0.5,,1.0,,0.8214285714285714,14,14,2,1,4,0,0,0,2,9,0,0,4,1.0,False,False,1.0,1.0,,nop -p (graphviz 15.0.0)
24,24,manipulated-vs-original,C:\Users\breis\Desktop\Software\PMo_manipulated\Graphviz\24.dot,C:\Users\breis\Desktop\Data_Sets\pmo-dataset\graphviz\24.dot,0.5017045454545455,0.51171875,0.46695402298850575,0.4934591061476838,0.4934591061476838,3,3,29,29,29,35,37,35,1,0.9704545454545455,0.98046875,0.8735632183908045,29,27,True,True,True,True,True,True,False,True,True,True,0.9459459459459459,9,11,0.9041769041769041,3,3,18,1,31,37,0,0,11,0,1,0,0,0,0,0,0,5,0,0,37,35,2,0,2,0,12,True,True,True,True,True,True,0,0,1,30,0.75,1,1.0,27,0.75,12,0.75,0.8125,11,0.75,False,1.0,1.0,1.0,3,3,1.0,3,3,1.0,1.0,3,3,1.0,3,3,0.0,0,1,1.0,18,18,1.0,18,18,1.0,1,1,0.9090909090909091,11,10,11,3,3,0.9333333333333333,28,30,1.0,0,0,,30,0.75,1,1.0,27,0.75,11,0.75,0.03103448275862069,1.0,3.0,1.0,0.9,0.5,0.0,1.0,0,1.0,0.19540229885057472,1.0,0.9166666666666666,0.75,0.8214285714285714,0.75,0,1.0,0,1.0,0.8125,0.8333333333333334,1.0,0.8333333333333334,,1.0,,0.875,14,14,0,1,0,0,0,1,0,23,0,0,11,0.75,False,False,1.0,1.0,,nop -p (graphviz 15.0.0)
25,25,manipulated-vs-original,C:\Users\breis\Desktop\Software\PMo_manipulated\Graphviz\25.dot,C:\Users\breis\Desktop\Data_Sets\pmo-dataset\graphviz\25.dot,0.5,0.5,0.5,0.5,0.5,3,3,16,16,16,30,30,30,1,1.0,1.0,1.0,16,16,True,True,True,True,True,True,True,True,True,True,1.0,11,11,1.0,1,1,13,16,32,39,0,0,0,8,8,0,0,0,0,0,0,1,0,0,39,39,0,0,0,0,2,True,True,True,True,True,True,0,0,1,32,0.75,16,0.0,39,0.5,28,0.0,0.3125,12,0.75,False,1.0,1.0,1.0,1,1,1.0,1,1,1.0,1.0,1,1,1.0,1,1,0.875,14,16,1.0,13,13,1.0,13,13,1.0,16,16,0.9886363636363636,11,10,11,1,0,1.0,32,32,1.0,0,0,,32,0.75,16,0.0,39,0.5,12,0.75,0.03931451612903226,1.0,3.0,1.0,1.21875,0.5,0.5118595071429148,1.0,14,0.75,0.8860887096774194,1.0,0.07692307692307693,1.0,0.16666666666666666,0.25,8,0.0,4,0.0,0.5,0.8333333333333334,0.9166666666666666,0.4166666666666667,,0.0,,0.6071428571428571,14,14,8,8,12,4,0,0,6,5,0,0,11,0.75,False,False,1.0,1.0,,nop -p (graphviz 15.0.0)
26,26,manipulated-vs-original,C:\Users\breis\Desktop\Software\PMo_manipulated\Graphviz\26.dot,C:\Users\breis\Desktop\Data_Sets\pmo-dataset\graphviz\26.dot,0.4642857142857143,0.4642857142857143,0.49404761904761907,0.47420634920634924,0.47420634920634924,3,3,14,14,14,17,18,17,1,0.9285714285714286,0.9285714285714286,0.9702380952380952,14,14,True,True,True,True,False,True,False,False,False,False,1.0,6,11,0.5454545454545454,1,1,12,8,22,26,0,0,3,4,3,0,0,1,0,2,0,0,0,0,26,26,0,0,0,0,0,False,False,True,True,True,True,3,0,1,22,1.0,8,0.0,26,0.75,20,0.25,0.5,12,0.75,False,1.0,1.0,1.0,1,1,1.0,1,1,1.0,0.0,0,1,1.0,1,1,0.75,6,8,1.0,12,12,0.75,9,12,0.875,7,8,0.8522727272727273,11,7,11,1,0,0.9545454545454546,21,22,1.0,0,0,,22,1.0,8,0.0,26,0.75,12,0.75,0.05627705627705628,1.0,2.875,1.0,1.1818181818181819,0.5,0.6216097450797566,0.75,7,1.0,0.6212121212121212,1.0,0.15384615384615385,1.0,0.4,0.5,3,0.5,2,0.0,0.625,0.8333333333333334,0.9166666666666666,0.6666666666666666,,0.0,,0.6964285714285714,14,14,4,3,4,4,0,0,0,8,0,0,6,1.0,False,False,1.0,1.0,,nop -p (graphviz 15.0.0)
27,27,manipulated-vs-original,C:\Users\breis\Desktop\Software\PMo_manipulated\Graphviz\27.dot,C:\Users\breis\Desktop\Data_Sets\pmo-dataset\graphviz\27.dot,0.5,0.5,0.48333333333333334,0.49444444444444446,0.49444444444444446,3,3,13,13,13,23,22,22,1,1.0,1.0,0.9666666666666667,13,13,True,True,True,True,True,True,False,False,False,True,1.0,8,11,0.7272727272727273,1,1,11,20,33,45,0,0,1,10,11,1,1,0,1,0,0,0,0,0,45,45,0,0,0,0,0,False,False,True,True,True,True,1,0,1,33,0.75,20,0.0,45,0.5,19,0.25,0.375,7,1.0,False,1.0,1.0,1.0,1,1,1.0,1,1,1.0,1.0,1,1,1.0,1,1,0.95,19,20,1.0,11,11,0.9090909090909091,10,11,0.95,19,20,0.9826446280991733,11,8,11,1,0,1.0,33,33,1.0,0,0,,33,0.75,20,0.0,45,0.5,7,1.0,0.04261363636363636,1.0,3.25,1.0,1.3636363636363635,0.5,0.29590327428938457,1.0,21,0.75,0.3134469696969697,1.0,0.022222222222222223,1.0,0.0967741935483871,0.25,10,0.0,2,0.0,0.5625,0.8333333333333334,0.9166666666666666,0.4166666666666667,,0.0,,0.625,14,14,10,11,18,2,0,0,9,3,0,0,5,1.0,False,False,1.0,1.0,,nop -p (graphviz 15.0.0)
28,28,manipulated-vs-original,C:\Users\breis\Desktop\Software\PMo_manipulated\Graphviz\28.dot,C:\Users\breis\Desktop\Data_Sets\pmo-dataset\graphviz\28.dot,0.5182072829131653,0.5098039215686274,0.5294117647058824,0.5191409897292251,0.5191409897292251,3,3,17,17,17,23,23,23,1,0.988795518207283,0.9803921568627452,1.0,17,16,True,True,True,True,True,True,True,True,True,True,1.0,11,11,1.0,1,1,15,12,29,35,0,0,0,6,6,0,0,0,0,0,0,0,0,0,35,35,0,0,0,0,0,True,True,True,True,True,True,0,0,1,29,1.0,12,0.0,35,0.5,23,0.25,0.4375,11,0.75,False,1.0,1.0,1.0,1,1,1.0,1,1,1.0,1.0,1,1,1.0,1,1,1.0,10,10,1.0,15,15,1.0,15,15,1.0,12,12,1.0,11,11,11,1,0,1.0,29,29,1.0,0,0,,29,1.0,12,0.0,35,0.5,11,0.75,0.04310344827586207,1.0,3.1666666666666665,1.0,1.206896551724138,0.5,0.920619835714305,0.25,14,0.75,0.5307881773399015,1.0,0.02857142857142857,1.0,0.5185185185185185,0.5,6,0.0,6,0.0,0.5625,0.8333333333333334,0.6666666666666666,0.5,,0.0,,0.5892857142857143,14,14,6,6,4,6,2,0,2,14,0,0,10,0.75,False,False,1.0,1.0,,nop -p (graphviz 15.0.0)
29,29,manipulated-vs-original,C:\Users\breis\Desktop\Software\PMo_manipulated\Graphviz\29.dot,C:\Users\breis\Desktop\Data_Sets\pmo-dataset\graphviz\29.dot,0.45652173913043476,0.45652173913043476,0.4091614906832298,0.4407349896480331,0.4407349896480331,3,3,23,23,23,37,67,37,1,0.9130434782608695,0.9130434782608695,0.7950310559006211,23,23,True,True,True,True,True,True,False,True,True,True,1.0,10,11,0.9090909090909091,1,1,21,12,35,50,0,0,2,6,6,0,0,0,0,0,0,0,0,0,50,50,0,0,0,0,0,False,False,True,True,True,True,2,0,1,35,0.75,12,0.0,50,0.5,21,0.25,0.375,11,0.75,False,1.0,1.0,1.0,1,1,1.0,1,1,1.0,1.0,1,1,1.0,1,1,0.9,9,10,1.0,21,21,0.9047619047619048,19,21,1.0,12,12,0.9822510822510823,11,9,11,1,0,1.0,35,35,1.0,0,0,,35,0.75,12,0.0,50,0.5,11,0.75,0.04201680672268908,1.0,4.5,0.0,1.4285714285714286,0.5,0.41011848630651804,1.0,15,0.75,0.6932773109243697,1.0,0.08,1.0,0.18181818181818182,0.25,6,0.0,12,0.0,0.5,0.5,0.9166666666666666,0.4166666666666667,,0.0,,0.5357142857142857,14,14,6,6,10,2,0,0,4,6,0,0,7,1.0,False,False,1.0,1.0,,nop -p (graphviz 15.0.0)
30,30,manipulated-vs-original,C:\Users\breis\Desktop\Software\PMo_manipulated\Graphviz\30.dot,C:\Users\breis\Desktop\Data_Sets\pmo-dataset\graphviz\30.dot,0.5,0.5,0.4732142857142857,0.49107142857142855,0.49107142857142855,3,3,14,14,14,16,17,16,1,1.0,1.0,0.9464285714285714,14,14,True,True,True,True,True,True,False,True,True,False,1.0,9,11,0.8181818181818182,1,1,9,8,22,25,0,0,2,5,3,0,0,0,0,3,0,3,0,0,25,25,0,0,0,0,6,False,False,True,True,True,True,2,0,1,22,1.0,8,0.0,25,0.75,17,0.25,0.5,12,0.75,False,1.0,1.0,1.0,1,1,1.0,1,1,1.0,1.0,1,1,1.0,1,1,0.7142857142857143,5,7,1.0,9,9,0.7777777777777778,7,9,1.0,8,8,0.953823953823954,11,9,11,1,0,0.8636363636363636,19,22,1.0,0,0,,22,1.0,8,0.0,25,0.75,12,0.75,0.05411255411255411,1.0,3.0,1.0,1.1363636363636365,0.5,0.5118595071429148,1.0,9,1.0,0.46320346320346323,1.0,0.24,1.0,0.65,0.5,3,0.5,2,0.0,0.625,0.8333333333333334,1.0,0.6666666666666666,,0.0,,0.7142857142857143,14,14,5,3,6,2,0,0,4,13,0,0,13,0.5,False,False,1.0,1.0,,nop -p (graphviz 15.0.0)
31,31,manipulated-vs-original,C:\Users\breis\Desktop\Software\PMo_manipulated\Graphviz\31.dot,C:\Users\breis\Desktop\Data_Sets\pmo-dataset\graphviz\31.dot,0.5,0.5,0.5,0.5,0.5,3,3,17,17,17,24,24,24,1,1.0,1.0,1.0,17,17,True,True,True,True,True,True,True,True,True,True,1.0,11,11,1.0,1,1,15,15,32,40,0,0,0,8,7,0,0,0,0,0,0,0,0,0,40,40,0,0,0,0,0,True,True,True,True,True,True,0,0,1,32,0.75,15,0.0,40,0.5,26,0.0,0.3125,11,0.75,False,1.0,1.0,1.0,1,1,1.0,1,1,1.0,1.0,1,1,1.0,1,1,0.9333333333333333,14,15,1.0,15,15,1.0,15,15,1.0,15,15,0.993939393939394,11,10,11,1,0,1.0,32,32,1.0,0,0,,32,0.75,15,0.0,40,0.5,11,0.75,0.04032258064516129,1.0,3.2,1.0,1.25,0.5,0.6289054987282648,0.75,12,1.0,0.5060483870967742,1.0,0.025,1.0,0.2,0.25,7,0.0,10,0.0,0.5,0.8333333333333334,0.9166666666666666,0.4166666666666667,,0.0,,0.6071428571428571,14,14,8,7,7,8,0,0,4,6,0,0,9,0.75,False,False,1.0,1.0,,nop -p (graphviz 15.0.0)
32,32,manipulated-vs-original,C:\Users\breis\Desktop\Software\PMo_manipulated\Graphviz\32.dot,C:\Users\breis\Desktop\Data_Sets\pmo-dataset\graphviz\32.dot,0.475,0.475,0.4387254901960784,0.4629084967320261,0.4629084967320261,3,3,17,17,17,31,29,28,1,0.95,0.95,0.8627450980392156,17,17,True,True,True,True,True,True,False,False,False,False,1.0,7,11,0.6363636363636364,1,1,15,14,31,37,0,0,2,7,7,1,1,1,1,1,0,0,0,0,37,37,0,0,0,0,0,False,False,True,True,True,True,2,0,1,31,0.75,14,0.0,37,0.5,26,0.0,0.3125,12,0.75,False,1.0,1.0,1.0,1,1,1.0,1,1,1.0,1.0,1,1,1.0,1,1,0.8571428571428571,12,14,1.0,15,15,0.8666666666666667,13,15,0.8571428571428571,12,14,0.961904761904762,11,8,11,1,1,0.967741935483871,30,31,1.0,0,0,,31,0.75,14,0.0,37,0.5,12,0.75,0.03978494623655914,1.0,3.0,1.0,1.1935483870967742,0.5,0.842088781560647,0.5,14,0.75,0.5935483870967742,1.0,0.08108108108108109,1.0,0.2413793103448276,0.25,6,0.0,2,0.0,0.5,0.8333333333333334,0.75,0.4166666666666667,,0.0,,0.5714285714285714,14,14,7,7,8,4,2,0,4,7,0,0,7,1.0,False,False,1.0,1.0,,nop -p (graphviz 15.0.0)
33,33,manipulated-vs-original,C:\Users\breis\Desktop\Software\PMo_manipulated\Graphviz\33.dot,C:\Users\breis\Desktop\Data_Sets\pmo-dataset\graphviz\33.dot,0.5,0.5,0.4277777777777778,0.4759259259259259,0.4759259259259259,3,3,15,15,15,19,18,18,1,1.0,1.0,0.8555555555555556,15,15,True,True,True,True,True,True,False,True,True,True,1.0,10,11,0.9090909090909091,1,1,13,10,25,30,0,0,1,5,5,0,0,0,0,0,0,0,0,0,30,30,0,0,0,0,0,False,False,True,True,True,True,1,0,1,25,1.0,10,0.0,30,0.75,20,0.25,0.5,11,0.75,False,1.0,1.0,1.0,1,1,1.0,1,1,1.0,1.0,1,1,1.0,1,1,0.8,8,10,1.0,13,13,0.9230769230769231,12,13,1.0,10,10,0.974825174825175,11,9,11,1,0,1.0,25,25,1.0,0,0,,25,1.0,10,0.0,30,0.75,11,0.75,0.05,1.0,3.1,1.0,1.2,0.5,0.45548591500359514,1.0,9,1.0,0.5383333333333333,1.0,0.13333333333333333,1.0,0.34782608695652173,0.25,5,0.25,4,0.0,0.625,0.8333333333333334,1.0,0.5,,0.0,,0.6785714285714286,14,14,5,5,8,2,0,0,4,8,0,0,10,0.75,False,False,1.0,1.0,,nop -p (graphviz 15.0.0)
34,34,manipulated-vs-original,C:\Users\breis\Desktop\Software\PMo_manipulated\Graphviz\34.dot,C:\Users\breis\Desktop\Data_Sets\pmo-dataset\graphviz\34.dot,0.5,0.5,0.5,0.5,0.5,3,3,13,13,13,23,23,23,1,1.0,1.0,1.0,13,13,True,True,True,True,True,True,True,True,True,True,1.0,11,11,1.0,1,1,11,10,23,29,0,0,0,5,5,0,0,0,0,0,0,0,0,0,29,29,0,0,0,0,0,True,True,True,True,True,True,0,0,1,23,1.0,10,0.0,29,0.75,20,0.25,0.5,10,0.75,False,1.0,1.0,1.0,1,1,1.0,1,1,1.0,1.0,1,1,1.0,1,1,1.0,9,9,1.0,11,11,1.0,11,11,1.0,10,10,1.0,11,11,11,1,0,1.0,23,23,1.0,0,0,,23,1.0,10,0.0,29,0.75,10,0.75,0.05731225296442688,1.0,3.4,1.0,1.2608695652173914,0.5,0.45548591500359514,1.0,9,1.0,0.9209486166007905,1.0,0.10344827586206896,1.0,0.14285714285714285,0.25,5,0.25,6,0.0,0.625,0.8333333333333334,1.0,0.5,,0.0,,0.6785714285714286,14,14,5,5,8,2,0,0,4,3,0,0,6,1.0,False,False,1.0,1.0,,nop -p (graphviz 15.0.0)
35,35,manipulated-vs-original,C:\Users\breis\Desktop\Software\PMo_manipulated\Graphviz\35.dot,C:\Users\breis\Desktop\Data_Sets\pmo-dataset\graphviz\35.dot,0.5,0.5,0.4494047619047619,0.48313492063492064,0.48313492063492064,3,3,14,14,14,16,16,15,1,1.0,1.0,0.880952380952381,14,14,True,True,True,True,True,True,False,True,True,False,1.0,9,11,0.8181818181818182,1,1,12,4,18,21,0,0,4,3,1,0,0,0,0,2,0,0,0,0,21,21,0,0,0,0,0,False,False,True,True,True,True,4,0,1,18,1.0,4,0.5,21,0.75,15,0.5,0.6875,11,0.75,False,1.0,1.0,1.0,1,1,1.0,1,1,1.0,1.0,1,1,1.0,1,1,0.5,2,4,1.0,12,12,0.6666666666666666,8,12,1.0,4,4,0.9242424242424242,11,9,11,1,0,0.9444444444444444,17,18,1.0,0,0,,18,1.0,4,0.5,21,0.75,11,0.75,0.06862745098039216,1.0,3.25,1.0,1.1666666666666667,0.5,0.6309297535714574,0.75,5,1.0,0.5359477124183006,1.0,0.38095238095238093,0.25,0.5625,0.5,1,0.75,2,0.0,0.75,0.8333333333333334,0.9166666666666666,0.5,,0.0,,0.6964285714285714,14,14,3,1,2,2,0,0,2,9,0,0,9,0.75,False,False,1.0,1.0,,nop -p (graphviz 15.0.0)
36,36,manipulated-vs-original,C:\Users\breis\Desktop\Software\PMo_manipulated\Graphviz\36.dot,C:\Users\breis\Desktop\Data_Sets\pmo-dataset\graphviz\36.dot,0.4772727272727273,0.4772727272727273,0.4848484848484848,0.47979797979797983,0.47979797979797983,3,3,22,22,22,30,31,30,1,0.9545454545454546,0.9545454545454546,0.9583333333333333,22,22,True,True,True,True,True,True,False,True,True,False,1.0,9,11,0.8181818181818182,1,1,20,8,30,38,0,0,3,5,3,0,0,0,0,2,0,0,0,0,38,38,0,0,0,0,0,False,False,True,True,True,True,3,0,1,30,0.75,8,0.0,38,0.5,20,0.25,0.375,13,0.5,False,1.0,1.0,1.0,1,1,1.0,1,1,1.0,1.0,1,1,1.0,1,1,0.375,3,8,1.0,20,20,0.85,17,20,1.0,8,8,0.9295454545454546,11,9,11,1,0,0.9666666666666667,29,30,1.0,0,0,,30,0.75,8,0.0,38,0.5,13,0.5,0.04367816091954023,1.0,4.125,0.25,1.2666666666666666,0.5,0.6309297535714574,0.75,11,1.0,0.4689655172413793,1.0,0.15789473684210525,1.0,0.2857142857142857,0.25,3,0.5,8,0.0,0.4375,0.5833333333333334,0.9166666666666666,0.5833333333333334,,0.0,,0.5714285714285714,14,14,5,3,4,4,0,0,3,8,0,0,8,0.75,False,False,1.0,1.0,,nop -p (graphviz 15.0.0)
37,37,manipulated-vs-original,C:\Users\breis\Desktop\Software\PMo_manipulated\Graphviz\37.dot,C:\Users\breis\Desktop\Data_Sets\pmo-dataset\graphviz\37.dot,0.5,0.5,0.5,0.5,0.5,3,3,12,12,12,24,24,24,1,1.0,1.0,1.0,12,12,True,True,True,True,True,True,False,True,True,False,1.0,9,11,0.8181818181818182,1,1,10,11,23,30,0,0,1,6,5,0,0,0,0,1,0,0,0,0,30,30,0,0,0,0,0,False,False,True,True,True,True,1,0,1,23,1.0,11,0.0,30,0.75,19,0.25,0.5,8,0.75,False,1.0,1.0,1.0,1,1,1.0,1,1,1.0,1.0,1,1,1.0,1,1,0.8181818181818182,9,11,1.0,10,10,0.9,9,10,1.0,11,11,0.9743801652892562,11,9,11,1,0,1.0,23,23,1.0,0,0,,23,1.0,11,0.0,30,0.75,8,0.75,0.05928853754940711,1.0,3.3636363636363638,1.0,1.3043478260869565,0.5,0.27729172565378846,1.0,12,1.0,0.6521739130434783,1.0,0.03333333333333333,1.0,0.2857142857142857,0.25,5,0.25,4,0.0,0.625,0.8333333333333334,1.0,0.5,,0.0,,0.6785714285714286,14,14,6,5,10,1,0,0,6,6,0,0,6,1.0,False,False,1.0,1.0,,nop -p (graphviz 15.0.0)
38,38,manipulated-vs-original,C:\Users\breis\Desktop\Software\PMo_manipulated\Graphviz\38.dot,C:\Users\breis\Desktop\Data_Sets\pmo-dataset\graphviz\38.dot,0.5,0.5,0.43666666666666665,0.47888888888888886,0.47888888888888886,3,3,15,15,15,20,18,17,1,1.0,1.0,0.8644444444444445,15,15,True,True,True,True,True,True,False,False,False,False,1.0,7,11,0.6363636363636364,1,1,11,8,25,30,0,0,4,4,4,1,1,1,1,1,0,2,0,0,30,30,0,0,0,0,6,False,False,True,True,True,True,2,0,1,23,1.0,8,0.0,26,0.75,19,0.25,0.5,11,0.75,False,1.0,1.0,1.0,1,1,1.0,1,1,1.0,1.0,1,1,1.0,1,1,0.5,4,8,1.0,11,11,0.8181818181818182,9,11,0.75,6,8,0.9152892561983471,11,8,11,1,3,0.9565217391304348,22,23,1.0,0,0,,23,1.0,8,0.0,26,0.75,11,0.75,0.05138339920948617,1.0,3.0,1.0,1.1304347826086956,0.5,0.5445684476282007,1.0,7,1.0,0.5395256916996047,1.0,0.23076923076923078,1.0,0.42857142857142855,0.5,3,0.5,2,0.0,0.625,0.8333333333333334,1.0,0.6666666666666666,,0.0,,0.7142857142857143,14,14,4,4,6,2,0,0,3,9,0,0,7,1.0,False,False,1.0,1.0,,nop -p (graphviz 15.0.0)
39,39,manipulated-vs-original,C:\Users\breis\Desktop\Software\PMo_manipulated\Graphviz\39.dot,C:\Users\breis\Desktop\Data_Sets\pmo-dataset\graphviz\39.dot,0.5,0.5,0.5,0.5,0.5,3,3,17,17,17,30,30,30,1,1.0,1.0,1.0,17,17,True,True,True,True,True,True,True,True,True,True,1.0,11,11,1.0,1,1,15,18,35,45,0,0,0,9,9,0,0,0,0,0,0,0,0,0,45,45,0,0,0,0,0,True,True,True,True,True,True,0,0,1,35,0.75,18,0.0,45,0.5,32,0.0,0.3125,14,0.5,False,1.0,1.0,1.0,1,1,1.0,1,1,1.0,1.0,1,1,1.0,1,1,0.9411764705882353,16,17,1.0,15,15,1.0,15,15,1.0,18,18,0.9946524064171123,11,10,11,1,0,1.0,35,35,1.0,0,0,,35,0.75,18,0.0,45,0.5,14,0.5,0.037815126050420166,1.0,3.2222222222222223,1.0,1.2857142857142858,0.5,0.3175206571427802,1.0,18,0.75,0.5243697478991597,1.0,0.06666666666666667,1.0,0.42424242424242425,0.5,9,0.0,4,0.0,0.4375,0.8333333333333334,0.9166666666666666,0.5,,0.0,,0.6071428571428571,14,14,9,9,16,2,0,0,8,14,0,0,5,1.0,False,False,1.0,1.0,,nop -p (graphviz 15.0.0)
40,40,manipulated-vs-original,C:\Users\breis\Desktop\Software\PMo_manipulated\Graphviz\40.dot,C:\Users\breis\Desktop\Data_Sets\pmo-dataset\graphviz\40.dot,0.5,0.5,0.5,0.5,0.5,3,3,12,12,12,15,15,15,1,1.0,1.0,1.0,12,12,True,True,True,True,True,True,True,True,True,True,1.0,11,11,1.0,1,1,10,8,20,24,0,0,0,4,4,0,0,0,0,0,0,0,0,0,24,24,0,0,0,0,0,True,True,True,True,True,True,0,0,1,20,1.0,8,0.0,24,0.75,17,0.25,0.5,9,0.75,False,1.0,1.0,1.0,1,1,1.0,1,1,1.0,1.0,1,1,1.0,1,1,0.8,4,5,1.0,10,10,1.0,10,10,1.0,8,8,0.9818181818181819,11,10,11,1,0,1.0,20,20,1.0,0,0,,20,1.0,8,0.0,24,0.75,9,0.75,0.06315789473684211,1.0,3.25,1.0,1.2,0.5,0.5118595071429148,1.0,7,1.0,0.5394736842105263,1.0,0.08333333333333333,1.0,0.2777777777777778,0.25,4,0.25,4,0.0,0.625,0.8333333333333334,1.0,0.5,,0.0,,0.6785714285714286,14,14,4,4,6,2,0,0,3,5,0,0,4,1.0,False,False,1.0,1.0,,nop -p (graphviz 15.0.0)
41,41,manipulated-vs-original,C:\Users\breis\Desktop\Software\PMo_manipulated\Graphviz\41.dot,C:\Users\breis\Desktop\Data_Sets\pmo-dataset\graphviz\41.dot,0.43333333333333335,0.43333333333333335,0.4583333333333333,0.44166666666666665,0.44166666666666665,3,3,15,15,15,19,18,18,1,0.8666666666666667,0.8666666666666667,0.9055555555555556,15,15,True,True,True,True,True,True,False,False,False,False,1.0,7,11,0.6363636363636364,1,1,13,6,21,25,0,0,4,4,1,0,0,1,0,3,0,0,0,0,25,25,0,0,0,0,0,False,False,True,True,True,True,4,0,1,21,1.0,6,0.25,25,0.75,19,0.25,0.5625,13,0.5,False,1.0,1.0,1.0,1,1,1.0,1,1,1.0,1.0,1,1,1.0,1,1,0.3333333333333333,2,6,1.0,13,13,0.6923076923076923,9,13,0.8333333333333334,5,6,0.8962703962703962,11,8,11,1,0,1.0,21,21,1.0,0,0,,21,1.0,6,0.25,25,0.75,13,0.5,0.05952380952380952,1.0,2.8333333333333335,1.0,1.1904761904761905,0.5,0.6126016192893442,1.0,7,1.0,0.5619047619047619,1.0,0.36,0.25,0.2631578947368421,0.25,1,0.75,2,0.0,0.625,0.8333333333333334,1.0,0.4166666666666667,,0.0,,0.6607142857142857,14,14,4,1,4,2,0,0,4,5,0,0,14,0.5,False,False,1.0,1.0,,nop -p (graphviz 15.0.0)
42,42,manipulated-vs-original,C:\Users\breis\Desktop\Software\PMo_manipulated\Graphviz\42.dot,C:\Users\breis\Desktop\Data_Sets\pmo-dataset\graphviz\42.dot,0.5,0.5,0.4696969696969697,0.4898989898989899,0.4898989898989899,3,3,11,11,11,12,13,12,1,1.0,1.0,0.9393939393939394,11,11,True,True,False,False,True,True,False,False,False,False,1.0,5,11,0.45454545454545453,1,1,8,5,16,17,0,0,1,2,2,0,0,1,0,1,0,1,0,0,17,17,0,0,0,0,2,False,False,True,True,True,False,1,0,2,16,1.0,5,0.5,17,1.0,0,1.0,0.875,0,1.0,False,1.0,1.0,0.5,1,2,1.0,1,1,1.0,1.0,1,1,1.0,1,1,0.8,4,5,1.0,8,8,0.875,7,8,0.8,4,5,0.906818181818182,11,7,11,2,0,0.125,2,16,1.0,0,0,,16,1.0,5,0.5,17,1.0,0,1.0,0.07083333333333333,1.0,2.8,1.0,1.0625,0.5,0.6309297535714574,0.75,3,1.0,0.4041666666666667,1.0,0.23529411764705882,1.0,0.42857142857142855,0.5,1,0.75,2,0.0,0.875,0.8333333333333334,0.9166666666666666,0.75,,0.0,,0.7857142857142857,14,14,2,2,3,2,0,0,2,6,0,0,2,1.0,False,False,1.0,1.0,,nop -p (graphviz 15.0.0)
43,43,manipulated-vs-original,C:\Users\breis\Desktop\Software\PMo_manipulated\Graphviz\43.dot,C:\Users\breis\Desktop\Data_Sets\pmo-dataset\graphviz\43.dot,0.43333333333333335,0.43333333333333335,0.4777777777777778,0.4481481481481482,0.4481481481481482,3,3,15,15,15,18,18,18,1,0.8666666666666667,0.8666666666666667,0.9555555555555556,15,15,True,True,True,True,True,True,False,True,True,False,1.0,9,11,0.8181818181818182,1,1,13,6,21,25,0,0,4,5,1,0,0,0,0,4,0,0,0,0,25,25,0,0,0,0,0,False,False,True,True,True,True,4,0,1,21,1.0,6,0.25,25,0.75,17,0.25,0.5625,12,0.75,False,1.0,1.0,1.0,1,1,1.0,1,1,1.0,1.0,1,1,1.0,1,1,0.5,3,6,1.0,13,13,0.6923076923076923,9,13,1.0,6,6,0.9265734265734266,11,9,11,1,0,1.0,21,21,1.0,0,0,,21,1.0,6,0.25,25,0.75,12,0.75,0.05952380952380952,1.0,3.0,1.0,1.1904761904761905,0.5,0.579380164285695,1.0,9,1.0,0.6071428571428571,1.0,0.32,0.25,0.5789473684210527,0.5,1,0.75,2,0.0,0.6875,0.8333333333333334,1.0,0.5,,0.0,,0.6964285714285714,14,14,5,1,4,2,0,0,4,11,0,0,10,0.75,False,False,1.0,1.0,,nop -p (graphviz 15.0.0)
44,44,manipulated-vs-original,C:\Users\breis\Desktop\Software\PMo_manipulated\Graphviz\44.dot,C:\Users\breis\Desktop\Data_Sets\pmo-dataset\graphviz\44.dot,0.5,0.5,0.47685185185185186,0.49228395061728397,0.49228395061728397,3,3,18,18,18,22,23,22,1,1.0,1.0,0.9537037037037037,18,18,True,True,True,True,True,True,False,False,False,False,1.0,7,11,0.6363636363636364,1,1,15,10,28,32,0,0,2,6,4,1,1,1,1,2,0,1,0,0,32,32,0,0,0,0,2,False,False,True,True,True,True,2,0,1,28,1.0,10,0.0,32,0.75,24,0.0,0.4375,14,0.5,False,1.0,1.0,1.0,1,1,1.0,1,1,1.0,1.0,1,1,1.0,1,1,0.7,7,10,1.0,15,15,0.8666666666666667,13,15,0.8,8,10,0.9424242424242425,11,8,11,1,0,0.9642857142857143,27,28,1.0,0,0,,28,1.0,10,0.0,32,0.75,14,0.5,0.042328042328042326,1.0,3.0,1.0,1.1428571428571428,0.5,0.579380164285695,1.0,9,1.0,0.5224867724867724,1.0,0.21875,1.0,0.4230769230769231,0.5,3,0.5,6,0.0,0.5625,0.8333333333333334,1.0,0.6666666666666666,,0.0,,0.6964285714285714,14,14,6,4,6,4,0,0,3,11,0,0,17,0.25,False,False,1.0,1.0,,nop -p (graphviz 15.0.0)
45,45,manipulated-vs-original,C:\Users\breis\Desktop\Software\PMo_manipulated\Graphviz\45.dot,C:\Users\breis\Desktop\Data_Sets\pmo-dataset\graphviz\45.dot,0.5,0.5,0.48500000000000004,0.49500000000000005,0.49500000000000005,3,3,15,15,15,20,19,19,1,1.0,1.0,0.9700000000000001,15,15,True,True,True,True,True,True,False,True,True,True,1.0,10,11,0.9090909090909091,1,1,13,10,25,30,0,0,2,5,5,0,0,0,0,0,0,0,0,0,30,30,0,0,0,0,0,False,False,True,True,True,True,2,0,1,25,1.0,10,0.0,30,0.75,23,0.25,0.5,13,0.5,False,1.0,1.0,1.0,1,1,1.0,1,1,1.0,1.0,1,1,1.0,1,1,1.0,5,5,1.0,13,13,0.8461538461538461,11,13,1.0,10,10,0.986013986013986,11,10,11,1,0,1.0,25,25,1.0,0,0,,25,1.0,10,0.0,30,0.75,13,0.5,0.05,1.0,3.0,1.0,1.2,0.5,0.6126016192893442,1.0,8,1.0,0.5583333333333333,1.0,0.2,1.0,0.17391304347826086,0.25,5,0.25,4,0.0,0.5625,0.8333333333333334,1.0,0.5,,0.0,,0.6607142857142857,14,14,5,5,6,4,0,0,3,4,0,0,4,1.0,False,False,1.0,1.0,,nop -p (graphviz 15.0.0)
46,46,manipulated-vs-original,C:\Users\breis\Desktop\Software\PMo_manipulated\Graphviz\46.dot,C:\Users\breis\Desktop\Data_Sets\pmo-dataset\graphviz\46.dot,0.5,0.5,0.4230769230769231,0.4743589743589744,0.4743589743589744,3,3,13,13,13,16,16,16,1,1.0,1.0,0.8461538461538461,13,13,True,True,True,True,True,True,False,True,True,False,1.0,9,11,0.8181818181818182,1,1,11,7,20,23,0,0,1,4,3,0,0,0,0,1,0,0,0,0,23,23,0,0,0,0,0,False,False,True,True,True,True,1,0,1,20,1.0,7,0.0,23,0.75,18,0.25,0.5,11,0.75,False,1.0,1.0,1.0,1,1,1.0,1,1,1.0,1.0,1,1,1.0,1,1,0.8571428571428571,6,7,1.0,11,11,0.9090909090909091,10,11,1.0,7,7,0.9787485242030697,11,9,11,1,0,1.0,20,20,1.0,0,0,,20,1.0,7,0.0,23,0.75,11,0.75,0.060526315789473685,1.0,3.0,1.0,1.15,0.5,0.5445684476282007,1.0,7,1.0,0.7236842105263158,1.0,0.21739130434782608,1.0,0.3333333333333333,0.25,3,0.5,2,0.0,0.625,0.8333333333333334,1.0,0.5833333333333334,,0.0,,0.6964285714285714,14,14,4,3,5,2,0,0,3,6,0,0,8,0.75,False,False,1.0,1.0,,nop -p (graphviz 15.0.0)
47,47,manipulated-vs-original,C:\Users\breis\Desktop\Software\PMo_manipulated\Graphviz\47.dot,C:\Users\breis\Desktop\Data_Sets\pmo-dataset\graphviz\47.dot,0.5,0.5,0.475,0.4916666666666667,0.4916666666666667,3,3,15,15,15,19,20,19,1,1.0,1.0,0.95,15,15,True,True,True,True,True,True,False,False,False,True,1.0,8,11,0.7272727272727273,1,1,13,12,27,32,0,0,3,5,6,0,0,1,0,0,0,0,0,0,32,32,0,0,0,0,0,False,False,True,True,True,True,3,0,1,27,1.0,12,0.0,32,0.75,23,0.25,0.5,12,0.75,False,1.0,1.0,1.0,1,1,1.0,1,1,1.0,1.0,1,1,1.0,1,1,0.8333333333333334,5,6,1.0,13,13,0.7692307692307693,10,13,0.9166666666666666,11,12,0.9562937062937062,11,8,11,1,0,0.9259259259259259,25,27,1.0,0,0,,27,1.0,12,0.0,32,0.75,12,0.75,0.045584045584045586,1.0,2.9166666666666665,1.0,1.1851851851851851,0.5,0.27729172565378846,1.0,10,1.0,0.49572649572649574,1.0,0.125,1.0,0.16,0.25,5,0.25,0,1.0,0.625,0.8333333333333334,1.0,0.5,,1.0,,0.75,14,14,5,6,10,2,0,0,4,4,0,0,7,1.0,False,False,1.0,1.0,,nop -p (graphviz 15.0.0)
48,48,manipulated-vs-original,C:\Users\breis\Desktop\Software\PMo_manipulated\Graphviz\48.dot,C:\Users\breis\Desktop\Data_Sets\pmo-dataset\graphviz\48.dot,0.4230769230769231,0.4230769230769231,0.4378205128205128,0.42799145299145297,0.42799145299145297,3,3,13,13,13,19,21,19,1,0.8461538461538461,0.8461538461538461,0.8564102564102564,13,13,True,True,True,True,True,True,False,False,False,True,1.0,8,11,0.7272727272727273,1,1,11,8,21,24,0,0,1,3,4,0,0,1,0,0,0,0,0,0,24,24,0,0,0,0,0,False,False,True,True,True,True,1,0,1,21,1.0,8,0.0,24,0.75,17,0.25,0.5,9,0.75,False,1.0,1.0,1.0,1,1,1.0,1,1,1.0,1.0,1,1,1.0,1,1,1.0,8,8,1.0,11,11,0.9090909090909091,10,11,0.875,7,8,0.9803719008264462,11,9,11,1,0,0.9523809523809523,20,21,1.0,0,0,,21,1.0,8,0.0,24,0.75,9,0.75,0.05714285714285714,1.0,3.125,1.0,1.1428571428571428,0.5,0.6216097450797566,0.75,5,1.0,0.5738095238095238,1.0,0.125,1.0,0.5789473684210527,0.5,3,0.5,4,0.0,0.625,0.8333333333333334,0.9166666666666666,0.6666666666666666,,0.0,,0.6964285714285714,14,14,3,4,4,4,0,0,2,11,0,0,7,1.0,False,False,1.0,1.0,,nop -p (graphviz 15.0.0)
49,49,manipulated-vs-original,C:\Users\breis\Desktop\Software\PMo_manipulated\Graphviz\49.dot,C:\Users\breis\Desktop\Data_Sets\pmo-dataset\graphviz\49.dot,0.473176532769556,0.4791666666666667,0.5,0.4841143998120742,0.4841143998120742,3,3,12,12,12,15,15,15,1,0.8065098661028894,0.8125,0.875,12,10,True,True,True,True,True,True,True,True,True,True,1.0,11,11,1.0,1,1,10,6,18,20,0,0,0,3,3,0,0,0,0,0,0,0,0,0,20,20,0,0,0,0,0,True,True,True,True,True,True,0,0,1,18,1.0,6,0.25,20,0.75,15,0.5,0.625,9,0.75,False,1.0,1.0,1.0,1,1,1.0,1,1,1.0,1.0,1,1,1.0,1,1,1.0,4,4,1.0,10,10,1.0,10,10,1.0,6,6,1.0,11,11,11,1,0,1.0,18,18,1.0,0,0,,18,1.0,6,0.25,20,0.75,9,0.75,0.06535947712418301,1.0,3.0,1.0,1.1111111111111112,0.5,0.579380164285695,1.0,5,1.0,0.6437908496732027,1.0,0.25,1.0,0.3125,0.25,3,0.5,2,0.0,0.6875,0.8333333333333334,1.0,0.5833333333333334,,0.0,,0.7142857142857143,14,14,3,3,4,2,0,0,0,5,0,0,8,0.75,False,False,1.0,1.0,,nop -p (graphviz 15.0.0)
50,50,manipulated-vs-original,C:\Users\breis\Desktop\Software\PMo_manipulated\Graphviz\50.dot,C:\Users\breis\Desktop\Data_Sets\pmo-dataset\graphviz\50.dot,0.3888888888888889,0.3888888888888889,0.3657407407407407,0.38117283950617287,0.38117283950617287,3,3,9,9,9,9,9,8,1,0.7777777777777778,0.7777777777777778,0.7314814814814814,9,9,True,True,True,True,True,True,False,True,True,False,1.0,9,11,0.8181818181818182,1,1,7,2,11,11,0,0,2,2,0,0,0,0,0,2,0,0,0,0,11,11,0,0,0,0,0,False,False,True,True,True,True,2,0,1,11,1.0,2,0.75,11,1.0,10,0.75,0.875,8,0.75,False,1.0,1.0,1.0,1,1,1.0,1,1,1.0,1.0,1,1,1.0,1,1,0.0,0,2,1.0,7,7,0.7142857142857143,5,7,1.0,2,2,0.8831168831168831,11,9,11,1,0,0.9090909090909091,10,11,1.0,0,0,,11,1.0,2,0.75,11,1.0,8,0.75,0.1,1.0,3.0,1.0,1.0,0.5,0.0,1.0,4,1.0,0.5818181818181818,1.0,0.45454545454545453,0.25,0.6666666666666666,0.5,0,1.0,0,1.0,0.875,0.8333333333333334,1.0,0.5833333333333334,,1.0,,0.8392857142857143,14,14,2,0,2,0,0,0,0,6,0,0,6,1.0,False,False,1.0,1.0,,nop -p (graphviz 15.0.0)
51,51,manipulated-vs-original,C:\Users\breis\Desktop\Software\PMo_manipulated\Graphviz\51.dot,C:\Users\breis\Desktop\Data_Sets\pmo-dataset\graphviz\51.dot,0.4372592592592593,0.425,0.5,0.45408641975308645,0.45408641975308645,3,3,10,10,10,11,10,10,1,0.7372592592592593,0.725,0.8,10,8,True,True,True,True,True,True,False,True,True,True,1.0,10,11,0.9090909090909091,1,1,8,2,12,13,0,0,2,1,1,0,0,0,0,0,0,0,0,0,13,13,0,0,0,0,0,False,False,True,True,True,True,2,0,1,12,1.0,2,0.75,13,1.0,10,0.75,0.875,8,0.75,False,1.0,1.0,1.0,1,1,1.0,1,1,1.0,1.0,1,1,1.0,1,1,1.0,1,1,1.0,8,8,0.75,6,8,1.0,2,2,0.9772727272727273,11,10,11,1,0,1.0,12,12,1.0,0,0,,12,1.0,2,0.75,13,1.0,8,0.75,0.09848484848484848,1.0,3.0,1.0,1.0833333333333333,0.5,0.0,1.0,2,1.0,0.5606060606060606,1.0,0.5384615384615384,0.5,0.5,0.5,1,0.75,0,1.0,0.875,0.8333333333333334,1.0,0.5833333333333334,,1.0,,0.8392857142857143,14,14,1,1,2,0,0,0,0,5,0,0,6,1.0,False,False,1.0,1.0,,nop -p (graphviz 15.0.0)
52,52,manipulated-vs-original,C:\Users\breis\Desktop\Software\PMo_manipulated\Graphviz\52.dot,C:\Users\breis\Desktop\Data_Sets\pmo-dataset\graphviz\52.dot,0.41450983227299015,0.40277777777777773,0.5833333333333334,0.4668736477947004,0.4668736477947004,3,3,6,6,6,6,6,6,1,0.5811764989396568,0.5694444444444444,0.9166666666666666,6,4,True,True,True,True,True,True,True,True,True,True,1.0,11,11,1.0,1,1,4,2,8,8,0,0,0,1,1,0,0,0,0,0,0,0,0,0,8,8,0,0,0,0,0,True,True,True,True,True,True,0,0,1,8,1.0,2,0.75,8,1.0,7,1.0,0.9375,5,1.0,False,1.0,1.0,1.0,1,1,1.0,1,1,1.0,1.0,1,1,1.0,1,1,1.0,1,1,1.0,4,4,1.0,4,4,1.0,2,2,1.0,11,11,11,1,0,1.0,8,8,1.0,0,0,,8,1.0,2,0.75,8,1.0,5,1.0,0.14285714285714285,0.75,3.0,1.0,1.0,0.5,0.0,1.0,2,1.0,0.625,1.0,0.25,1.0,0.6666666666666666,0.5,1,0.75,0,1.0,0.9375,0.75,1.0,0.75,,1.0,,0.875,14,14,1,1,2,0,0,0,0,4,0,0,5,1.0,False,False,1.0,1.0,,nop -p (graphviz 15.0.0)
53,53,manipulated-vs-original,C:\Users\breis\Desktop\Software\PMo_manipulated\Graphviz\53.dot,C:\Users\breis\Desktop\Data_Sets\pmo-dataset\graphviz\53.dot,0.3333333333333333,0.3333333333333333,0.3958333333333333,0.3541666666666667,0.3541666666666667,3,3,6,6,6,6,6,5,1,0.6666666666666666,0.6666666666666666,0.75,6,6,True,True,True,True,True,True,False,False,False,False,1.0,7,11,0.6363636363636364,1,1,4,2,8,8,0,0,1,1,0,0,0,1,0,1,0,0,0,0,8,8,0,0,0,0,0,False,False,True,True,True,True,1,0,1,8,1.0,2,0.75,8,1.0,7,1.0,0.9375,5,1.0,False,1.0,1.0,1.0,1,1,1.0,1,1,1.0,1.0,1,1,1.0,1,1,0.0,0,2,1.0,4,4,0.75,3,4,0.5,1,2,0.8409090909090909,11,8,11,1,0,0.875,7,8,1.0,0,0,,8,1.0,2,0.75,8,1.0,5,1.0,0.14285714285714285,0.75,3.0,1.0,1.0,0.5,0.0,1.0,3,1.0,0.5892857142857143,1.0,0.25,1.0,0.5,0.5,0,1.0,0,1.0,0.9375,0.75,1.0,0.8333333333333334,,1.0,,0.8928571428571429,14,14,1,0,2,0,0,0,0,3,0,0,4,1.0,False,False,1.0,1.0,,nop -p (graphviz 15.0.0)
54,54,manipulated-vs-original,C:\Users\breis\Desktop\Software\PMo_manipulated\Graphviz\54.dot,C:\Users\breis\Desktop\Data_Sets\pmo-dataset\graphviz\54.dot,0.40770975056689346,0.44000000000000006,0.5,0.44923658352229784,0.44923658352229784,3,3,5,5,5,3,4,3,1,0.5077097505668935,0.54,0.7,5,3,True,True,False,False,False,True,False,True,True,True,1.0,7,11,0.6363636363636364,1,1,3,0,5,3,0,0,1,0,0,0,0,0,0,0,0,0,0,0,3,3,0,0,0,0,0,False,False,True,True,True,False,1,0,2,5,1.0,0,1.0,3,1.0,0,1.0,1.0,0,1.0,False,1.0,1.0,0.5,1,2,1.0,1,1,1.0,0.0,0,1,1.0,1,1,1.0,0,0,1.0,3,3,0.6666666666666666,2,3,1.0,0,0,0.8333333333333333,11,8,9,2,0,0.2,1,5,1.0,0,0,,5,1.0,0,1.0,3,1.0,0,1.0,0.15,0.75,,,0.6,0.75,0.0,1.0,0,1.0,0.55,1.0,1.0,0.75,0.6666666666666666,0.5,0,1.0,0,1.0,1.0,0.8333333333333334,1.0,0.75,,1.0,,0.9107142857142857,13,14,0,0,0,0,0,0,0,2,0,0,4,1.0,False,False,1.0,1.0,,nop -p (graphviz 15.0.0)
55,55,manipulated-vs-original,C:\Users\breis\Desktop\Software\PMo_manipulated\Graphviz\55.dot,C:\Users\breis\Desktop\Data_Sets\pmo-dataset\graphviz\55.dot,0.47043010752688175,0.4798387096774194,0.5,0.48342293906810035,0.48342293906810035,3,3,31,31,31,35,35,35,1,0.9220430107526881,0.9314516129032258,0.967741935483871,31,30,True,True,True,True,True,True,True,True,True,True,1.0,11,11,1.0,1,1,29,7,38,42,0,0,0,4,3,0,0,0,0,0,0,0,0,0,42,42,0,0,0,0,0,True,True,True,True,True,True,0,0,1,38,0.75,7,0.0,42,0.5,35,0.0,0.3125,28,0.0,False,1.0,1.0,1.0,1,1,1.0,1,1,1.0,1.0,1,1,1.0,1,1,1.0,7,7,1.0,29,29,1.0,29,29,1.0,7,7,1.0,11,11,11,1,0,1.0,38,38,1.0,0,0,,38,0.75,7,0.0,42,0.5,28,0.0,0.029871977240398292,1.0,3.4285714285714284,1.0,1.105263157894737,0.5,0.0,1.0,9,1.0,0.5896159317211949,1.0,0.47619047619047616,0.25,0.5833333333333334,0.5,3,0.5,0,1.0,0.3125,0.8333333333333334,1.0,0.4166666666666667,,1.0,,0.6428571428571429,14,14,4,3,7,0,0,0,3,21,0,0,15,0.5,False,False,1.0,1.0,,nop -p (graphviz 15.0.0)
