item_generated,item_reference,direction,bef_sem_score,bef_error,generated_path,reference_path,bef_sem_group_natural_language,bef_sem_group_graph_structure,bef_sem_group_behaviour,bef_sem_label_sim_syntactic,bef_sem_label_sim_semantic,bef_sem_label_sim_context,bef_sem_graph_edit_distance,bef_sem_causal_footprint,bef_sem_dependency_graph,bef_sem_common_percentage
01,28,forward,0.43614922977857307,,C:\Users\breis\Downloads\Process_Model_Representations-main\Process_Model_Representations-main\data\pmo_dataset\bpmn\01.bpmn,C:\Users\breis\Downloads\Process_Model_Representations-main\Process_Model_Representations-main\data\pmo_dataset\bpmn\28.bpmn,0.24728520157600978,0.7592592592592593,0.3963352426017319,0.29247288867864674,0.18518518518518517,0.2641975308641975,0.5185185185185186,0.7926704852034638,0.0,1.0
02,29,forward,0.4140149224128307,,C:\Users\breis\Downloads\Process_Model_Representations-main\Process_Model_Representations-main\data\pmo_dataset\bpmn\02.bpmn,C:\Users\breis\Downloads\Process_Model_Representations-main\Process_Model_Representations-main\data\pmo_dataset\bpmn\29.bpmn,0.2116612779245426,0.7384774264897216,0.393082885068372,0.2718740776760669,0.10445702671312426,0.2586527293844367,0.4769548529794432,0.7631772643896176,0.02298850574712641,1.0
03,30,forward,0.4424177228155974,,C:\Users\breis\Downloads\Process_Model_Representations-main\Process_Model_Representations-main\data\pmo_dataset\bpmn\03.bpmn,C:\Users\breis\Downloads\Process_Model_Representations-main\Process_Model_Representations-main\data\pmo_dataset\bpmn\30.bpmn,0.21089186221323528,0.7493540051679586,0.4827702313667792,0.2672434878742737,0.12345679012345678,0.2419753086419753,0.4987080103359173,0.8914663886594844,0.07407407407407407,1.0
04,31,forward,0.36934014264419307,,C:\Users\breis\Downloads\Process_Model_Representations-main\Process_Model_Representations-main\data\pmo_dataset\bpmn\04.bpmn,C:\Users\breis\Downloads\Process_Model_Representations-main\Process_Model_Representations-main\data\pmo_dataset\bpmn\31.bpmn,0.1962882721946068,0.7661429018136335,0.23211518914913187,0.3138237656807005,0.1206896551724138,0.15435139573070608,0.5322858036272671,0.46423037829826375,0.0,1.0
05,32,forward,0.39201828153050516,,C:\Users\breis\Downloads\Process_Model_Representations-main\Process_Model_Representations-main\data\pmo_dataset\bpmn\05.bpmn,C:\Users\breis\Downloads\Process_Model_Representations-main\Process_Model_Representations-main\data\pmo_dataset\bpmn\32.bpmn,0.1710287816761951,0.7723958333333333,0.343124979509142,0.1832883652306055,0.07424242424242425,0.25555555555555554,0.5447916666666666,0.686249959018284,0.0,1.0
06,33,forward,0.4676497337008625,,C:\Users\breis\Downloads\Process_Model_Representations-main\Process_Model_Representations-main\data\pmo_dataset\bpmn\06.bpmn,C:\Users\breis\Downloads\Process_Model_Representations-main\Process_Model_Representations-main\data\pmo_dataset\bpmn\33.bpmn,0.2644851679134246,0.7568672839506173,0.4831790321322647,0.31552340497484155,0.16126543209876545,0.3166666666666667,0.5137345679012346,0.894929492835958,0.0714285714285714,1.0
07,34,forward,0.4346699150557842,,C:\Users\breis\Downloads\Process_Model_Representations-main\Process_Model_Representations-main\data\pmo_dataset\bpmn\07.bpmn,C:\Users\breis\Downloads\Process_Model_Representations-main\Process_Model_Representations-main\data\pmo_dataset\bpmn\34.bpmn,0.19078987105368997,0.7570684523809524,0.4780914437337574,0.29018423901141005,0.013392857142857142,0.26879251700680273,0.5141369047619049,0.9561828874675148,0.0,1.0
08,35,forward,0.4619161834431557,,C:\Users\breis\Downloads\Process_Model_Representations-main\Process_Model_Representations-main\data\pmo_dataset\bpmn\08.bpmn,C:\Users\breis\Downloads\Process_Model_Representations-main\Process_Model_Representations-main\data\pmo_dataset\bpmn\35.bpmn,0.2719742419446494,0.7421611952861953,0.46658408384787553,0.3406251067863293,0.14732142857142858,0.3279761904761905,0.48432239057239057,0.7903110248386082,0.1428571428571429,1.0
09,36,forward,0.4347537063213251,,C:\Users\breis\Downloads\Process_Model_Representations-main\Process_Model_Representations-main\data\pmo_dataset\bpmn\09.bpmn,C:\Users\breis\Downloads\Process_Model_Representations-main\Process_Model_Representations-main\data\pmo_dataset\bpmn\36.bpmn,0.20328818899580067,0.7401628769553297,0.4765428116756071,0.3161065232293582,0.09009009009009009,0.20366795366795368,0.48032575391065946,0.9530856233512142,0.0,1.0
10,37,forward,0.4350365212480004,,C:\Users\breis\Downloads\Process_Model_Representations-main\Process_Model_Representations-main\data\pmo_dataset\bpmn\10.bpmn,C:\Users\breis\Downloads\Process_Model_Representations-main\Process_Model_Representations-main\data\pmo_dataset\bpmn\37.bpmn,0.18619840641343474,0.7712641392718275,0.4720660754760219,0.2697235836295382,0.07065217391304347,0.21821946169772258,0.5425282785436549,0.8774654842853772,0.06666666666666665,1.0
11,38,forward,0.45408777417921087,,C:\Users\breis\Downloads\Process_Model_Representations-main\Process_Model_Representations-main\data\pmo_dataset\bpmn\11.bpmn,C:\Users\breis\Downloads\Process_Model_Representations-main\Process_Model_Representations-main\data\pmo_dataset\bpmn\38.bpmn,0.23804381415081685,0.7592261904761904,0.4730152979248222,0.2681537895378364,0.162890625,0.2830870279146141,0.5184523809523809,0.8484696202398884,0.09756097560975607,1.0
12,39,forward,0.4305774406407431,,C:\Users\breis\Downloads\Process_Model_Representations-main\Process_Model_Representations-main\data\pmo_dataset\bpmn\12.bpmn,C:\Users\breis\Downloads\Process_Model_Representations-main\Process_Model_Representations-main\data\pmo_dataset\bpmn\39.bpmn,0.19667512778671717,0.7600877192982456,0.45192063126427967,0.26473802703831245,0.06724137931034482,0.25804597701149423,0.5201754385964912,0.9038412625285593,0.0,1.0
13,40,forward,0.3569546641874202,,C:\Users\breis\Downloads\Process_Model_Representations-main\Process_Model_Representations-main\data\pmo_dataset\bpmn\13.bpmn,C:\Users\breis\Downloads\Process_Model_Representations-main\Process_Model_Representations-main\data\pmo_dataset\bpmn\40.bpmn,0.17852128581107596,0.7416666666666667,0.2398927292726902,0.27831748062163364,0.07608695652173914,0.18115942028985507,0.4833333333333333,0.4797854585453804,0.0,1.0
14,41,forward,0.4190671386641799,,C:\Users\breis\Downloads\Process_Model_Representations-main\Process_Model_Representations-main\data\pmo_dataset\bpmn\14.bpmn,C:\Users\breis\Downloads\Process_Model_Representations-main\Process_Model_Representations-main\data\pmo_dataset\bpmn\41.bpmn,0.18193139282172252,0.7216269841269841,0.4722109119650616,0.28190528957627864,0.05709876543209877,0.20679012345679013,0.44325396825396823,0.9444218239301232,0.0,1.0
15,42,forward,0.4644865451412374,,C:\Users\breis\Downloads\Process_Model_Representations-main\Process_Model_Representations-main\data\pmo_dataset\bpmn\15.bpmn,C:\Users\breis\Downloads\Process_Model_Representations-main\Process_Model_Representations-main\data\pmo_dataset\bpmn\42.bpmn,0.2464336579711289,0.746069637345679,0.5099827836919584,0.28821401739164754,0.08152173913043478,0.3695652173913043,0.492139274691358,0.9147024094891798,0.10526315789473684,1.0
16,43,forward,0.4554605278450029,,C:\Users\breis\Downloads\Process_Model_Representations-main\Process_Model_Representations-main\data\pmo_dataset\bpmn\16.bpmn,C:\Users\breis\Downloads\Process_Model_Representations-main\Process_Model_Representations-main\data\pmo_dataset\bpmn\43.bpmn,0.2501448776520904,0.7497475818101877,0.4691469491691869,0.34169963489200483,0.153760162601626,0.2549748354626403,0.4994951636203756,0.8271827872272627,0.11111111111111116,1.0
17,44,forward,0.4739315624099324,,C:\Users\breis\Downloads\Process_Model_Representations-main\Process_Model_Representations-main\data\pmo_dataset\bpmn\17.bpmn,C:\Users\breis\Downloads\Process_Model_Representations-main\Process_Model_Representations-main\data\pmo_dataset\bpmn\44.bpmn,0.2981664666489652,0.7594638713507096,0.45204689711060586,0.3748168602643558,0.20185185185185187,0.31783068783068785,0.5189277427014192,0.8240937942212118,0.07999999999999996,1.0
18,45,forward,0.3752978268917386,,C:\Users\breis\Downloads\Process_Model_Representations-main\Process_Model_Representations-main\data\pmo_dataset\bpmn\18.bpmn,C:\Users\breis\Downloads\Process_Model_Representations-main\Process_Model_Representations-main\data\pmo_dataset\bpmn\45.bpmn,0.18550058363312602,0.7546898148148148,0.2806017038565815,0.25378857260480436,0.05271317829457364,0.25,0.5093796296296296,0.5254891219988773,0.0357142857142857,1.0
19,46,forward,0.4103018268542221,,C:\Users\breis\Downloads\Process_Model_Representations-main\Process_Model_Representations-main\data\pmo_dataset\bpmn\19.bpmn,C:\Users\breis\Downloads\Process_Model_Representations-main\Process_Model_Representations-main\data\pmo_dataset\bpmn\46.bpmn,0.14801157836613987,0.7425438596491227,0.4714951667914449,0.23751299596798478,0.013043478260869565,0.19347826086956524,0.48508771929824557,0.9429903335828898,0.0,1.0
20,47,forward,0.43071877938908826,,C:\Users\breis\Downloads\Process_Model_Representations-main\Process_Model_Representations-main\data\pmo_dataset\bpmn\20.bpmn,C:\Users\breis\Downloads\Process_Model_Representations-main\Process_Model_Representations-main\data\pmo_dataset\bpmn\47.bpmn,0.2560600396062069,0.7471088435374149,0.3763168249150837,0.29754519818369995,0.08833333333333333,0.38230158730158725,0.49421768707482994,0.7526336498301675,0.0,1.0
21,48,forward,0.4032767942736823,,C:\Users\breis\Downloads\Process_Model_Representations-main\Process_Model_Representations-main\data\pmo_dataset\bpmn\21.bpmn,C:\Users\breis\Downloads\Process_Model_Representations-main\Process_Model_Representations-main\data\pmo_dataset\bpmn\48.bpmn,0.16722782821299143,0.7516203703703703,0.40900666726803064,0.19235947531496495,0.09038461538461538,0.21893939393939393,0.5032407407407407,0.8180133345360613,0.0,1.0
22,49,forward,0.3964303949214895,,C:\Users\breis\Downloads\Process_Model_Representations-main\Process_Model_Representations-main\data\pmo_dataset\bpmn\22.bpmn,C:\Users\breis\Downloads\Process_Model_Representations-main\Process_Model_Representations-main\data\pmo_dataset\bpmn\49.bpmn,0.1950181195044932,0.7641812865497076,0.3307979164187659,0.19739152326443726,0.07444444444444445,0.31321839080459773,0.5283625730994153,0.5663577375994365,0.09523809523809523,1.0
23,50,forward,0.40948135953315606,,C:\Users\breis\Downloads\Process_Model_Representations-main\Process_Model_Representations-main\data\pmo_dataset\bpmn\23.bpmn,C:\Users\breis\Downloads\Process_Model_Representations-main\Process_Model_Representations-main\data\pmo_dataset\bpmn\50.bpmn,0.15395924381170192,0.7638888888888888,0.4383570037596046,0.15523090603828038,0.03125,0.2753968253968254,0.5277777777777777,0.8767140075192092,0.0,1.0
24,51,forward,0.343971210988585,,C:\Users\breis\Downloads\Process_Model_Representations-main\Process_Model_Representations-main\data\pmo_dataset\bpmn\24.bpmn,C:\Users\breis\Downloads\Process_Model_Representations-main\Process_Model_Representations-main\data\pmo_dataset\bpmn\51.bpmn,0.16637143833282045,0.7256117724867726,0.2287303084740445,0.17077945541360182,0.04414682539682539,0.2841880341880342,0.451223544973545,0.457460616948089,0.0,1.0
25,52,forward,0.4507671141190815,,C:\Users\breis\Downloads\Process_Model_Representations-main\Process_Model_Representations-main\data\pmo_dataset\bpmn\25.bpmn,C:\Users\breis\Downloads\Process_Model_Representations-main\Process_Model_Representations-main\data\pmo_dataset\bpmn\52.bpmn,0.20203685203685207,0.7645645645645646,0.5100650567969426,0.2164640914640915,0.0606060606060606,0.329040404040404,0.5291291291291291,0.9867967802605518,0.033333333333333326,1.0
26,53,forward,0.36021464755996524,,C:\Users\breis\Downloads\Process_Model_Representations-main\Process_Model_Representations-main\data\pmo_dataset\bpmn\26.bpmn,C:\Users\breis\Downloads\Process_Model_Representations-main\Process_Model_Representations-main\data\pmo_dataset\bpmn\53.bpmn,0.14516180172470286,0.7361111111111112,0.30689745276171304,0.19381873850744197,0.025,0.21666666666666665,0.4722222222222222,0.6137949055234261,0.0,1.0
27,54,forward,0.28446126257520554,,C:\Users\breis\Downloads\Process_Model_Representations-main\Process_Model_Representations-main\data\pmo_dataset\bpmn\27.bpmn,C:\Users\breis\Downloads\Process_Model_Representations-main\Process_Model_Representations-main\data\pmo_dataset\bpmn\54.bpmn,0.1549710161842515,0.7631578947368421,0.0,0.23343156707127294,0.0,0.2314814814814815,0.5263157894736843,0.0,0.0,1.0
28,55,forward,0.42037078200083716,,C:\Users\breis\Downloads\Process_Model_Representations-main\Process_Model_Representations-main\data\pmo_dataset\bpmn\28.bpmn,C:\Users\breis\Downloads\Process_Model_Representations-main\Process_Model_Representations-main\data\pmo_dataset\bpmn\55.bpmn,0.18075128552390693,0.7235252309879174,0.4766455777291525,0.2976606026034668,0.03869047619047619,0.20590277777777777,0.447050461975835,0.9344232309300031,0.018867924528301883,1.0
29,01,forward,0.43589723012146303,,C:\Users\breis\Downloads\Process_Model_Representations-main\Process_Model_Representations-main\data\pmo_dataset\bpmn\29.bpmn,C:\Users\breis\Downloads\Process_Model_Representations-main\Process_Model_Representations-main\data\pmo_dataset\bpmn\01.bpmn,0.2070708118878478,0.7455543069941155,0.4694797805992335,0.2663182557693634,0.0895021645021645,0.2653920153920154,0.491108613988231,0.8156718899655903,0.12328767123287676,1.0
30,02,forward,0.3758156264017861,,C:\Users\breis\Downloads\Process_Model_Representations-main\Process_Model_Representations-main\data\pmo_dataset\bpmn\30.bpmn,C:\Users\breis\Downloads\Process_Model_Representations-main\Process_Model_Representations-main\data\pmo_dataset\bpmn\02.bpmn,0.17502092450159687,0.735546875,0.317276430653856,0.2613908985047906,0.057421875,0.20625,0.47109375,0.634552861307712,0.0,1.0
31,03,forward,0.4679869771099713,,C:\Users\breis\Downloads\Process_Model_Representations-main\Process_Model_Representations-main\data\pmo_dataset\bpmn\31.bpmn,C:\Users\breis\Downloads\Process_Model_Representations-main\Process_Model_Representations-main\data\pmo_dataset\bpmn\03.bpmn,0.25313919987396716,0.7767161374443933,0.4815294826295556,0.27156045676475865,0.16083333333333333,0.3270238095238095,0.5534322748887865,0.8487732509733968,0.11428571428571432,1.0
32,04,forward,0.3494814615283111,,C:\Users\breis\Downloads\Process_Model_Representations-main\Process_Model_Representations-main\data\pmo_dataset\bpmn\32.bpmn,C:\Users\breis\Downloads\Process_Model_Representations-main\Process_Model_Representations-main\data\pmo_dataset\bpmn\04.bpmn,0.1386326682076909,0.7785947712418301,0.23664134179572244,0.1904130908299693,0.0703125,0.15517241379310345,0.5571895424836601,0.4469668941177607,0.02631578947368418,1.0
33,05,forward,0.45527181062320554,,C:\Users\breis\Downloads\Process_Model_Representations-main\Process_Model_Representations-main\data\pmo_dataset\bpmn\33.bpmn,C:\Users\breis\Downloads\Process_Model_Representations-main\Process_Model_Representations-main\data\pmo_dataset\bpmn\05.bpmn,0.2340935540722072,0.7404927248677249,0.5018182812051838,0.29111994793090734,0.09300595238095237,0.3181547619047619,0.48098544973544965,0.9723865624103676,0.03125,1.0
34,06,forward,0.4396984032902171,,C:\Users\breis\Downloads\Process_Model_Representations-main\Process_Model_Representations-main\data\pmo_dataset\bpmn\34.bpmn,C:\Users\breis\Downloads\Process_Model_Representations-main\Process_Model_Representations-main\data\pmo_dataset\bpmn\06.bpmn,0.21059016235486824,0.7543604651162791,0.4686987028671783,0.2597704870646047,0.105,0.267,0.5087209302325582,0.876791345128296,0.06060606060606055,1.0
35,07,forward,0.4754632478790697,,C:\Users\breis\Downloads\Process_Model_Representations-main\Process_Model_Representations-main\data\pmo_dataset\bpmn\35.bpmn,C:\Users\breis\Downloads\Process_Model_Representations-main\Process_Model_Representations-main\data\pmo_dataset\bpmn\07.bpmn,0.29943942054800887,0.7677696078431373,0.4471926289115934,0.3906212173090513,0.23922413793103448,0.2684729064039409,0.5355392156862746,0.8687442321821611,0.02564102564102566,1.0
36,08,forward,0.4631082618120819,,C:\Users\breis\Downloads\Process_Model_Representations-main\Process_Model_Representations-main\data\pmo_dataset\bpmn\36.bpmn,C:\Users\breis\Downloads\Process_Model_Representations-main\Process_Model_Representations-main\data\pmo_dataset\bpmn\08.bpmn,0.23733019069982167,0.7327866430260047,0.5320969872665493,0.3010778736867666,0.08333333333333333,0.3275793650793651,0.4655732860520094,0.9246590908121685,0.13953488372093026,1.0
37,09,forward,0.43191384796756355,,C:\Users\breis\Downloads\Process_Model_Representations-main\Process_Model_Representations-main\data\pmo_dataset\bpmn\37.bpmn,C:\Users\breis\Downloads\Process_Model_Representations-main\Process_Model_Representations-main\data\pmo_dataset\bpmn\09.bpmn,0.1995954447341625,0.7635869565217391,0.44871834426348944,0.2777545881707415,0.1388888888888889,0.18214285714285713,0.5271739130434783,0.8448051095796104,0.052631578947368474,1.0
38,10,forward,0.4231853785572491,,C:\Users\breis\Downloads\Process_Model_Representations-main\Process_Model_Representations-main\data\pmo_dataset\bpmn\38.bpmn,C:\Users\breis\Downloads\Process_Model_Representations-main\Process_Model_Representations-main\data\pmo_dataset\bpmn\10.bpmn,0.22016618690847367,0.7629742114236999,0.38792533316396133,0.25353569600393555,0.06465517241379311,0.3423076923076923,0.5259484228473998,0.734183999661256,0.04166666666666663,1.0
39,11,forward,0.4635627985185838,,C:\Users\breis\Downloads\Process_Model_Representations-main\Process_Model_Representations-main\data\pmo_dataset\bpmn\39.bpmn,C:\Users\breis\Downloads\Process_Model_Representations-main\Process_Model_Representations-main\data\pmo_dataset\bpmn\11.bpmn,0.22895718840025933,0.7745787795992715,0.5044552326153828,0.3260804745709776,0.11881720430107526,0.24197388632872502,0.5491575591985429,0.9319873883076887,0.07692307692307687,1.0
40,12,forward,0.38619203933940077,,C:\Users\breis\Downloads\Process_Model_Representations-main\Process_Model_Representations-main\data\pmo_dataset\bpmn\40.bpmn,C:\Users\breis\Downloads\Process_Model_Representations-main\Process_Model_Representations-main\data\pmo_dataset\bpmn\12.bpmn,0.19079556758533037,0.7657242063492063,0.29975457996070054,0.24651864720043556,0.09739583333333333,0.22847222222222222,0.5314484126984127,0.5995091599214011,0.0,1.0
41,13,forward,0.4299362781083868,,C:\Users\breis\Downloads\Process_Model_Representations-main\Process_Model_Representations-main\data\pmo_dataset\bpmn\41.bpmn,C:\Users\breis\Downloads\Process_Model_Representations-main\Process_Model_Representations-main\data\pmo_dataset\bpmn\13.bpmn,0.23182599689009944,0.7556327160493828,0.40140526199482196,0.27240106759337523,0.09294871794871797,0.3301282051282052,0.5112654320987655,0.6828105239896439,0.12,1.0
42,14,forward,0.42122408645837733,,C:\Users\breis\Downloads\Process_Model_Representations-main\Process_Model_Representations-main\data\pmo_dataset\bpmn\42.bpmn,C:\Users\breis\Downloads\Process_Model_Representations-main\Process_Model_Representations-main\data\pmo_dataset\bpmn\14.bpmn,0.17690495945267407,0.7208333333333333,0.4880935300919763,0.26622212473483386,0.03260869565217391,0.23188405797101447,0.44166666666666665,0.9761870601839526,0.0,1.0
43,15,forward,0.43322932471907866,,C:\Users\breis\Downloads\Process_Model_Representations-main\Process_Model_Representations-main\data\pmo_dataset\bpmn\43.bpmn,C:\Users\breis\Downloads\Process_Model_Representations-main\Process_Model_Representations-main\data\pmo_dataset\bpmn\15.bpmn,0.20289240024196462,0.7286036036036037,0.48336043255022465,0.2957142377629309,0.06481481481481481,0.24814814814814815,0.4572072072072072,0.9667208651004493,0.0,1.0
44,16,forward,0.44628135225209636,,C:\Users\breis\Downloads\Process_Model_Representations-main\Process_Model_Representations-main\data\pmo_dataset\bpmn\44.bpmn,C:\Users\breis\Downloads\Process_Model_Representations-main\Process_Model_Representations-main\data\pmo_dataset\bpmn\16.bpmn,0.19720867042076018,0.7491105313092981,0.5170611959418989,0.3135957082319776,0.07386363636363637,0.20416666666666664,0.498221062618596,0.9814908129364295,0.052631578947368474,1.0
45,17,forward,0.45049992802386657,,C:\Users\breis\Downloads\Process_Model_Representations-main\Process_Model_Representations-main\data\pmo_dataset\bpmn\45.bpmn,C:\Users\breis\Downloads\Process_Model_Representations-main\Process_Model_Representations-main\data\pmo_dataset\bpmn\17.bpmn,0.273964351210402,0.7591809640522875,0.4066222572156422,0.3175138019305258,0.208234126984127,0.2961451247165533,0.518361928104575,0.7697662535617192,0.04347826086956519,1.0
46,18,forward,0.42939058069928987,,C:\Users\breis\Downloads\Process_Model_Representations-main\Process_Model_Representations-main\data\pmo_dataset\bpmn\46.bpmn,C:\Users\breis\Downloads\Process_Model_Representations-main\Process_Model_Representations-main\data\pmo_dataset\bpmn\18.bpmn,0.18554157431322507,0.7466468253968255,0.47790784558085153,0.28040521074455327,0.06321138211382114,0.2130081300813008,0.49329365079365084,0.9558156911617031,0.0,1.0
47,19,forward,0.4003080979421837,,C:\Users\breis\Downloads\Process_Model_Representations-main\Process_Model_Representations-main\data\pmo_dataset\bpmn\47.bpmn,C:\Users\breis\Downloads\Process_Model_Representations-main\Process_Model_Representations-main\data\pmo_dataset\bpmn\19.bpmn,0.26098745036639776,0.7600308641975309,0.2495663030505155,0.3079623510991932,0.12833333333333333,0.3466666666666666,0.5200617283950617,0.499132606101031,0.0,1.0
48,20,forward,0.36737139087147697,,C:\Users\breis\Downloads\Process_Model_Representations-main\Process_Model_Representations-main\data\pmo_dataset\bpmn\48.bpmn,C:\Users\breis\Downloads\Process_Model_Representations-main\Process_Model_Representations-main\data\pmo_dataset\bpmn\20.bpmn,0.1705393664749032,0.742732558139535,0.28725826019827966,0.23691571847232867,0.09375,0.18095238095238095,0.48546511627906985,0.5745165203965593,0.0,1.0
49,21,forward,0.39021750408614425,,C:\Users\breis\Downloads\Process_Model_Representations-main\Process_Model_Representations-main\data\pmo_dataset\bpmn\49.bpmn,C:\Users\breis\Downloads\Process_Model_Representations-main\Process_Model_Representations-main\data\pmo_dataset\bpmn\21.bpmn,0.14963502869022766,0.783080808080808,0.3582279131853554,0.13119080035639727,0.08199999999999999,0.2357142857142857,0.5661616161616161,0.7164558263707108,0.0,1.0
50,22,forward,0.3856376519326374,,C:\Users\breis\Downloads\Process_Model_Representations-main\Process_Model_Representations-main\data\pmo_dataset\bpmn\50.bpmn,C:\Users\breis\Downloads\Process_Model_Representations-main\Process_Model_Representations-main\data\pmo_dataset\bpmn\22.bpmn,0.1571102098392547,0.7481182795698924,0.36594818743545654,0.18514829333542784,0.04259259259259259,0.24358974358974358,0.4962365591397849,0.7318963748709131,0.0,1.0
51,23,forward,0.42921065080241555,,C:\Users\breis\Downloads\Process_Model_Representations-main\Process_Model_Representations-main\data\pmo_dataset\bpmn\51.bpmn,C:\Users\breis\Downloads\Process_Model_Representations-main\Process_Model_Representations-main\data\pmo_dataset\bpmn\23.bpmn,0.20035562477269794,0.7934375,0.4082663406494075,0.16538505613627563,0.1175,0.3181818181818182,0.586875,0.754032681298815,0.0625,1.0
52,24,forward,0.2379963186354164,,C:\Users\breis\Downloads\Process_Model_Representations-main\Process_Model_Representations-main\data\pmo_dataset\bpmn\52.bpmn,C:\Users\breis\Downloads\Process_Model_Representations-main\Process_Model_Representations-main\data\pmo_dataset\bpmn\24.bpmn,0.08456450956450957,0.7061403508771931,0.0,0.16559829059829062,0.0,0.0880952380952381,0.412280701754386,0.0,0.0,1.0
53,25,forward,0.4018767768577604,,C:\Users\breis\Downloads\Process_Model_Representations-main\Process_Model_Representations-main\data\pmo_dataset\bpmn\53.bpmn,C:\Users\breis\Downloads\Process_Model_Representations-main\Process_Model_Representations-main\data\pmo_dataset\bpmn\25.bpmn,0.17053481147908392,0.7590277777777777,0.3917387240057578,0.2204428182756356,0.09848484848484848,0.19267676767676767,0.5180555555555555,0.7501441146781823,0.033333333333333326,1.0
54,26,forward,0.40297073607051576,,C:\Users\breis\Downloads\Process_Model_Representations-main\Process_Model_Representations-main\data\pmo_dataset\bpmn\54.bpmn,C:\Users\breis\Downloads\Process_Model_Representations-main\Process_Model_Representations-main\data\pmo_dataset\bpmn\26.bpmn,0.16928716385882434,0.7354166666666666,0.42105016379190197,0.19360710561156078,0.05986842105263158,0.25438596491228066,0.4708333333333333,0.7244532687602745,0.11764705882352944,1.0
55,27,forward,0.4034822330389868,,C:\Users\breis\Downloads\Process_Model_Representations-main\Process_Model_Representations-main\data\pmo_dataset\bpmn\55.bpmn,C:\Users\breis\Downloads\Process_Model_Representations-main\Process_Model_Representations-main\data\pmo_dataset\bpmn\27.bpmn,0.22425064903454675,0.7458920187793427,0.32991982330529074,0.2916913410430342,0.10795454545454546,0.2731060606060606,0.4917840375586855,0.6385630508659006,0.021276595744680882,1.0
