item_id,is_few_shot_exemplar,ground_truth_path,quality_note,syn_score,syn_checks_passed,syn_checks_total,syn_bef_score,syn_size_score,prag_score,sem_score,syn_bef_existence_start_event,syn_bef_existence_end_event,syn_bef_one_start_event_per_process,syn_bef_one_start_event_per_process_conforming,syn_bef_one_start_event_per_process_covered,syn_bef_one_end_event_per_process,syn_bef_one_end_event_per_process_conforming,syn_bef_one_end_event_per_process_covered,syn_bef_adapted_sequence_flow_connection_rules,syn_bef_start_event_in_out_degree,syn_bef_start_event_in_out_degree_conforming,syn_bef_start_event_in_out_degree_covered,syn_bef_end_event_in_out_degree,syn_bef_end_event_in_out_degree_conforming,syn_bef_end_event_in_out_degree_covered,syn_bef_labeled_tasks,syn_bef_labeled_tasks_conforming,syn_bef_labeled_tasks_covered,syn_bef_task_in_out_degree,syn_bef_task_in_out_degree_conforming,syn_bef_task_in_out_degree_covered,syn_bef_gateway_in_out_degree,syn_bef_gateway_in_out_degree_conforming,syn_bef_gateway_in_out_degree_covered,syn_bef_metrics_total,syn_bef_metrics_perfect,syn_bef_metrics_applicable,syn_bef_n_processes,syn_bef_n_pools,syn_extra_connected_nodes,syn_extra_connected_nodes_conforming,syn_extra_connected_nodes_covered,syn_extra_event_gateway_predecessor_successor,syn_extra_event_gateway_predecessor_successor_conforming,syn_extra_event_gateway_predecessor_successor_covered,syn_has_start_event,syn_has_end_event,syn_single_start_event,syn_single_end_event,syn_start_in0_out1,syn_tasks_labeled,syn_task_in1_out1,syn_split_in1_outN,syn_join_inN_out1,syn_split_has_matching_join,syn_sequence_flow_connection_rules,syn_n_start_events,syn_n_end_events,syn_n_tasks,syn_n_gateways,syn_n_nodes,syn_n_edges,syn_n_unlabeled_tasks,syn_n_placeholder_labels,syn_n_malformed_tasks,syn_n_splits,syn_n_joins,syn_n_bad_splits,syn_n_bad_joins,syn_n_gateways_degenerate,syn_n_gateways_mixed,syn_n_unmatched_splits,syn_n_event_based_splits,syn_n_intermediate_events,syn_n_events_unclassified,syn_n_nodes_unclassified,syn_n_sequence_flows,syn_n_valid_sequence_flows,syn_n_invalid_sequence_flows,syn_n_flows_from_end_event,syn_n_flows_into_start_event,syn_n_duplicate_flows,syn_n_flows_unclassified_endpoint,syn_correct,syn_correct_functions,syn_correct_gateways,syn_correct_start_end,syn_correct_directed,syn_correct_connected,syn_n_malformed_functions,syn_n_unwired_gateways,syn_n_components,syn_tnn,syn_tnn_score,syn_tng,syn_tng_score,syn_tnsf,syn_tnsf_score,syn_diameter,syn_diameter_score,syn_diameter_nogw,syn_diameter_nogw_score,syn_diameter_truncated,prag_tnn,prag_tnn_score,prag_tng,prag_tng_score,prag_tnsf,prag_tnsf_score,prag_diameter_nogw,prag_diameter_nogw_score,prag_density,prag_density_score,prag_agd,prag_agd_score,prag_cnc,prag_cnc_score,prag_gh,prag_gh_score,prag_cfc,prag_cfc_score,prag_cc,prag_cc_score,prag_sequentiality,prag_sequentiality_score,prag_separability,prag_separability_score,prag_depth,prag_depth_score,prag_token_split,prag_token_split_score,prag_group_size_score,prag_group_density_score,prag_group_connector_interplay_score,prag_group_partitionability_score,prag_group_cyclicity_score,prag_group_concurrency_score,prag_group_other_score,prag_n_metrics_measured,prag_n_metrics_total,prag_n_splits,prag_n_joins,prag_n_gw_exclusive,prag_n_gw_parallel,prag_n_gw_inclusive,prag_n_gw_eventbased,prag_n_gateways_type_defaulted,prag_n_cut_vertices,prag_n_flows_outside_fo,prag_n_self_loops,prag_diameter,prag_diameter_score,prag_diameter_truncated,prag_depth_truncated,sem_label_sim_syntactic,sem_label_sim_semantic,sem_label_sim_context,sem_graph_edit_distance,sem_common_nodes_edges,sem_group_natural_language_score,sem_group_graph_structure_score,sem_n_metrics_measured,sem_n_metrics_total,sem_n_label_nodes_generated,sem_n_label_nodes_reference,sem_n_nodes_matched,sem_n_skeleton_edges_generated,sem_n_skeleton_edges_reference,sem_n_edges_matched,sem_wordnet,sem_ged_operations,sem_ged_truncated,sem_common_nodes,sem_common_edges,sem_label_sim_syntactic_disjoint,sem_label_sim_semantic_disjoint,sem_label_sim_context_disjoint,sem_n_nodes_matched_greedy,sem_n_ids_shared,val_score,val_dot_valid,val_dot_error,val_dot_checker
01,True,C:\Users\breis\Desktop\Software\pmo-dataset\graphviz\01.dot,,1.0,11,11,1.0,0.6875,0.7321428571428571,0.7,1.0,1.0,1.0,1,1,1.0,1,1,1.0,1.0,1,1,1.0,1,1,1.0,8,8,1.0,8,8,1.0,6,6,10,10,10,1,0,1.0,16,16,1.0,0,0,True,True,True,True,True,True,True,True,True,True,1.0,1,1,8,6,16,18,0,0,0,3,3,0,0,0,0,0,0,0,0,0,18,18,0,0,0,0,0,True,True,True,True,True,True,0,0,1,16,1.0,6,0.25,18,1.0,15,0.5,9,0.75,False,16,1.0,6,0.25,18,1.0,9,0.75,0.075,1.0,3.0,1.0,1.125,0.5,0.579380164285695,1.0,5,1.0,0.5625,1.0,0.2222222222222222,1.0,0.35714285714285715,0.25,3,0.5,2,0.0,0.75,0.8333333333333334,1.0,0.5833333333333334,,0.0,,14,14,3,3,4,2,0,0,0,5,0,0,4,1.0,False,False,0.5,0.5,0.5,1.0,1.0,0.5,1.0,5,5,10,10,10,13,13,13,1,0.0,False,1.0,1.0,1.0,1.0,1.0,10,10,1.0,1.0,,nop -p (graphviz 15.0.0)
02,True,C:\Users\breis\Desktop\Software\pmo-dataset\graphviz\02.dot,,0.8181818181818182,9,11,0.975,0.5,0.6428571428571429,0.7,1.0,1.0,1.0,1,1,1.0,1,1,1.0,1.0,1,1,1.0,1,1,1.0,16,16,1.0,16,16,0.75,6,8,10,9,10,1,0,1.0,26,26,1.0,0,0,True,True,True,True,True,True,True,False,False,True,1.0,1,1,16,8,26,31,0,0,0,5,5,2,2,0,2,0,0,0,0,0,31,31,0,0,0,0,0,True,True,True,True,True,True,0,0,1,26,1.0,8,0.0,31,0.75,23,0.25,15,0.5,False,26,1.0,8,0.0,31,0.75,15,0.5,0.047692307692307694,1.0,3.5,1.0,1.1923076923076923,0.5,0.5118595071429148,1.0,9,1.0,0.5492307692307692,1.0,0.25806451612903225,0.25,0.6666666666666666,0.5,3,0.5,4,0.0,0.5625,0.8333333333333334,1.0,0.4166666666666667,,0.0,,14,14,5,5,6,2,0,0,0,16,0,0,7,1.0,False,False,0.5,0.5,0.5,1.0,1.0,0.5,1.0,5,5,18,18,18,23,23,23,1,0.0,False,1.0,1.0,1.0,1.0,1.0,18,18,1.0,1.0,,nop -p (graphviz 15.0.0)
03,False,C:\Users\breis\Desktop\Software\pmo-dataset\graphviz\03.dot,,1.0,11,11,1.0,0.5,0.6964285714285714,0.7,1.0,1.0,1.0,1,1,1.0,1,1,1.0,1.0,1,1,1.0,1,1,1.0,11,11,1.0,11,11,1.0,8,8,10,10,10,1,0,1.0,21,21,1.0,0,0,True,True,True,True,True,True,True,True,True,True,1.0,1,1,11,8,21,24,0,0,0,4,4,0,0,0,0,0,0,0,0,0,24,24,0,0,0,0,0,True,True,True,True,True,True,0,0,1,21,1.0,8,0.0,24,0.75,18,0.25,10,0.75,False,21,1.0,8,0.0,24,0.75,10,0.75,0.05714285714285714,1.0,3.0,1.0,1.1428571428571428,0.5,0.5118595071429148,1.0,7,1.0,0.5404761904761904,1.0,0.125,1.0,0.5263157894736842,0.5,4,0.25,2,0.0,0.625,0.8333333333333334,1.0,0.5833333333333334,,0.0,,14,14,4,4,6,2,0,0,0,10,0,0,10,0.75,False,False,0.5,0.5,0.5,1.0,1.0,0.5,1.0,5,5,13,13,13,15,15,15,1,0.0,False,1.0,1.0,1.0,1.0,1.0,13,13,1.0,1.0,,nop -p (graphviz 15.0.0)
04,False,C:\Users\breis\Desktop\Software\pmo-dataset\graphviz\04.dot,,1.0,11,11,1.0,0.5625,0.6785714285714286,0.7,1.0,1.0,1.0,1,1,1.0,1,1,1.0,1.0,1,1,1.0,1,1,1.0,10,10,1.0,10,10,1.0,8,8,10,10,10,1,0,1.0,20,20,1.0,0,0,True,True,True,True,True,True,True,True,True,True,1.0,1,1,10,8,20,24,0,0,0,4,4,0,0,0,0,0,0,0,0,0,24,24,0,0,0,0,0,True,True,True,True,True,True,0,0,1,20,1.0,8,0.0,24,0.75,15,0.5,8,0.75,False,20,1.0,8,0.0,24,0.75,8,0.75,0.06315789473684211,1.0,3.25,1.0,1.2,0.5,0.5118595071429148,1.0,5,1.0,0.5078947368421053,1.0,0.041666666666666664,1.0,0.3333333333333333,0.25,4,0.25,8,0.0,0.625,0.8333333333333334,1.0,0.5,,0.0,,14,14,4,4,2,6,0,0,0,6,0,0,8,0.75,False,False,0.5,0.5,0.5,1.0,1.0,0.5,1.0,5,5,12,12,12,16,16,16,1,0.0,False,1.0,1.0,1.0,1.0,1.0,12,12,1.0,1.0,,nop -p (graphviz 15.0.0)
05,False,C:\Users\breis\Desktop\Software\pmo-dataset\graphviz\05.dot,,1.0,11,11,1.0,0.75,0.7857142857142857,0.7,1.0,1.0,1.0,1,1,1.0,1,1,1.0,1.0,1,1,1.0,1,1,1.0,11,11,1.0,11,11,1.0,4,4,10,10,10,1,0,1.0,17,17,1.0,0,0,True,True,True,True,True,True,True,True,True,True,1.0,1,1,11,4,17,19,0,0,0,2,2,0,0,0,0,0,0,0,0,0,19,19,0,0,0,0,0,True,True,True,True,True,True,0,0,1,17,1.0,4,0.5,19,1.0,16,0.5,12,0.75,False,17,1.0,4,0.5,19,1.0,12,0.75,0.06985294117647059,1.0,3.5,1.0,1.1176470588235294,0.5,0.0,1.0,5,1.0,0.6397058823529411,1.0,0.42105263157894735,0.25,0.6666666666666666,0.5,2,0.5,0,1.0,0.8125,0.8333333333333334,1.0,0.4166666666666667,,1.0,,14,14,2,2,4,0,0,0,0,10,0,0,11,0.75,False,False,0.5,0.5,0.5,1.0,1.0,0.5,1.0,5,5,13,13,13,16,16,16,1,0.0,False,1.0,1.0,1.0,1.0,1.0,13,13,1.0,1.0,,nop -p (graphviz 15.0.0)
06,False,C:\Users\breis\Desktop\Software\pmo-dataset\graphviz\06.dot,,1.0,11,11,1.0,0.5,0.6964285714285714,0.7,1.0,1.0,1.0,1,1,1.0,1,1,1.0,1.0,1,1,1.0,1,1,1.0,10,10,1.0,10,10,1.0,8,8,10,10,10,1,0,1.0,20,20,1.0,0,0,True,True,True,True,True,True,True,True,True,True,1.0,1,1,10,8,20,23,0,0,0,4,4,0,0,0,0,0,0,0,0,0,23,23,0,0,0,0,0,True,True,True,True,True,True,0,0,1,20,1.0,8,0.0,23,0.75,18,0.25,10,0.75,False,20,1.0,8,0.0,23,0.75,10,0.75,0.060526315789473685,1.0,3.0,1.0,1.15,0.5,0.5118595071429148,1.0,7,1.0,0.5552631578947368,1.0,0.043478260869565216,1.0,0.6666666666666666,0.5,4,0.25,2,0.0,0.625,0.8333333333333334,1.0,0.5833333333333334,,0.0,,14,14,4,4,6,2,0,0,0,12,0,0,9,0.75,False,False,0.5,0.5,0.5,1.0,1.0,0.5,1.0,5,5,12,12,12,14,14,14,1,0.0,False,1.0,1.0,1.0,1.0,1.0,12,12,1.0,1.0,,nop -p (graphviz 15.0.0)
07,False,C:\Users\breis\Desktop\Software\pmo-dataset\graphviz\07.dot,,0.8181818181818182,9,11,0.9888888888888889,0.3125,0.6071428571428571,0.7,1.0,1.0,1.0,1,1,1.0,1,1,1.0,1.0,1,1,1.0,1,1,1.0,13,13,1.0,13,13,0.8888888888888888,16,18,10,9,10,1,0,1.0,33,33,1.0,0,0,True,True,True,True,True,True,True,False,False,True,1.0,1,1,13,18,33,42,0,0,0,10,10,2,2,0,2,0,0,0,0,0,42,42,0,0,0,0,0,True,True,True,True,True,True,0,0,1,33,0.75,18,0.0,42,0.5,24,0.0,10,0.75,False,33,0.75,18,0.0,42,0.5,10,0.75,0.03977272727272727,1.0,3.111111111111111,1.0,1.2727272727272727,0.5,0.579380164285695,1.0,16,0.75,0.5066287878787878,1.0,0.023809523809523808,1.0,0.3548387096774194,0.25,8,0.0,8,0.0,0.5,0.8333333333333334,0.9166666666666666,0.4166666666666667,,0.0,,14,14,10,10,12,6,0,0,0,11,0,0,10,0.75,False,False,0.5,0.5,0.5,1.0,1.0,0.5,1.0,5,5,15,15,15,26,26,26,1,0.0,False,1.0,1.0,1.0,1.0,1.0,15,15,1.0,1.0,,nop -p (graphviz 15.0.0)
08,False,C:\Users\breis\Desktop\Software\pmo-dataset\graphviz\08.dot,,1.0,11,11,1.0,0.6875,0.6785714285714286,0.7,1.0,1.0,1.0,1,1,1.0,1,1,1.0,1.0,1,1,1.0,1,1,1.0,12,12,1.0,12,12,1.0,4,4,10,10,10,1,0,1.0,18,18,1.0,0,0,True,True,True,True,True,True,True,True,True,True,1.0,1,1,12,4,18,20,0,0,0,2,2,0,0,0,0,0,0,0,0,0,20,20,0,0,0,0,0,True,True,True,True,True,True,0,0,1,18,1.0,4,0.5,20,0.75,15,0.5,11,0.75,False,18,1.0,4,0.5,20,0.75,11,0.75,0.06535947712418301,1.0,3.5,1.0,1.1111111111111112,0.5,0.6309297535714574,0.75,4,1.0,0.545751633986928,1.0,0.3,0.25,0.6875,0.5,2,0.5,2,0.0,0.75,0.8333333333333334,0.9166666666666666,0.4166666666666667,,0.0,,14,14,2,2,2,2,0,0,0,11,0,0,11,0.75,False,False,0.5,0.5,0.5,1.0,1.0,0.5,1.0,5,5,14,14,14,16,16,16,1,0.0,False,1.0,1.0,1.0,1.0,1.0,14,14,1.0,1.0,,nop -p (graphviz 15.0.0)
09,False,C:\Users\breis\Desktop\Software\pmo-dataset\graphviz\09.dot,,1.0,11,11,1.0,0.5,0.6785714285714286,0.7,1.0,1.0,1.0,1,1,1.0,1,1,1.0,1.0,1,1,1.0,1,1,1.0,13,13,1.0,13,13,1.0,8,8,10,10,10,1,0,1.0,23,23,1.0,0,0,True,True,True,True,True,True,True,True,True,True,1.0,1,1,13,8,23,27,0,0,0,4,4,0,0,0,0,0,0,0,0,0,27,27,0,0,0,0,0,True,True,True,True,True,True,0,0,1,23,1.0,8,0.0,27,0.75,18,0.25,10,0.75,False,23,1.0,8,0.0,27,0.75,10,0.75,0.0533596837944664,1.0,3.25,1.0,1.173913043478261,0.5,0.6309297535714574,0.75,6,1.0,0.6126482213438735,1.0,0.1111111111111111,1.0,0.47619047619047616,0.5,4,0.25,6,0.0,0.625,0.8333333333333334,0.9166666666666666,0.5833333333333334,,0.0,,14,14,4,4,4,4,0,0,0,10,0,0,9,0.75,False,False,0.5,0.5,0.5,1.0,1.0,0.5,1.0,5,5,15,15,15,21,21,21,1,0.0,False,1.0,1.0,1.0,1.0,1.0,15,15,1.0,1.0,,nop -p (graphviz 15.0.0)
10,False,C:\Users\breis\Desktop\Software\pmo-dataset\graphviz\10.dot,,1.0,11,11,1.0,0.5,0.6607142857142857,0.7,1.0,1.0,1.0,1,1,1.0,1,1,1.0,1.0,1,1,1.0,1,1,1.0,9,9,1.0,9,9,1.0,12,12,10,10,10,1,0,1.0,23,23,1.0,0,0,True,True,True,True,True,True,True,True,True,True,1.0,1,1,9,12,23,28,0,0,0,6,6,0,0,0,0,0,0,0,0,0,28,28,0,0,0,0,0,True,True,True,True,True,True,0,0,1,23,1.0,12,0.0,28,0.75,19,0.25,9,0.75,False,23,1.0,12,0.0,28,0.75,9,0.75,0.05533596837944664,1.0,3.0,1.0,1.2173913043478262,0.5,0.579380164285695,1.0,10,1.0,0.5197628458498024,1.0,0.14285714285714285,1.0,0.23809523809523808,0.25,6,0.0,4,0.0,0.625,0.8333333333333334,1.0,0.4166666666666667,,0.0,,14,14,6,6,8,4,0,0,0,5,0,0,4,1.0,False,False,0.5,0.5,0.5,1.0,1.0,0.5,1.0,5,5,11,11,11,15,15,15,1,0.0,False,1.0,1.0,1.0,1.0,1.0,11,11,1.0,1.0,,nop -p (graphviz 15.0.0)
11,False,C:\Users\breis\Desktop\Software\pmo-dataset\graphviz\11.dot,,1.0,11,11,1.0,0.5,0.6428571428571429,0.7,1.0,1.0,1.0,1,1,1.0,1,1,1.0,1.0,1,1,1.0,1,1,1.0,12,12,1.0,12,12,1.0,12,12,10,10,10,1,0,1.0,26,26,1.0,0,0,True,True,True,True,True,True,True,True,True,True,1.0,1,1,12,12,26,33,0,0,0,6,6,0,0,0,0,0,0,0,0,0,33,33,0,0,0,0,0,True,True,True,True,True,True,0,0,1,26,1.0,12,0.0,33,0.75,21,0.25,9,0.75,False,26,1.0,12,0.0,33,0.75,9,0.75,0.05076923076923077,1.0,3.3333333333333335,1.0,1.2692307692307692,0.5,0.6309297535714574,0.75,10,1.0,0.5615384615384615,1.0,0.06060606060606061,1.0,0.3333333333333333,0.25,6,0.0,8,0.0,0.625,0.8333333333333334,0.9166666666666666,0.4166666666666667,,0.0,,14,14,6,6,6,6,0,0,0,8,0,0,5,1.0,False,False,0.5,0.5,0.5,1.0,1.0,0.5,1.0,5,5,14,14,14,30,30,30,1,0.0,False,1.0,1.0,1.0,1.0,1.0,14,14,1.0,1.0,,nop -p (graphviz 15.0.0)
12,False,C:\Users\breis\Desktop\Software\pmo-dataset\graphviz\12.dot,,1.0,11,11,1.0,0.5,0.6964285714285714,0.7,1.0,1.0,1.0,1,1,1.0,1,1,1.0,1.0,1,1,1.0,1,1,1.0,10,10,1.0,10,10,1.0,10,10,10,10,10,1,0,1.0,22,22,1.0,0,0,True,True,True,True,True,True,True,True,True,True,1.0,1,1,10,10,22,26,0,0,0,5,5,0,0,0,0,0,0,0,0,0,26,26,0,0,0,0,0,True,True,True,True,True,True,0,0,1,22,1.0,10,0.0,26,0.75,18,0.25,10,0.75,False,22,1.0,10,0.0,26,0.75,10,0.75,0.05627705627705628,1.0,3.0,1.0,1.1818181818181819,0.5,0.6126016192893442,1.0,8,1.0,0.538961038961039,1.0,0.11538461538461539,1.0,0.4,0.5,5,0.25,4,0.0,0.625,0.8333333333333334,1.0,0.5833333333333334,,0.0,,14,14,5,5,6,4,0,0,0,8,0,0,8,0.75,False,False,0.5,0.5,0.5,1.0,1.0,0.5,1.0,5,5,12,12,12,14,14,14,1,0.0,False,1.0,1.0,1.0,1.0,1.0,12,12,1.0,1.0,,nop -p (graphviz 15.0.0)
13,False,C:\Users\breis\Desktop\Software\pmo-dataset\graphviz\13.dot,,1.0,11,11,1.0,0.75,0.7857142857142857,0.7,1.0,1.0,1.0,1,1,1.0,1,1,1.0,1.0,1,1,1.0,1,1,1.0,9,9,1.0,9,9,1.0,4,4,10,10,10,1,0,1.0,15,15,1.0,0,0,True,True,True,True,True,True,True,True,True,True,1.0,1,1,9,4,15,16,0,0,0,2,2,0,0,0,0,0,0,0,0,0,16,16,0,0,0,0,0,True,True,True,True,True,True,0,0,1,15,1.0,4,0.5,16,1.0,14,0.5,10,0.75,False,15,1.0,4,0.5,16,1.0,10,0.75,0.0761904761904762,1.0,3.0,1.0,1.0666666666666667,0.5,0.0,1.0,4,1.0,0.5619047619047619,1.0,0.3125,0.25,0.6923076923076923,0.5,2,0.5,0,1.0,0.8125,0.8333333333333334,1.0,0.4166666666666667,,1.0,,14,14,2,2,4,0,0,0,0,9,0,0,10,0.75,False,False,0.5,0.5,0.5,1.0,1.0,0.5,1.0,5,5,11,11,11,12,12,12,1,0.0,False,1.0,1.0,1.0,1.0,1.0,11,11,1.0,1.0,,nop -p (graphviz 15.0.0)
14,False,C:\Users\breis\Desktop\Software\pmo-dataset\graphviz\14.dot,,1.0,11,11,1.0,0.875,0.8392857142857143,0.7,1.0,1.0,1.0,1,1,1.0,1,1,1.0,1.0,1,1,1.0,1,1,1.0,10,10,1.0,10,10,1.0,2,2,10,10,10,1,0,1.0,14,14,1.0,0,0,True,True,True,True,True,True,True,True,True,True,1.0,1,1,10,2,14,14,0,0,0,1,1,0,0,0,0,0,0,0,0,0,14,14,0,0,0,0,0,True,True,True,True,True,True,0,0,1,14,1.0,2,0.75,14,1.0,12,0.75,10,0.75,False,14,1.0,2,0.75,14,1.0,10,0.75,0.07692307692307693,1.0,3.0,1.0,1.0,0.5,0.0,1.0,2,1.0,0.6593406593406593,1.0,0.5714285714285714,0.5,0.6666666666666666,0.5,1,0.75,0,1.0,0.875,0.8333333333333334,1.0,0.5833333333333334,,1.0,,14,14,1,1,2,0,0,0,0,8,0,0,13,0.5,False,False,0.5,0.5,0.5,1.0,1.0,0.5,1.0,5,5,12,12,12,12,12,12,1,0.0,False,1.0,1.0,1.0,1.0,1.0,12,12,1.0,1.0,,nop -p (graphviz 15.0.0)
15,False,C:\Users\breis\Desktop\Software\pmo-dataset\graphviz\15.dot,,1.0,11,11,1.0,0.75,0.6964285714285714,0.7,1.0,1.0,1.0,1,1,1.0,1,1,1.0,1.0,1,1,1.0,1,1,1.0,10,10,1.0,10,10,1.0,4,4,10,10,10,1,0,1.0,16,16,1.0,0,0,True,True,True,True,True,True,True,True,True,True,1.0,1,1,10,4,16,18,0,0,0,2,2,0,0,0,0,0,0,0,0,0,18,18,0,0,0,0,0,True,True,True,True,True,True,0,0,1,16,1.0,4,0.5,18,1.0,14,0.5,10,0.75,False,16,1.0,4,0.5,18,1.0,10,0.75,0.075,1.0,3.5,1.0,1.125,0.5,0.6309297535714574,0.75,3,1.0,0.5541666666666667,1.0,0.2777777777777778,0.25,0.6428571428571429,0.5,2,0.5,4,0.0,0.8125,0.8333333333333334,0.9166666666666666,0.4166666666666667,,0.0,,14,14,2,2,2,2,0,0,0,9,0,0,8,0.75,False,False,0.5,0.5,0.5,1.0,1.0,0.5,1.0,5,5,12,12,12,14,14,14,1,0.0,False,1.0,1.0,1.0,1.0,1.0,12,12,1.0,1.0,,nop -p (graphviz 15.0.0)
16,False,C:\Users\breis\Desktop\Software\pmo-dataset\graphviz\16.dot,,1.0,11,11,1.0,0.3125,0.5892857142857143,0.7,1.0,1.0,1.0,1,1,1.0,1,1,1.0,1.0,1,1,1.0,1,1,1.0,24,24,1.0,24,24,1.0,14,14,10,10,10,1,0,1.0,40,40,1.0,0,0,True,True,True,True,True,True,True,True,True,True,1.0,1,1,24,14,40,49,0,0,0,7,7,0,0,0,0,0,0,0,0,0,49,49,0,0,0,0,0,True,True,True,True,True,True,0,0,1,40,0.75,14,0.0,49,0.5,32,0.0,18,0.25,False,40,0.75,14,0.0,49,0.5,18,0.25,0.03141025641025641,1.0,3.4285714285714284,1.0,1.225,0.5,0.6216097450797566,0.75,11,1.0,0.5237179487179487,1.0,0.1836734693877551,1.0,0.5,0.5,7,0.0,12,0.0,0.375,0.8333333333333334,0.9166666666666666,0.5,,0.0,,14,14,7,7,8,6,0,0,0,19,0,0,18,0.25,False,False,0.5,0.5,0.5,1.0,1.0,0.5,1.0,5,5,26,26,26,39,39,39,1,0.0,False,1.0,1.0,1.0,1.0,1.0,26,26,1.0,1.0,,nop -p (graphviz 15.0.0)
17,False,C:\Users\breis\Desktop\Software\pmo-dataset\graphviz\17.dot,,1.0,11,11,1.0,0.25,0.5535714285714286,0.7,1.0,1.0,1.0,1,1,1.0,1,1,1.0,1.0,1,1,1.0,1,1,1.0,25,25,1.0,25,25,1.0,16,16,10,10,10,1,0,1.0,43,43,1.0,0,0,True,True,True,True,True,True,True,True,True,True,1.0,1,1,25,16,43,51,0,0,0,8,8,0,0,0,0,0,0,0,0,0,51,51,0,0,0,0,0,True,True,True,True,True,True,0,0,1,43,0.75,16,0.0,51,0.25,36,0.0,22,0.25,False,43,0.75,16,0.0,51,0.25,22,0.25,0.02823920265780731,1.0,3.125,1.0,1.186046511627907,0.5,0.5118595071429148,1.0,14,0.75,0.49280177187153934,1.0,0.19607843137254902,1.0,0.12195121951219512,0.25,8,0.0,6,0.0,0.3125,0.8333333333333334,0.9166666666666666,0.4166666666666667,,0.0,,14,14,8,8,12,4,0,0,0,5,0,0,14,0.5,False,False,0.5,0.5,0.5,1.0,1.0,0.5,1.0,5,5,27,27,27,35,35,35,1,0.0,False,1.0,1.0,1.0,1.0,1.0,27,27,1.0,1.0,,nop -p (graphviz 15.0.0)
18,False,C:\Users\breis\Desktop\Software\pmo-dataset\graphviz\18.dot,,1.0,11,11,1.0,0.1875,0.5357142857142857,0.7,1.0,1.0,1.0,1,1,1.0,1,1,1.0,1.0,1,1,1.0,1,1,1.0,26,26,1.0,26,26,1.0,22,22,10,10,10,1,0,1.0,50,50,1.0,0,0,True,True,True,True,True,True,True,True,True,True,1.0,1,1,26,22,50,60,0,0,0,11,11,0,0,0,0,0,0,0,0,0,60,60,0,0,0,0,0,True,True,True,True,True,True,0,0,1,50,0.5,22,0.0,60,0.25,44,0.0,22,0.25,False,50,0.5,22,0.0,60,0.25,22,0.25,0.024489795918367346,1.0,3.0,1.0,1.2,0.5,0.5333570581245946,1.0,19,0.75,0.5228571428571429,1.0,0.13333333333333333,1.0,0.16666666666666666,0.25,11,0.0,6,0.0,0.25,0.8333333333333334,0.9166666666666666,0.4166666666666667,,0.0,,14,14,11,11,16,6,0,0,0,8,0,0,17,0.25,False,False,0.5,0.5,0.5,1.0,1.0,0.5,1.0,5,5,28,28,28,45,45,45,1,0.0,False,1.0,1.0,1.0,1.0,1.0,28,28,1.0,1.0,,nop -p (graphviz 15.0.0)
19,False,C:\Users\breis\Desktop\Software\pmo-dataset\graphviz\19.dot,,1.0,11,11,1.0,0.5625,0.6785714285714286,0.7,1.0,1.0,1.0,1,1,1.0,1,1,1.0,1.0,1,1,1.0,1,1,1.0,8,8,1.0,8,8,1.0,8,8,10,10,10,1,0,1.0,18,18,1.0,0,0,True,True,True,True,True,True,True,True,True,True,1.0,1,1,8,8,18,21,0,0,0,4,4,0,0,0,0,0,0,0,0,0,21,21,0,0,0,0,0,True,True,True,True,True,True,0,0,1,18,1.0,8,0.0,21,0.75,14,0.5,6,1.0,False,18,1.0,8,0.0,21,0.75,6,1.0,0.06862745098039216,1.0,3.0,1.0,1.1666666666666667,0.5,0.6309297535714574,0.75,6,1.0,0.5490196078431373,1.0,0.047619047619047616,1.0,0.3125,0.25,4,0.25,4,0.0,0.6875,0.8333333333333334,0.9166666666666666,0.5,,0.0,,14,14,4,4,4,4,0,0,0,5,0,0,8,0.75,False,False,0.5,0.5,0.5,1.0,1.0,0.5,1.0,5,5,10,10,10,14,14,14,1,0.0,False,1.0,1.0,1.0,1.0,1.0,10,10,1.0,1.0,,nop -p (graphviz 15.0.0)
20,False,C:\Users\breis\Desktop\Software\pmo-dataset\graphviz\20.dot,,1.0,11,11,1.0,0.5625,0.6964285714285714,0.7,1.0,1.0,1.0,1,1,1.0,1,1,1.0,1.0,1,1,1.0,1,1,1.0,13,13,1.0,13,13,1.0,7,7,10,10,10,1,0,1.0,22,22,1.0,0,0,True,True,True,True,True,True,True,True,True,True,1.0,1,1,13,7,22,26,0,0,0,4,3,0,0,0,0,0,0,0,0,0,26,26,0,0,0,0,0,True,True,True,True,True,True,0,0,1,22,1.0,7,0.0,26,0.75,16,0.5,10,0.75,False,22,1.0,7,0.0,26,0.75,10,0.75,0.05627705627705628,1.0,3.4285714285714284,1.0,1.1818181818181819,0.5,0.6216097450797566,0.75,6,1.0,0.47619047619047616,1.0,0.23076923076923078,1.0,0.45,0.5,3,0.5,6,0.0,0.625,0.8333333333333334,0.9166666666666666,0.6666666666666666,,0.0,,14,14,4,3,4,3,0,0,0,9,0,0,10,0.75,False,False,0.5,0.5,0.5,1.0,1.0,0.5,1.0,5,5,15,15,15,19,19,19,1,0.0,False,1.0,1.0,1.0,1.0,1.0,15,15,1.0,1.0,,nop -p (graphviz 15.0.0)
21,False,C:\Users\breis\Desktop\Software\pmo-dataset\graphviz\21.dot,,0.9090909090909091,10,11,1.0,0.75,0.6964285714285714,0.7,1.0,1.0,1.0,1,1,1.0,1,1,1.0,1.0,1,1,1.0,1,1,1.0,7,7,1.0,7,7,1.0,6,6,10,10,10,1,1,1.0,15,15,1.0,0,0,True,True,True,True,True,True,True,True,True,False,1.0,1,1,7,6,15,17,0,0,0,3,3,0,0,0,0,1,0,0,0,0,17,17,0,0,0,0,0,True,True,True,True,True,True,0,0,1,15,1.0,6,0.25,17,1.0,11,0.75,6,1.0,False,15,1.0,6,0.25,17,1.0,6,1.0,0.08095238095238096,1.0,3.0,1.0,1.1333333333333333,0.5,0.920619835714305,0.25,6,1.0,0.4857142857142857,1.0,0.11764705882352941,1.0,0.23076923076923078,0.25,3,0.5,2,0.0,0.8125,0.8333333333333334,0.75,0.5833333333333334,,0.0,,14,14,3,3,3,1,2,0,1,3,0,0,6,1.0,False,False,0.5,0.5,0.5,1.0,1.0,0.5,1.0,5,5,9,9,9,11,11,11,1,0.0,False,1.0,1.0,1.0,1.0,1.0,9,9,1.0,1.0,,nop -p (graphviz 15.0.0)
22,False,C:\Users\breis\Desktop\Software\pmo-dataset\graphviz\22.dot,,0.7272727272727273,8,11,0.913888888888889,0.8125,0.8392857142857143,0.669607843137255,1.0,1.0,1.0,1,1,0.25,1,4,1.0,1.0,1,1,1.0,4,4,1.0,9,9,0.8888888888888888,8,9,1.0,3,3,10,8,10,1,1,1.0,20,20,1.0,1,1,True,True,True,False,True,True,False,True,True,False,1.0,1,4,9,3,20,20,0,0,1,3,0,0,0,0,0,2,1,3,0,0,20,20,0,0,0,0,6,False,False,True,True,True,True,1,0,1,20,1.0,3,0.75,20,0.75,11,0.75,8,0.75,False,20,1.0,3,0.75,20,0.75,8,0.75,0.05263157894736842,1.0,3.3333333333333335,1.0,1.0,0.5,0.579380164285695,1.0,7,1.0,0.36578947368421055,1.0,0.5,0.5,0.6666666666666666,0.5,0,1.0,0,1.0,0.8125,0.8333333333333334,1.0,0.6666666666666666,,1.0,,14,14,3,0,2,0,0,1,2,12,0,0,8,0.75,False,False,0.5,0.5,0.34803921568627455,1.0,1.0,0.4493464052287582,1.0,5,5,17,17,17,17,17,17,1,0.0,False,1.0,1.0,1.0,1.0,0.6960784313725491,17,17,1.0,1.0,,nop -p (graphviz 15.0.0)
23,False,C:\Users\breis\Desktop\Software\pmo-dataset\graphviz\23.dot,,0.9008264462809916,9,11,1.0,0.8125,0.8035714285714286,0.6781944444444444,1.0,1.0,1.0,2,2,1.0,2,2,1.0,1.0,2,2,1.0,2,2,1.0,7,7,1.0,7,7,1.0,4,4,10,10,10,2,3,1.0,16,16,1.0,0,0,True,True,True,True,True,True,False,True,True,True,0.9090909090909091,2,2,7,4,17,22,0,0,5,2,2,0,0,0,0,0,0,1,0,0,22,20,2,0,2,0,3,True,True,True,True,True,True,0,0,1,16,1.0,4,0.5,16,1.0,8,0.75,6,1.0,False,16,1.0,4,0.5,16,1.0,6,1.0,0.06666666666666667,1.0,3.0,1.0,1.0,0.5,0.0,1.0,4,1.0,0.3,1.0,0.47368421052631576,0.25,0.5714285714285714,0.5,2,0.5,0,1.0,0.875,0.8333333333333334,1.0,0.4166666666666667,,1.0,,14,14,2,2,4,0,0,0,2,8,0,0,4,1.0,False,False,0.5,0.5,0.3909722222222222,1.0,1.0,0.4636574074074074,1.0,5,5,12,12,12,15,15,15,1,0.0,False,1.0,1.0,1.0,1.0,0.7819444444444444,12,12,1.0,1.0,,nop -p (graphviz 15.0.0)
24,False,C:\Users\breis\Desktop\Software\pmo-dataset\graphviz\24.dot,,0.722488038277512,7,11,0.9,0.8125,0.8392857142857143,0.6913793103448276,1.0,1.0,1.0,3,3,1.0,3,3,1.0,1.0,3,3,1.0,3,3,1.0,18,18,1.0,18,18,0.0,0,1,10,9,10,3,3,1.0,30,30,1.0,1,1,True,True,True,True,True,True,False,False,False,True,0.9473684210526315,3,3,18,1,31,38,0,0,11,1,1,1,1,0,1,0,1,5,0,0,38,36,2,0,2,0,13,True,True,True,True,True,True,0,0,1,30,0.75,1,1.0,28,0.75,12,0.75,11,0.75,False,30,0.75,1,1.0,28,0.75,11,0.75,0.03218390804597701,1.0,4.0,0.5,0.9333333333333333,0.5,0.0,1.0,2,1.0,0.21724137931034482,1.0,0.8918918918918919,0.75,0.7857142857142857,0.75,0,1.0,0,1.0,0.8125,0.6666666666666666,1.0,0.8333333333333334,,1.0,,14,14,1,1,0,0,0,1,0,22,0,0,12,0.75,False,False,0.5,0.5,0.45689655172413796,1.0,1.0,0.48563218390804597,1.0,5,5,29,29,29,37,37,37,1,0.0,False,1.0,1.0,1.0,1.0,0.9137931034482759,29,29,1.0,1.0,,nop -p (graphviz 15.0.0)
25,False,C:\Users\breis\Desktop\Software\pmo-dataset\graphviz\25.dot,,1.0,11,11,1.0,0.3125,0.6071428571428571,0.7,1.0,1.0,1.0,1,1,1.0,1,1,1.0,1.0,1,1,1.0,1,1,1.0,13,13,1.0,13,13,1.0,16,16,10,10,10,1,0,1.0,32,32,1.0,0,0,True,True,True,True,True,True,True,True,True,True,1.0,1,1,13,16,32,39,0,0,0,8,8,0,0,0,0,0,0,1,0,0,39,39,0,0,0,0,2,True,True,True,True,True,True,0,0,1,32,0.75,16,0.0,39,0.5,28,0.0,12,0.75,False,32,0.75,16,0.0,39,0.5,12,0.75,0.03931451612903226,1.0,3.0,1.0,1.21875,0.5,0.5118595071429148,1.0,14,0.75,0.8860887096774194,1.0,0.07692307692307693,1.0,0.16666666666666666,0.25,8,0.0,4,0.0,0.5,0.8333333333333334,0.9166666666666666,0.4166666666666667,,0.0,,14,14,8,8,12,4,0,0,6,5,0,0,11,0.75,False,False,0.5,0.5,0.5,1.0,1.0,0.5,1.0,5,5,16,16,16,30,30,30,1,0.0,False,1.0,1.0,1.0,1.0,1.0,16,16,1.0,1.0,,nop -p (graphviz 15.0.0)
26,False,C:\Users\breis\Desktop\Software\pmo-dataset\graphviz\26.dot,,0.8181818181818182,9,11,0.9916666666666666,0.5,0.6964285714285714,0.6857142857142857,1.0,1.0,1.0,1,1,1.0,1,1,1.0,1.0,1,1,1.0,1,1,1.0,12,12,0.9166666666666666,11,12,1.0,8,8,10,9,10,1,0,1.0,22,22,1.0,0,0,True,True,True,True,True,True,False,True,True,False,1.0,1,1,12,8,22,26,0,0,1,5,3,0,0,0,0,2,0,0,0,0,26,26,0,0,0,0,0,False,False,True,True,True,True,1,0,1,22,1.0,8,0.0,26,0.75,20,0.25,12,0.75,False,22,1.0,8,0.0,26,0.75,12,0.75,0.05627705627705628,1.0,3.0,1.0,1.1818181818181819,0.5,0.6309297535714574,0.75,8,1.0,0.6645021645021645,1.0,0.11538461538461539,1.0,0.4,0.5,3,0.5,4,0.0,0.625,0.8333333333333334,0.9166666666666666,0.6666666666666666,,0.0,,14,14,5,3,4,4,0,0,0,8,0,0,6,1.0,False,False,0.4642857142857143,0.4642857142857143,0.5,1.0,1.0,0.4761904761904762,1.0,5,5,14,14,14,18,18,18,1,0.0,False,1.0,1.0,0.9285714285714286,0.9285714285714286,1.0,14,14,1.0,1.0,,nop -p (graphviz 15.0.0)
27,False,C:\Users\breis\Desktop\Software\pmo-dataset\graphviz\27.dot,,1.0,11,11,1.0,0.375,0.625,0.7,1.0,1.0,1.0,1,1,1.0,1,1,1.0,1.0,1,1,1.0,1,1,1.0,11,11,1.0,11,11,1.0,20,20,10,10,10,1,0,1.0,33,33,1.0,0,0,True,True,True,True,True,True,True,True,True,True,1.0,1,1,11,20,33,44,0,0,0,10,10,0,0,0,0,0,0,0,0,0,44,44,0,0,0,0,0,True,True,True,True,True,True,0,0,1,33,0.75,20,0.0,44,0.5,19,0.25,7,1.0,False,33,0.75,20,0.0,44,0.5,7,1.0,0.041666666666666664,1.0,3.2,1.0,1.3333333333333333,0.5,0.29590327428938457,1.0,21,0.75,0.3134469696969697,1.0,0.022727272727272728,1.0,0.0967741935483871,0.25,10,0.0,2,0.0,0.5625,0.8333333333333334,0.9166666666666666,0.4166666666666667,,0.0,,14,14,10,10,18,2,0,0,9,3,0,0,5,1.0,False,False,0.5,0.5,0.5,1.0,1.0,0.5,1.0,5,5,13,13,13,22,22,22,1,0.0,False,1.0,1.0,1.0,1.0,1.0,13,13,1.0,1.0,,nop -p (graphviz 15.0.0)
28,False,C:\Users\breis\Desktop\Software\pmo-dataset\graphviz\28.dot,,1.0,11,11,1.0,0.4375,0.5892857142857143,0.7,1.0,1.0,1.0,1,1,1.0,1,1,1.0,1.0,1,1,1.0,1,1,1.0,15,15,1.0,15,15,1.0,12,12,10,10,10,1,0,1.0,29,29,1.0,0,0,True,True,True,True,True,True,True,True,True,True,1.0,1,1,15,12,29,35,0,0,0,6,6,0,0,0,0,0,0,0,0,0,35,35,0,0,0,0,0,True,True,True,True,True,True,0,0,1,29,1.0,12,0.0,35,0.5,23,0.25,11,0.75,False,29,1.0,12,0.0,35,0.5,11,0.75,0.04310344827586207,1.0,3.1666666666666665,1.0,1.206896551724138,0.5,0.920619835714305,0.25,14,0.75,0.5307881773399015,1.0,0.02857142857142857,1.0,0.5185185185185185,0.5,6,0.0,6,0.0,0.5625,0.8333333333333334,0.6666666666666666,0.5,,0.0,,14,14,6,6,4,6,2,0,2,14,0,0,10,0.75,False,False,0.5,0.5,0.5,1.0,1.0,0.5,1.0,5,5,17,17,17,23,23,23,1,0.0,False,1.0,1.0,1.0,1.0,1.0,17,17,1.0,1.0,,nop -p (graphviz 15.0.0)
29,False,C:\Users\breis\Desktop\Software\pmo-dataset\graphviz\29.dot,,0.8181818181818182,9,11,0.9833333333333334,0.375,0.5535714285714286,0.6774844720496894,1.0,1.0,1.0,1,1,1.0,1,1,1.0,1.0,1,1,1.0,1,1,1.0,21,21,1.0,21,21,0.8333333333333334,10,12,10,9,10,1,0,1.0,35,35,1.0,0,0,True,True,True,True,True,True,True,False,False,True,1.0,1,1,21,12,35,50,0,0,0,7,7,2,2,0,2,0,0,0,0,0,50,50,0,0,0,0,0,True,True,True,True,True,True,0,0,1,35,0.75,12,0.0,50,0.5,21,0.25,11,0.75,False,35,0.75,12,0.0,50,0.5,11,0.75,0.04201680672268908,1.0,4.666666666666667,0.0,1.4285714285714286,0.5,0.41011848630651804,1.0,17,0.75,0.7294117647058823,1.0,0.06,1.0,0.18181818181818182,0.25,5,0.25,12,0.0,0.5,0.5,0.9166666666666666,0.5,,0.0,,14,14,7,7,10,2,0,0,4,6,0,0,7,1.0,False,False,0.45652173913043476,0.45652173913043476,0.47437888198757766,1.0,1.0,0.46247412008281574,1.0,5,5,23,23,23,67,67,67,1,0.0,False,1.0,1.0,0.9130434782608695,0.9130434782608695,0.9487577639751553,23,23,1.0,1.0,,nop -p (graphviz 15.0.0)
30,False,C:\Users\breis\Desktop\Software\pmo-dataset\graphviz\30.dot,,0.8181818181818182,9,11,0.9777777777777779,0.5,0.6607142857142857,0.7,1.0,1.0,1.0,1,1,1.0,1,1,1.0,1.0,1,1,1.0,1,1,1.0,9,9,0.7777777777777778,7,9,1.0,8,8,10,9,10,1,0,1.0,22,22,1.0,0,0,True,True,True,True,True,True,False,True,True,False,1.0,1,1,9,8,22,26,0,0,2,5,3,0,0,0,0,2,0,3,0,0,26,26,0,0,0,0,6,False,False,True,True,True,True,2,0,1,22,1.0,8,0.0,26,0.75,18,0.25,12,0.75,False,22,1.0,8,0.0,26,0.75,12,0.75,0.05627705627705628,1.0,3.0,1.0,1.1818181818181819,0.5,0.5118595071429148,1.0,9,1.0,0.512987012987013,1.0,0.2692307692307692,0.25,0.5,0.5,3,0.5,2,0.0,0.625,0.8333333333333334,1.0,0.4166666666666667,,0.0,,14,14,5,3,6,2,0,0,4,10,0,0,13,0.5,False,False,0.5,0.5,0.5,1.0,1.0,0.5,1.0,5,5,14,14,14,17,17,17,1,0.0,False,1.0,1.0,1.0,1.0,1.0,14,14,1.0,1.0,,nop -p (graphviz 15.0.0)
31,False,C:\Users\breis\Desktop\Software\pmo-dataset\graphviz\31.dot,,1.0,11,11,1.0,0.3125,0.6071428571428571,0.7,1.0,1.0,1.0,1,1,1.0,1,1,1.0,1.0,1,1,1.0,1,1,1.0,15,15,1.0,15,15,1.0,15,15,10,10,10,1,0,1.0,32,32,1.0,0,0,True,True,True,True,True,True,True,True,True,True,1.0,1,1,15,15,32,40,0,0,0,8,7,0,0,0,0,0,0,0,0,0,40,40,0,0,0,0,0,True,True,True,True,True,True,0,0,1,32,0.75,15,0.0,40,0.5,26,0.0,11,0.75,False,32,0.75,15,0.0,40,0.5,11,0.75,0.04032258064516129,1.0,3.2,1.0,1.25,0.5,0.6289054987282648,0.75,12,1.0,0.5060483870967742,1.0,0.025,1.0,0.2,0.25,7,0.0,10,0.0,0.5,0.8333333333333334,0.9166666666666666,0.4166666666666667,,0.0,,14,14,8,7,7,8,0,0,4,6,0,0,9,0.75,False,False,0.5,0.5,0.5,1.0,1.0,0.5,1.0,5,5,17,17,17,24,24,24,1,0.0,False,1.0,1.0,1.0,1.0,1.0,17,17,1.0,1.0,,nop -p (graphviz 15.0.0)
32,False,C:\Users\breis\Desktop\Software\pmo-dataset\graphviz\32.dot,,1.0,11,11,1.0,0.3125,0.5714285714285714,0.6841176470588235,1.0,1.0,1.0,1,1,1.0,1,1,1.0,1.0,1,1,1.0,1,1,1.0,15,15,1.0,15,15,1.0,14,14,10,10,10,1,1,1.0,31,31,1.0,0,0,True,True,True,True,True,True,True,True,True,True,1.0,1,1,15,14,31,37,0,0,0,7,7,0,0,0,0,0,0,0,0,0,37,37,0,0,0,0,0,True,True,True,True,True,True,0,0,1,31,0.75,14,0.0,37,0.5,26,0.0,12,0.75,False,31,0.75,14,0.0,37,0.5,12,0.75,0.03978494623655914,1.0,3.0,1.0,1.1935483870967742,0.5,0.8699155297736259,0.5,13,0.75,0.5967741935483871,1.0,0.08108108108108109,1.0,0.27586206896551724,0.25,7,0.0,4,0.0,0.5,0.8333333333333334,0.75,0.4166666666666667,,0.0,,14,14,7,7,8,4,2,0,4,8,0,0,9,0.75,False,False,0.475,0.475,0.47058823529411764,1.0,1.0,0.4735294117647058,1.0,5,5,17,17,17,29,29,29,1,0.0,False,1.0,1.0,0.95,0.95,0.9411764705882353,17,17,1.0,1.0,,nop -p (graphviz 15.0.0)
33,False,C:\Users\breis\Desktop\Software\pmo-dataset\graphviz\33.dot,,1.0,11,11,1.0,0.5,0.6964285714285714,0.6883333333333332,1.0,1.0,1.0,1,1,1.0,1,1,1.0,1.0,1,1,1.0,1,1,1.0,13,13,1.0,13,13,1.0,10,10,10,10,10,1,0,1.0,25,25,1.0,0,0,True,True,True,True,True,True,True,True,True,True,1.0,1,1,13,10,25,29,0,0,0,5,5,0,0,0,0,0,0,0,0,0,29,29,0,0,0,0,0,True,True,True,True,True,True,0,0,1,25,1.0,10,0.0,29,0.75,20,0.25,11,0.75,False,25,1.0,10,0.0,29,0.75,11,0.75,0.04833333333333333,1.0,3.0,1.0,1.16,0.5,0.45548591500359514,1.0,9,1.0,0.5383333333333333,1.0,0.13793103448275862,1.0,0.391304347826087,0.5,5,0.25,2,0.0,0.625,0.8333333333333334,1.0,0.5833333333333334,,0.0,,14,14,5,5,8,2,0,0,4,9,0,0,12,0.75,False,False,0.5,0.5,0.44166666666666665,1.0,1.0,0.48055555555555557,1.0,5,5,15,15,15,18,18,18,1,0.0,False,1.0,1.0,1.0,1.0,0.8833333333333333,15,15,1.0,1.0,,nop -p (graphviz 15.0.0)
34,False,C:\Users\breis\Desktop\Software\pmo-dataset\graphviz\34.dot,,1.0,11,11,1.0,0.5,0.6785714285714286,0.7,1.0,1.0,1.0,1,1,1.0,1,1,1.0,1.0,1,1,1.0,1,1,1.0,11,11,1.0,11,11,1.0,10,10,10,10,10,1,0,1.0,23,23,1.0,0,0,True,True,True,True,True,True,True,True,True,True,1.0,1,1,11,10,23,29,0,0,0,5,5,0,0,0,0,0,0,0,0,0,29,29,0,0,0,0,0,True,True,True,True,True,True,0,0,1,23,1.0,10,0.0,29,0.75,20,0.25,10,0.75,False,23,1.0,10,0.0,29,0.75,10,0.75,0.05731225296442688,1.0,3.4,1.0,1.2608695652173914,0.5,0.45548591500359514,1.0,9,1.0,0.9209486166007905,1.0,0.10344827586206896,1.0,0.14285714285714285,0.25,5,0.25,6,0.0,0.625,0.8333333333333334,1.0,0.5,,0.0,,14,14,5,5,8,2,0,0,4,3,0,0,6,1.0,False,False,0.5,0.5,0.5,1.0,1.0,0.5,1.0,5,5,13,13,13,23,23,23,1,0.0,False,1.0,1.0,1.0,1.0,1.0,13,13,1.0,1.0,,nop -p (graphviz 15.0.0)
35,False,C:\Users\breis\Desktop\Software\pmo-dataset\graphviz\35.dot,,0.8181818181818182,9,11,0.9916666666666666,0.6875,0.6964285714285714,0.694047619047619,1.0,1.0,1.0,1,1,1.0,1,1,1.0,1.0,1,1,1.0,1,1,1.0,12,12,0.9166666666666666,11,12,1.0,4,4,10,9,10,1,0,1.0,18,18,1.0,0,0,True,True,True,True,True,True,False,True,True,False,1.0,1,1,12,4,18,21,0,0,1,3,1,0,0,0,0,2,0,0,0,0,21,21,0,0,0,0,0,False,False,True,True,True,True,1,0,1,18,1.0,4,0.5,21,0.75,15,0.5,11,0.75,False,18,1.0,4,0.5,21,0.75,11,0.75,0.06862745098039216,1.0,3.5,1.0,1.1666666666666667,0.5,0.6309297535714574,0.75,5,1.0,0.545751633986928,1.0,0.3333333333333333,0.25,0.625,0.5,1,0.75,4,0.0,0.75,0.8333333333333334,0.9166666666666666,0.5,,0.0,,14,14,3,1,2,2,0,0,2,10,0,0,12,0.75,False,False,0.5,0.5,0.47023809523809523,1.0,1.0,0.4900793650793651,1.0,5,5,14,14,14,16,16,16,1,0.0,False,1.0,1.0,1.0,1.0,0.9404761904761905,14,14,1.0,1.0,,nop -p (graphviz 15.0.0)
36,False,C:\Users\breis\Desktop\Software\pmo-dataset\graphviz\36.dot,,0.8181818181818182,9,11,0.99,0.375,0.5535714285714286,0.6886363636363637,1.0,1.0,1.0,1,1,1.0,1,1,1.0,1.0,1,1,1.0,1,1,1.0,20,20,0.9,18,20,1.0,8,8,10,9,10,1,0,1.0,30,30,1.0,0,0,True,True,True,True,True,True,False,True,True,False,1.0,1,1,20,8,30,39,0,0,2,5,3,0,0,0,0,2,0,0,0,0,39,39,0,0,0,0,0,False,False,True,True,True,True,2,0,1,30,0.75,8,0.0,39,0.5,20,0.25,13,0.5,False,30,0.75,8,0.0,39,0.5,13,0.5,0.04482758620689655,1.0,4.25,0.0,1.3,0.5,0.6309297535714574,0.75,11,1.0,0.4850574712643678,1.0,0.15384615384615385,1.0,0.25,0.25,3,0.5,8,0.0,0.4375,0.5,0.9166666666666666,0.5833333333333334,,0.0,,14,14,5,3,4,4,0,0,3,7,0,0,8,0.75,False,False,0.4772727272727273,0.4772727272727273,0.48863636363636365,1.0,1.0,0.48106060606060613,1.0,5,5,22,22,22,31,31,31,1,0.0,False,1.0,1.0,0.9545454545454546,0.9545454545454546,0.9772727272727273,22,22,1.0,1.0,,nop -p (graphviz 15.0.0)
37,False,C:\Users\breis\Desktop\Software\pmo-dataset\graphviz\37.dot,,0.8181818181818182,9,11,0.99,0.5,0.6785714285714286,0.7,1.0,1.0,1.0,1,1,1.0,1,1,1.0,1.0,1,1,1.0,1,1,1.0,10,10,0.9,9,10,1.0,11,11,10,9,10,1,0,1.0,23,23,1.0,0,0,True,True,True,True,True,True,False,True,True,False,1.0,1,1,10,11,23,30,0,0,1,6,5,0,0,0,0,1,0,0,0,0,30,30,0,0,0,0,0,False,False,True,True,True,True,1,0,1,23,1.0,11,0.0,30,0.75,19,0.25,8,0.75,False,23,1.0,11,0.0,30,0.75,8,0.75,0.05928853754940711,1.0,3.3636363636363638,1.0,1.3043478260869565,0.5,0.27729172565378846,1.0,12,1.0,0.6521739130434783,1.0,0.03333333333333333,1.0,0.2857142857142857,0.25,5,0.25,4,0.0,0.625,0.8333333333333334,1.0,0.5,,0.0,,14,14,6,5,10,1,0,0,6,6,0,0,6,1.0,False,False,0.5,0.5,0.5,1.0,1.0,0.5,1.0,5,5,12,12,12,24,24,24,1,0.0,False,1.0,1.0,1.0,1.0,1.0,12,12,1.0,1.0,,nop -p (graphviz 15.0.0)
38,False,C:\Users\breis\Desktop\Software\pmo-dataset\graphviz\38.dot,,0.9090909090909091,10,11,1.0,0.5,0.6964285714285714,0.7,1.0,1.0,1.0,1,1,1.0,1,1,1.0,1.0,1,1,1.0,1,1,1.0,11,11,1.0,11,11,1.0,8,8,10,10,10,1,3,1.0,23,23,1.0,0,0,True,True,True,True,True,True,False,True,True,True,1.0,1,1,11,8,25,30,0,0,2,4,4,0,0,0,0,0,0,2,0,0,30,30,0,0,0,0,6,True,True,True,True,True,True,0,0,1,23,1.0,8,0.0,26,0.75,20,0.25,12,0.75,False,23,1.0,8,0.0,26,0.75,12,0.75,0.05138339920948617,1.0,3.0,1.0,1.1304347826086956,0.5,0.5118595071429148,1.0,7,1.0,0.5652173913043478,1.0,0.23076923076923078,1.0,0.5238095238095238,0.5,4,0.25,2,0.0,0.625,0.8333333333333334,1.0,0.5833333333333334,,0.0,,14,14,4,4,6,2,0,0,3,11,0,0,10,0.75,False,False,0.5,0.5,0.5,1.0,1.0,0.5,1.0,5,5,15,15,15,18,18,18,1,0.0,False,1.0,1.0,1.0,1.0,1.0,15,15,1.0,1.0,,nop -p (graphviz 15.0.0)
39,False,C:\Users\breis\Desktop\Software\pmo-dataset\graphviz\39.dot,,1.0,11,11,1.0,0.3125,0.6071428571428571,0.7,1.0,1.0,1.0,1,1,1.0,1,1,1.0,1.0,1,1,1.0,1,1,1.0,15,15,1.0,15,15,1.0,18,18,10,10,10,1,0,1.0,35,35,1.0,0,0,True,True,True,True,True,True,True,True,True,True,1.0,1,1,15,18,35,44,0,0,0,9,9,0,0,0,0,0,0,0,0,0,44,44,0,0,0,0,0,True,True,True,True,True,True,0,0,1,35,0.75,18,0.0,44,0.5,32,0.0,14,0.5,False,35,0.75,18,0.0,44,0.5,14,0.5,0.03697478991596639,1.0,3.111111111111111,1.0,1.2571428571428571,0.5,0.3175206571427802,1.0,17,0.75,0.5243697478991597,1.0,0.06818181818181818,1.0,0.42424242424242425,0.5,9,0.0,4,0.0,0.4375,0.8333333333333334,0.9166666666666666,0.5,,0.0,,14,14,9,9,16,2,0,0,8,14,0,0,10,0.75,False,False,0.5,0.5,0.5,1.0,1.0,0.5,1.0,5,5,17,17,17,30,30,30,1,0.0,False,1.0,1.0,1.0,1.0,1.0,17,17,1.0,1.0,,nop -p (graphviz 15.0.0)
40,False,C:\Users\breis\Desktop\Software\pmo-dataset\graphviz\40.dot,,1.0,11,11,1.0,0.5,0.6785714285714286,0.7,1.0,1.0,1.0,1,1,1.0,1,1,1.0,1.0,1,1,1.0,1,1,1.0,10,10,1.0,10,10,1.0,8,8,10,10,10,1,0,1.0,20,20,1.0,0,0,True,True,True,True,True,True,True,True,True,True,1.0,1,1,10,8,20,24,0,0,0,4,4,0,0,0,0,0,0,0,0,0,24,24,0,0,0,0,0,True,True,True,True,True,True,0,0,1,20,1.0,8,0.0,24,0.75,17,0.25,9,0.75,False,20,1.0,8,0.0,24,0.75,9,0.75,0.06315789473684211,1.0,3.25,1.0,1.2,0.5,0.5118595071429148,1.0,7,1.0,0.5394736842105263,1.0,0.08333333333333333,1.0,0.2777777777777778,0.25,4,0.25,4,0.0,0.625,0.8333333333333334,1.0,0.5,,0.0,,14,14,4,4,6,2,0,0,3,5,0,0,4,1.0,False,False,0.5,0.5,0.5,1.0,1.0,0.5,1.0,5,5,12,12,12,15,15,15,1,0.0,False,1.0,1.0,1.0,1.0,1.0,12,12,1.0,1.0,,nop -p (graphviz 15.0.0)
41,False,C:\Users\breis\Desktop\Software\pmo-dataset\graphviz\41.dot,,0.8181818181818182,9,11,0.9692307692307691,0.5625,0.6607142857142857,0.6683333333333333,1.0,1.0,1.0,1,1,1.0,1,1,1.0,1.0,1,1,1.0,1,1,1.0,13,13,0.6923076923076923,9,13,1.0,6,6,10,9,10,1,0,1.0,21,21,1.0,0,0,True,True,True,True,True,True,False,True,True,False,1.0,1,1,13,6,21,25,0,0,4,5,1,0,0,0,0,4,0,0,0,0,25,25,0,0,0,0,0,False,False,True,True,True,True,4,0,1,21,1.0,6,0.25,25,0.75,19,0.25,13,0.5,False,21,1.0,6,0.25,25,0.75,13,0.5,0.05952380952380952,1.0,3.0,1.0,1.1904761904761905,0.5,0.579380164285695,1.0,9,1.0,0.5642857142857143,1.0,0.32,0.25,0.3157894736842105,0.25,1,0.75,2,0.0,0.625,0.8333333333333334,1.0,0.4166666666666667,,0.0,,14,14,5,1,4,2,0,0,4,6,0,0,14,0.5,False,False,0.43333333333333335,0.43333333333333335,0.475,1.0,1.0,0.44722222222222224,1.0,5,5,15,15,15,18,18,18,1,0.0,False,1.0,1.0,0.8666666666666667,0.8666666666666667,0.95,15,15,1.0,1.0,,nop -p (graphviz 15.0.0)
42,False,C:\Users\breis\Desktop\Software\pmo-dataset\graphviz\42.dot,,0.9090909090909091,10,11,1.0,0.75,0.7678571428571429,0.7,1.0,1.0,1.0,1,1,1.0,1,1,1.0,1.0,1,1,1.0,1,1,1.0,8,8,1.0,8,8,1.0,5,5,10,10,10,1,0,1.0,16,16,1.0,0,0,True,True,True,True,True,True,True,True,True,False,1.0,1,1,8,5,16,18,0,0,0,3,2,0,0,0,0,1,0,1,0,0,18,18,0,0,0,0,2,True,True,True,True,True,True,0,0,1,16,1.0,5,0.5,18,1.0,15,0.5,10,0.75,False,16,1.0,5,0.5,18,1.0,10,0.75,0.075,1.0,3.0,1.0,1.125,0.5,0.6126016192893442,1.0,5,1.0,0.6041666666666666,1.0,0.2222222222222222,1.0,0.5714285714285714,0.5,2,0.5,2,0.0,0.8125,0.8333333333333334,1.0,0.6666666666666666,,0.0,,14,14,3,2,3,2,0,0,2,8,0,0,11,0.75,False,False,0.5,0.5,0.5,1.0,1.0,0.5,1.0,5,5,11,11,11,13,13,13,1,0.0,False,1.0,1.0,1.0,1.0,1.0,11,11,1.0,1.0,,nop -p (graphviz 15.0.0)
43,False,C:\Users\breis\Desktop\Software\pmo-dataset\graphviz\43.dot,,0.8181818181818182,9,11,0.9692307692307691,0.5625,0.6964285714285714,0.6688888888888889,1.0,1.0,1.0,1,1,1.0,1,1,1.0,1.0,1,1,1.0,1,1,1.0,13,13,0.6923076923076923,9,13,1.0,6,6,10,9,10,1,0,1.0,21,21,1.0,0,0,True,True,True,True,True,True,False,True,True,False,1.0,1,1,13,6,21,25,0,0,4,5,1,0,0,0,0,4,0,0,0,0,25,25,0,0,0,0,0,False,False,True,True,True,True,4,0,1,21,1.0,6,0.25,25,0.75,17,0.25,12,0.75,False,21,1.0,6,0.25,25,0.75,12,0.75,0.05952380952380952,1.0,3.0,1.0,1.1904761904761905,0.5,0.579380164285695,1.0,9,1.0,0.6071428571428571,1.0,0.32,0.25,0.5789473684210527,0.5,1,0.75,2,0.0,0.6875,0.8333333333333334,1.0,0.5,,0.0,,14,14,5,1,4,2,0,0,4,11,0,0,10,0.75,False,False,0.43333333333333335,0.43333333333333335,0.4777777777777778,1.0,1.0,0.4481481481481482,1.0,5,5,15,15,15,18,18,18,1,0.0,False,1.0,1.0,0.8666666666666667,0.8666666666666667,0.9555555555555556,15,15,1.0,1.0,,nop -p (graphviz 15.0.0)
44,False,C:\Users\breis\Desktop\Software\pmo-dataset\graphviz\44.dot,,1.0,11,11,1.0,0.4375,0.6607142857142857,0.7,1.0,1.0,1.0,1,1,1.0,1,1,1.0,1.0,1,1,1.0,1,1,1.0,15,15,1.0,15,15,1.0,10,10,10,10,10,1,0,1.0,28,28,1.0,0,0,True,True,True,True,True,True,True,True,True,True,1.0,1,1,15,10,28,32,0,0,0,5,5,0,0,0,0,0,0,1,0,0,32,32,0,0,0,0,2,True,True,True,True,True,True,0,0,1,28,1.0,10,0.0,32,0.75,24,0.0,14,0.5,False,28,1.0,10,0.0,32,0.75,14,0.5,0.042328042328042326,1.0,3.0,1.0,1.1428571428571428,0.5,0.6126016192893442,1.0,8,1.0,0.5277777777777778,1.0,0.21875,1.0,0.34615384615384615,0.25,5,0.25,4,0.0,0.5625,0.8333333333333334,1.0,0.5,,0.0,,14,14,5,5,6,4,0,0,3,9,0,0,14,0.5,False,False,0.5,0.5,0.5,1.0,1.0,0.5,1.0,5,5,18,18,18,23,23,23,1,0.0,False,1.0,1.0,1.0,1.0,1.0,18,18,1.0,1.0,,nop -p (graphviz 15.0.0)
45,False,C:\Users\breis\Desktop\Software\pmo-dataset\graphviz\45.dot,,1.0,11,11,1.0,0.5,0.6607142857142857,0.7,1.0,1.0,1.0,1,1,1.0,1,1,1.0,1.0,1,1,1.0,1,1,1.0,13,13,1.0,13,13,1.0,10,10,10,10,10,1,0,1.0,25,25,1.0,0,0,True,True,True,True,True,True,True,True,True,True,1.0,1,1,13,10,25,29,0,0,0,5,5,0,0,0,0,0,0,0,0,0,29,29,0,0,0,0,0,True,True,True,True,True,True,0,0,1,25,1.0,10,0.0,29,0.75,23,0.25,13,0.5,False,25,1.0,10,0.0,29,0.75,13,0.5,0.04833333333333333,1.0,3.0,1.0,1.16,0.5,0.6126016192893442,1.0,8,1.0,0.5583333333333333,1.0,0.1724137931034483,1.0,0.17391304347826086,0.25,5,0.25,4,0.0,0.5625,0.8333333333333334,1.0,0.5,,0.0,,14,14,5,5,6,4,0,0,3,4,0,0,4,1.0,False,False,0.5,0.5,0.5,1.0,1.0,0.5,1.0,5,5,15,15,15,19,19,19,1,0.0,False,1.0,1.0,1.0,1.0,1.0,15,15,1.0,1.0,,nop -p (graphviz 15.0.0)
46,False,C:\Users\breis\Desktop\Software\pmo-dataset\graphviz\46.dot,,0.8181818181818182,9,11,0.9909090909090909,0.5,0.6964285714285714,0.6846153846153846,1.0,1.0,1.0,1,1,1.0,1,1,1.0,1.0,1,1,1.0,1,1,1.0,11,11,0.9090909090909091,10,11,1.0,7,7,10,9,10,1,0,1.0,20,20,1.0,0,0,True,True,True,True,True,True,False,True,True,False,1.0,1,1,11,7,20,23,0,0,1,4,3,0,0,0,0,1,0,0,0,0,23,23,0,0,0,0,0,False,False,True,True,True,True,1,0,1,20,1.0,7,0.0,23,0.75,18,0.25,11,0.75,False,20,1.0,7,0.0,23,0.75,11,0.75,0.060526315789473685,1.0,3.0,1.0,1.15,0.5,0.5445684476282007,1.0,7,1.0,0.7236842105263158,1.0,0.21739130434782608,1.0,0.3333333333333333,0.25,3,0.5,2,0.0,0.625,0.8333333333333334,1.0,0.5833333333333334,,0.0,,14,14,4,3,5,2,0,0,3,6,0,0,8,0.75,False,False,0.5,0.5,0.4230769230769231,1.0,1.0,0.4743589743589744,1.0,5,5,13,13,13,16,16,16,1,0.0,False,1.0,1.0,1.0,1.0,0.8461538461538461,13,13,1.0,1.0,,nop -p (graphviz 15.0.0)
47,False,C:\Users\breis\Desktop\Software\pmo-dataset\graphviz\47.dot,,1.0,11,11,1.0,0.4375,0.6428571428571429,0.7,1.0,1.0,1.0,1,1,1.0,1,1,1.0,1.0,1,1,1.0,1,1,1.0,13,13,1.0,13,13,1.0,12,12,10,10,10,1,0,1.0,27,27,1.0,0,0,True,True,True,True,True,True,True,True,True,True,1.0,1,1,13,12,27,32,0,0,0,6,6,0,0,0,0,0,0,0,0,0,32,32,0,0,0,0,0,True,True,True,True,True,True,0,0,1,27,1.0,12,0.0,32,0.75,24,0.0,13,0.5,False,27,1.0,12,0.0,32,0.75,13,0.5,0.045584045584045586,1.0,3.0,1.0,1.1851851851851851,0.5,0.41011848630651804,1.0,11,1.0,0.5498575498575499,1.0,0.09375,1.0,0.08,0.25,6,0.0,2,0.0,0.5625,0.8333333333333334,1.0,0.4166666666666667,,0.0,,14,14,6,6,10,2,0,0,4,2,0,0,8,0.75,False,False,0.5,0.5,0.5,1.0,1.0,0.5,1.0,5,5,15,15,15,20,20,20,1,0.0,False,1.0,1.0,1.0,1.0,1.0,15,15,1.0,1.0,,nop -p (graphviz 15.0.0)
48,False,C:\Users\breis\Desktop\Software\pmo-dataset\graphviz\48.dot,,1.0,11,11,1.0,0.5,0.6785714285714286,0.6612820512820512,1.0,1.0,1.0,1,1,1.0,1,1,1.0,1.0,1,1,1.0,1,1,1.0,11,11,1.0,11,11,1.0,8,8,10,10,10,1,0,1.0,21,21,1.0,0,0,True,True,True,True,True,True,True,True,True,True,1.0,1,1,11,8,21,25,0,0,0,4,4,0,0,0,0,0,0,0,0,0,25,25,0,0,0,0,0,True,True,True,True,True,True,0,0,1,21,1.0,8,0.0,25,0.75,17,0.25,9,0.75,False,21,1.0,8,0.0,25,0.75,9,0.75,0.05952380952380952,1.0,3.25,1.0,1.1904761904761905,0.5,0.6309297535714574,0.75,6,1.0,0.5928571428571429,1.0,0.12,1.0,0.5263157894736842,0.5,4,0.25,6,0.0,0.625,0.8333333333333334,0.9166666666666666,0.5833333333333334,,0.0,,14,14,4,4,4,4,0,0,2,10,0,0,8,0.75,False,False,0.4230769230769231,0.4230769230769231,0.4602564102564103,1.0,1.0,0.4354700854700855,1.0,5,5,13,13,13,21,21,21,1,0.0,False,1.0,1.0,0.8461538461538461,0.8461538461538461,0.9205128205128206,13,13,1.0,1.0,,nop -p (graphviz 15.0.0)
49,False,C:\Users\breis\Desktop\Software\pmo-dataset\graphviz\49.dot,,1.0,11,11,1.0,0.625,0.7142857142857143,0.6541666666666667,1.0,1.0,1.0,1,1,1.0,1,1,1.0,1.0,1,1,1.0,1,1,1.0,10,10,1.0,10,10,1.0,6,6,10,10,10,1,0,1.0,18,18,1.0,0,0,True,True,True,True,True,True,True,True,True,True,1.0,1,1,10,6,18,20,0,0,0,3,3,0,0,0,0,0,0,0,0,0,20,20,0,0,0,0,0,True,True,True,True,True,True,0,0,1,18,1.0,6,0.25,20,0.75,15,0.5,9,0.75,False,18,1.0,6,0.25,20,0.75,9,0.75,0.06535947712418301,1.0,3.0,1.0,1.1111111111111112,0.5,0.579380164285695,1.0,5,1.0,0.6437908496732027,1.0,0.25,1.0,0.3125,0.25,3,0.5,2,0.0,0.6875,0.8333333333333334,1.0,0.5833333333333334,,0.0,,14,14,3,3,4,2,0,0,0,5,0,0,8,0.75,False,False,0.4166666666666667,0.4166666666666667,0.4375,1.0,1.0,0.42361111111111116,1.0,5,5,12,12,12,15,15,15,1,0.0,False,1.0,1.0,0.8333333333333334,0.8333333333333334,0.875,12,12,1.0,1.0,,nop -p (graphviz 15.0.0)
50,False,C:\Users\breis\Desktop\Software\pmo-dataset\graphviz\50.dot,,1.0,11,11,1.0,0.875,0.8214285714285714,0.6444444444444445,1.0,1.0,1.0,1,1,1.0,1,1,1.0,1.0,1,1,1.0,1,1,1.0,7,7,1.0,7,7,1.0,2,2,10,10,10,1,0,1.0,11,11,1.0,0,0,True,True,True,True,True,True,True,True,True,True,1.0,1,1,7,2,11,11,0,0,0,1,1,0,0,0,0,0,0,0,0,0,11,11,0,0,0,0,0,True,True,True,True,True,True,0,0,1,11,1.0,2,0.75,11,1.0,10,0.75,8,0.75,False,11,1.0,2,0.75,11,1.0,8,0.75,0.1,1.0,3.0,1.0,1.0,0.5,0.0,1.0,2,1.0,0.7363636363636363,1.0,0.45454545454545453,0.25,0.5555555555555556,0.5,1,0.75,0,1.0,0.875,0.8333333333333334,1.0,0.5,,1.0,,14,14,1,1,2,0,0,0,0,5,0,0,11,0.75,False,False,0.3888888888888889,0.3888888888888889,0.4444444444444444,1.0,1.0,0.40740740740740744,1.0,5,5,9,9,9,9,9,9,1,0.0,False,1.0,1.0,0.7777777777777778,0.7777777777777778,0.8888888888888888,9,9,1.0,1.0,,nop -p (graphviz 15.0.0)
51,False,C:\Users\breis\Desktop\Software\pmo-dataset\graphviz\51.dot,,1.0,11,11,1.0,0.875,0.8392857142857143,0.645,1.0,1.0,1.0,1,1,1.0,1,1,1.0,1.0,1,1,1.0,1,1,1.0,8,8,1.0,8,8,1.0,2,2,10,10,10,1,0,1.0,12,12,1.0,0,0,True,True,True,True,True,True,True,True,True,True,1.0,1,1,8,2,12,12,0,0,0,1,1,0,0,0,0,0,0,0,0,0,12,12,0,0,0,0,0,True,True,True,True,True,True,0,0,1,12,1.0,2,0.75,12,1.0,10,0.75,8,0.75,False,12,1.0,2,0.75,12,1.0,8,0.75,0.09090909090909091,1.0,3.0,1.0,1.0,0.5,0.0,1.0,2,1.0,0.5606060606060606,1.0,0.5,0.5,0.6,0.5,1,0.75,0,1.0,0.875,0.8333333333333334,1.0,0.5833333333333334,,1.0,,14,14,1,1,2,0,0,0,0,6,0,0,8,0.75,False,False,0.4,0.4,0.425,1.0,1.0,0.4083333333333334,1.0,5,5,10,10,10,10,10,10,1,0.0,False,1.0,1.0,0.8,0.8,0.85,10,10,1.0,1.0,,nop -p (graphviz 15.0.0)
52,False,C:\Users\breis\Desktop\Software\pmo-dataset\graphviz\52.dot,,1.0,11,11,1.0,0.9375,0.875,0.625,1.0,1.0,1.0,1,1,1.0,1,1,1.0,1.0,1,1,1.0,1,1,1.0,4,4,1.0,4,4,1.0,2,2,10,10,10,1,0,1.0,8,8,1.0,0,0,True,True,True,True,True,True,True,True,True,True,1.0,1,1,4,2,8,8,0,0,0,1,1,0,0,0,0,0,0,0,0,0,8,8,0,0,0,0,0,True,True,True,True,True,True,0,0,1,8,1.0,2,0.75,8,1.0,7,1.0,5,1.0,False,8,1.0,2,0.75,8,1.0,5,1.0,0.14285714285714285,0.75,3.0,1.0,1.0,0.5,0.0,1.0,2,1.0,0.625,1.0,0.25,1.0,0.6666666666666666,0.5,1,0.75,0,1.0,0.9375,0.75,1.0,0.75,,1.0,,14,14,1,1,2,0,0,0,0,4,0,0,5,1.0,False,False,0.3333333333333333,0.3333333333333333,0.4583333333333333,1.0,1.0,0.375,1.0,5,5,6,6,6,6,6,6,1,0.0,False,1.0,1.0,0.6666666666666666,0.6666666666666666,0.9166666666666666,6,6,1.0,1.0,,nop -p (graphviz 15.0.0)
53,False,C:\Users\breis\Desktop\Software\pmo-dataset\graphviz\53.dot,,1.0,11,11,1.0,0.9375,0.875,0.625,1.0,1.0,1.0,1,1,1.0,1,1,1.0,1.0,1,1,1.0,1,1,1.0,4,4,1.0,4,4,1.0,2,2,10,10,10,1,0,1.0,8,8,1.0,0,0,True,True,True,True,True,True,True,True,True,True,1.0,1,1,4,2,8,8,0,0,0,1,1,0,0,0,0,0,0,0,0,0,8,8,0,0,0,0,0,True,True,True,True,True,True,0,0,1,8,1.0,2,0.75,8,1.0,7,1.0,5,1.0,False,8,1.0,2,0.75,8,1.0,5,1.0,0.14285714285714285,0.75,3.0,1.0,1.0,0.5,0.0,1.0,2,1.0,0.625,1.0,0.25,1.0,0.6666666666666666,0.5,1,0.75,0,1.0,0.9375,0.75,1.0,0.75,,1.0,,14,14,1,1,2,0,0,0,0,4,0,0,5,1.0,False,False,0.3333333333333333,0.3333333333333333,0.4583333333333333,1.0,1.0,0.375,1.0,5,5,6,6,6,6,6,6,1,0.0,False,1.0,1.0,0.6666666666666666,0.6666666666666666,0.9166666666666666,6,6,1.0,1.0,,nop -p (graphviz 15.0.0)
54,False,C:\Users\breis\Desktop\Software\pmo-dataset\graphviz\54.dot,,1.0,11,11,1.0,1.0,0.9285714285714286,0.61,1.0,1.0,1.0,1,1,1.0,1,1,1.0,1.0,1,1,1.0,1,1,1.0,3,3,1.0,3,3,1.0,0,0,10,10,9,1,0,1.0,5,5,1.0,0,0,True,True,True,True,True,True,True,True,True,True,1.0,1,1,3,0,5,4,0,0,0,0,0,0,0,0,0,0,0,0,0,0,4,4,0,0,0,0,0,True,True,True,True,True,True,0,0,1,5,1.0,0,1.0,4,1.0,5,1.0,5,1.0,False,5,1.0,0,1.0,4,1.0,5,1.0,0.2,0.75,,,0.8,0.75,0.0,1.0,0,1.0,0.75,1.0,1.0,0.75,1.0,0.75,0,1.0,0,1.0,1.0,0.8333333333333334,1.0,0.8333333333333334,,1.0,,13,14,0,0,0,0,0,0,0,3,0,0,5,1.0,False,False,0.3,0.3,0.45,1.0,1.0,0.35000000000000003,1.0,5,5,5,5,5,4,4,4,1,0.0,False,1.0,1.0,0.6,0.6,0.9,5,5,1.0,1.0,,nop -p (graphviz 15.0.0)
55,False,C:\Users\breis\Desktop\Software\pmo-dataset\graphviz\55.dot,,1.0,11,11,1.0,0.3125,0.6428571428571429,0.6838709677419355,1.0,1.0,1.0,1,1,1.0,1,1,1.0,1.0,1,1,1.0,1,1,1.0,29,29,1.0,29,29,1.0,7,7,10,10,10,1,0,1.0,38,38,1.0,0,0,True,True,True,True,True,True,True,True,True,True,1.0,1,1,29,7,38,42,0,0,0,4,3,0,0,0,0,0,0,0,0,0,42,42,0,0,0,0,0,True,True,True,True,True,True,0,0,1,38,0.75,7,0.0,42,0.5,35,0.0,28,0.0,False,38,0.75,7,0.0,42,0.5,28,0.0,0.029871977240398292,1.0,3.4285714285714284,1.0,1.105263157894737,0.5,0.0,1.0,9,1.0,0.5896159317211949,1.0,0.47619047619047616,0.25,0.5833333333333334,0.5,3,0.5,0,1.0,0.3125,0.8333333333333334,1.0,0.4166666666666667,,1.0,,14,14,4,3,7,0,0,0,3,21,0,0,15,0.5,False,False,0.46774193548387094,0.46774193548387094,0.4838709677419355,1.0,1.0,0.4731182795698925,1.0,5,5,31,31,31,35,35,35,1,0.0,False,1.0,1.0,0.9354838709677419,0.9354838709677419,0.967741935483871,31,31,1.0,1.0,,nop -p (graphviz 15.0.0)
