column,dimension,group,metric,kind,description,source
sem_label_sim_syntactic,semantic,Natural language,Syntactic label similarity,score,"BEF4LLM's own implementation since 2026-08-29. Per pair: 1 - Levenshtein(l1, l2) / max(|l1|, |l2|) on the tokenised, lowercased labels, two empty labels scoring 0; whole graph: the sum over their greedy id-keyed matching (one entry per node of *each* model) plus the participant matching, over non-gateway flow objects + pools + named lanes of both models.","BEF4LLM paper, Table A.17 #1"
sem_label_sim_semantic,semantic,Natural language,Semantic label similarity,score,"BEF4LLM's own implementation since 2026-08-29: (1.0*same_strings + 0.75*synonyms) / max(|w1|, |w2|) on stemmed, stopword-free tokens, the overlap counted by their deleting loop; aggregated like the syntactic one.","BEF4LLM paper, Table A.17 #2"
sem_group_natural_language_score,semantic,Natural language,Natural language — group mean,score,"Mean of the metrics in this group (Syntactic label similarity, Semantic label similarity). This project's roll-up, not the paper's — it aggregates the dimension in one step.",BEF4LLM section 4.5
sem_score,semantic,headline,Qsem,score,"Mean over all seven semantic metrics, equal weights. Against the model itself this is 1.0 by construction, not a baseline value.",BEF4LLM Eq. 4
sem_n_metrics_measured,semantic,aggregate,Metrics measured,count,How many semantic metrics were measurable; the rest entered sem_score at 1.0.,
sem_n_metrics_total,semantic,aggregate,Metrics in the set,count,Divisor of sem_score.,
sem_n_label_nodes_generated,semantic,diagnostics,Compared nodes (generated),count,Non-gateway flow objects of the candidate model — a denominator of the label metrics.,
sem_n_label_nodes_reference,semantic,diagnostics,Compared nodes (reference),count,The same for the ground truth.,
sem_n_nodes_matched,semantic,diagnostics,Nodes matched,count,Size of the optimal semantic matching M^opt_Sem.,
sem_n_skeleton_edges_generated,semantic,diagnostics,Contracted edges (generated),count,Edges of the candidate contracted onto the compared nodes.,
sem_n_skeleton_edges_reference,semantic,diagnostics,Contracted edges (reference),count,The same for the ground truth.,
sem_n_edges_matched,semantic,diagnostics,Edges matched,count,Candidate edges present in the reference through the matching.,
sem_wordnet,semantic,diagnostics,WordNet available,flag,1 = the synonym term of the semantic label similarity was computed; 0 = WordNet absent and that term contributed 0.,
sem_label_sim_syntactic_disjoint,semantic,natural language,"Syntactic label similarity (BEF4LLM's reading, id spaces separated)",raw value,"The same algorithm with the candidate's node ids moved into their own space, so their id-keyed matching cannot collapse two entries into one. Compare against a BEF4LLM run over prefix_bpmn_ids.py output. Not in sem_score.",BEF4LLM semantic_quality_check
sem_label_sim_semantic_disjoint,semantic,natural language,"Semantic label similarity (BEF4LLM's reading, id spaces separated)",raw value,"As above, for their SimSem. Not in sem_score.",BEF4LLM semantic_quality_check
sem_n_nodes_matched_greedy,semantic,diagnostics,Nodes matched (BEF4LLM's matching),count,Compared nodes of the generated model bound by their greedy matching; normally all of them.,
sem_n_ids_shared,semantic,diagnostics,Node ids shared by both models,count,How many ids the two models have in common — the collisions their matching is exposed to. 0 means their reading needs no correction.,
syn_has_start_event,syntactic (dictated checks),checks,Existence of a start event,flag,True/False; enters syn_score as 1.0/0.0 and counts in syn_checks_passed only when True.,dictated syntactic check 1/11
syn_has_end_event,syntactic (dictated checks),checks,Existence of an end event,flag,True/False; enters syn_score as 1.0/0.0 and counts in syn_checks_passed only when True.,dictated syntactic check 2/11
syn_single_start_event,syntactic (dictated checks),checks,One start event per process,flag,True/False; enters syn_score as 1.0/0.0 and counts in syn_checks_passed only when True.,dictated syntactic check 3/11
syn_single_end_event,syntactic (dictated checks),checks,One end event per process,flag,True/False; enters syn_score as 1.0/0.0 and counts in syn_checks_passed only when True.,dictated syntactic check 4/11
syn_start_in0_out1,syntactic (dictated checks),checks,"Start event: in = 0, out = 1",flag,True/False; enters syn_score as 1.0/0.0 and counts in syn_checks_passed only when True.,dictated syntactic check 5/11
syn_tasks_labeled,syntactic (dictated checks),checks,Each observable task has a label,flag,True/False; enters syn_score as 1.0/0.0 and counts in syn_checks_passed only when True.,dictated syntactic check 6/11
syn_task_in1_out1,syntactic (dictated checks),checks,"Task: in = 1, out = 1",flag,True/False; enters syn_score as 1.0/0.0 and counts in syn_checks_passed only when True.,dictated syntactic check 7/11
syn_split_in1_outN,syntactic (dictated checks),checks,"Split gateway: in = 1, out > 1",flag,True/False; enters syn_score as 1.0/0.0 and counts in syn_checks_passed only when True.,dictated syntactic check 8/11
syn_join_inN_out1,syntactic (dictated checks),checks,"Join gateway: in > 1, out = 1",flag,True/False; enters syn_score as 1.0/0.0 and counts in syn_checks_passed only when True.,dictated syntactic check 9/11
syn_split_has_matching_join,syntactic (dictated checks),checks,Split gateway has matching join gateway,flag,True/False; enters syn_score as 1.0/0.0 and counts in syn_checks_passed only when True.,dictated syntactic check 10/11
syn_sequence_flow_connection_rules,syntactic (dictated checks),checks,Sequence-flow connection rules,score,"Valid sequence flows / all sequence flows — a ratio, not pass/fail. Invalid: a flow out of an end event or into a start event.",dictated syntactic check 11/11
syn_checks_passed,syntactic (dictated checks),headline,Checks fully passed,count,How many of the checks scored exactly 1.0.,
syn_checks_total,syntactic (dictated checks),headline,Checks in the set,count,Divisor of syn_score.,
syn_score,syntactic (dictated checks),headline,Syntactic score (dictated checks),score,"Mean over the dictated checks; the ratio check contributes its ratio, the others 1.0/0.0.",dictated check list
syn_n_start_events,syntactic (dictated checks),diagnostics,Start events,count,Nodes classified as a start event.,
syn_n_end_events,syntactic (dictated checks),diagnostics,End events,count,Nodes classified as an end event.,
syn_n_tasks,syntactic (dictated checks),diagnostics,Tasks,count,Nodes classified as a task.,
syn_n_gateways,syntactic (dictated checks),diagnostics,Gateways,count,Nodes classified as a gateway.,
syn_n_nodes,syntactic (dictated checks),diagnostics,Nodes,count,"All DOT nodes, pool/lane anchors included (unlike syn_tnn).",
syn_n_edges,syntactic (dictated checks),diagnostics,Edges,count,"All deduplicated DOT edges, message flows included.",
syn_n_unlabeled_tasks,syntactic (dictated checks),diagnostics,Unlabeled tasks,count,Tasks whose effective label is empty — why syn_tasks_labeled failed.,
syn_n_placeholder_labels,syntactic (dictated checks),diagnostics,Placeholder labels,count,"Labels that exist but name nothing ('Task_1', 't3'). Informational, not part of any check.",
syn_n_malformed_tasks,syntactic (dictated checks),diagnostics,Malformed tasks,count,"Tasks violating in = 1, out = 1 (every edge counted).",
syn_n_splits,syntactic (dictated checks),diagnostics,Split gateways,count,Gateways acting as a split.,
syn_n_joins,syntactic (dictated checks),diagnostics,Join gateways,count,Gateways acting as a join.,
syn_n_bad_splits,syntactic (dictated checks),diagnostics,Bad splits,count,"Splits violating in = 1, out > 1.",
syn_n_bad_joins,syntactic (dictated checks),diagnostics,Bad joins,count,"Joins violating in > 1, out = 1.",
syn_n_gateways_degenerate,syntactic (dictated checks),diagnostics,Degenerate gateways,count,1:1 pass-through gateways — they route nothing and fail both degree checks.,
syn_n_gateways_mixed,syntactic (dictated checks),diagnostics,Mixed gateways,count,"Gateways that fan in and out at once (in > 1 and out > 1). Neither split nor join, so outside GS/GJ and outside the two degree checks; still eligible as the partner of a split.",
syn_n_unmatched_splits,syntactic (dictated checks),diagnostics,Unmatched splits,count,Splits with no matching join of the same type — why syn_split_has_matching_join failed. Event-based splits are exempt and never counted here.,
syn_n_event_based_splits,syntactic (dictated checks),diagnostics,Event-based splits,count,"Splits exempt from syn_split_has_matching_join and from syn_bef_split_has_matching_join (author's decision, 2026-08-23).",
syn_n_intermediate_events,syntactic (dictated checks),diagnostics,Intermediate events,count,Events the notation declares intermediate (a doublecircle that is not a sink). No metric scores them; they are kept out of the end events.,
syn_n_events_unclassified,syntactic (dictated checks),diagnostics,Unclassified events,count,Event-shaped nodes that are neither start nor end nor a declared intermediate event.,
syn_n_nodes_unclassified,syntactic (dictated checks),diagnostics,Unclassified nodes,count,Nodes whose BPMN element type could not be read.,
syn_n_sequence_flows,syntactic (dictated checks),sequence flows,Sequence flows,count,Denominator of syn_sequence_flow_connection_rules.,
syn_n_valid_sequence_flows,syntactic (dictated checks),sequence flows,Valid sequence flows,count,Its numerator.,
syn_n_invalid_sequence_flows,syntactic (dictated checks),sequence flows,Invalid sequence flows,count,Flows breaking a connection rule.,
syn_n_flows_from_end_event,syntactic (dictated checks),sequence flows,Flows out of an end event,count,One of the two prohibited cases.,
syn_n_flows_into_start_event,syntactic (dictated checks),sequence flows,Flows into a start event,count,The other prohibited case.,
syn_n_duplicate_flows,syntactic (dictated checks),sequence flows,Duplicate flows,count,"Repeated (source, target) pairs in the DOT file.",
syn_n_flows_unclassified_endpoint,syntactic (dictated checks),sequence flows,Flows with an unclassified endpoint,count,Flows whose source or target has no readable element type.,
syn_correct,syntactic (dictated checks),correctness verdict,Syntactically correct,flag,"True when all five conditions below hold. A verdict, not a score — outside syn_score and syn_checks_passed.","verdict, 5 conditions"
syn_correct_functions,syntactic (dictated checks),correctness verdict,Functions well formed,flag,"At least one task, and every task has exactly one incoming and one outgoing sequence flow.",
syn_correct_gateways,syntactic (dictated checks),correctness verdict,Gateways wired,flag,Every gateway has in >= 1 and out >= 1. A model without gateways passes.,
syn_correct_start_end,syntactic (dictated checks),correctness verdict,Start and end present,flag,At least one start node and one end node.,
syn_correct_directed,syntactic (dictated checks),correctness verdict,Graph is directed,flag,"digraph, not graph — port of Graphviz agisdirected().",
syn_correct_connected,syntactic (dictated checks),correctness verdict,Graph is coherent,flag,One connected component — port of Graphviz isConnected().,
syn_n_malformed_functions,syntactic (dictated checks),correctness verdict,Malformed functions,count,"Tasks failing condition 1 (sequence flows only, message flows ignored).",
syn_n_unwired_gateways,syntactic (dictated checks),correctness verdict,Unwired gateways,count,Gateways failing condition 2.,
syn_n_components,syntactic (dictated checks),correctness verdict,Connected components,count,1 for a coherent model; how badly a 'no' broke it otherwise.,
syn_tnn,syntactic (dictated checks),size,TNN (total number of nodes),raw value,"TNN = |N| — flow objects (events, tasks, gateways); pool/lane anchors and nodes of unreadable type excluded. Same value as prag_tnn.","BEF4LLM Table A.16 (size); reported beside syn_score, never folded into it"
syn_tnn_score,syntactic (dictated checks),size,TNN (total number of nodes) — banded score,score,normdesc band (0/0.25/0.5/0.75/1.0) at thresholds 29.9/43.7/58.1/81.1 — lower is better. Averaged into syn_size_score.,"BEF4LLM Table A.16 (size); reported beside syn_score, never folded into it"
syn_tng,syntactic (dictated checks),size,TNG (total number of gateways),raw value,TNG = |G| — gateways. Same value as prag_tng.,"BEF4LLM Table A.16 (size); reported beside syn_score, never folded into it"
syn_tng_score,syntactic (dictated checks),size,TNG (total number of gateways) — banded score,score,normdesc band (0/0.25/0.5/0.75/1.0) at thresholds 1.42/3.36/5.3/6.49 — lower is better. Averaged into syn_size_score.,"BEF4LLM Table A.16 (size); reported beside syn_score, never folded into it"
syn_tnsf,syntactic (dictated checks),size,TNSF (total number of sequence flows),raw value,TNSF = |F^S| — deduplicated sequence flows (message flows excluded). Same value as prag_tnsf.,"BEF4LLM Table A.16 (size); reported beside syn_score, never folded into it"
syn_tnsf_score,syntactic (dictated checks),size,TNSF (total number of sequence flows) — banded score,score,normdesc band (0/0.25/0.5/0.75/1.0) at thresholds 19.4/34.8/50.2/74.8 — lower is better. Averaged into syn_size_score.,"BEF4LLM Table A.16 (size); reported beside syn_score, never folded into it"
syn_diameter,syntactic (dictated checks),size,Diameter (longest start-to-end path),raw value,"Longest simple start-to-end path, max{|p|} over node sequences with every flow object counted, gateways included — Table A.16 read literally. Neither prag_diameter (BEF4LLM's traversal) nor prag_diameter_nogw (the scored one, gateways skipped).","BEF4LLM Table A.16 (size); reported beside syn_score, never folded into it"
syn_diameter_score,syntactic (dictated checks),size,Diameter (longest start-to-end path) — banded score,score,normdesc band (0/0.25/0.5/0.75/1.0) at thresholds 7.92/12.2/16.5/23.4 — lower is better. Averaged into syn_size_score.,"BEF4LLM Table A.16 (size); reported beside syn_score, never folded into it"
syn_size_score,syntactic (dictated checks),size,Size score,score,"Mean of the four banded size scores (TNN, TNG, TNSF, diameter). Measures smallness, not correctness — deliberately not part of syn_score.",BEF4LLM Table A.16/A.18
syn_diameter_nogw,syntactic (dictated checks),size,Diameter (gateways not counted),raw value,Longest start-to-end path with gateways skipped — BEF4LLM's own convention. Outside syn_size_score.,
syn_diameter_nogw_score,syntactic (dictated checks),size,Diameter (gateways not counted) — banded score,score,normdesc band (0/0.25/0.5/0.75/1.0) at thresholds 7.92/12.2/16.5/23.4 — lower is better.,
syn_diameter_truncated,syntactic (dictated checks),size,Diameter truncated,flag,"True when the longest-path search hit its expansion cap, so the diameter is a lower bound.",
syn_bef_existence_start_event,syntactic (BEF4LLM),Table 2 metric set,Existence of a start event,score,"Boolean metric: 1.0 when the model satisfies the rule, else 0.0.","BEF4LLM paper, Table 2 / A.15 #1"
syn_bef_existence_end_event,syntactic (BEF4LLM),Table 2 metric set,Existence of an end event,score,"Boolean metric: 1.0 when the model satisfies the rule, else 0.0.","BEF4LLM paper, Table 2 / A.15 #2"
syn_bef_one_start_event_per_process,syntactic (BEF4LLM),Table 2 metric set,One start event per process,score,Counting metric: conforming elements / covered elements. 1.0 when the rule covers nothing (empty denominator).,"BEF4LLM paper, Table 2 / A.15 #3"
syn_bef_one_start_event_per_process_conforming,syntactic (BEF4LLM),Table 2 metric set,One start event per process — conforming elements,count,Numerator of syn_bef_one_start_event_per_process: elements that satisfy the rule.,"BEF4LLM paper, Table 2 / A.15 #3"
syn_bef_one_start_event_per_process_covered,syntactic (BEF4LLM),Table 2 metric set,One start event per process — covered elements,count,Denominator of syn_bef_one_start_event_per_process: elements the rule ranges over.,"BEF4LLM paper, Table 2 / A.15 #3"
syn_bef_one_end_event_per_process,syntactic (BEF4LLM),Table 2 metric set,One end event per process,score,Counting metric: conforming elements / covered elements. 1.0 when the rule covers nothing (empty denominator).,"BEF4LLM paper, Table 2 / A.15 #4"
syn_bef_one_end_event_per_process_conforming,syntactic (BEF4LLM),Table 2 metric set,One end event per process — conforming elements,count,Numerator of syn_bef_one_end_event_per_process: elements that satisfy the rule.,"BEF4LLM paper, Table 2 / A.15 #4"
syn_bef_one_end_event_per_process_covered,syntactic (BEF4LLM),Table 2 metric set,One end event per process — covered elements,count,Denominator of syn_bef_one_end_event_per_process: elements the rule ranges over.,"BEF4LLM paper, Table 2 / A.15 #4"
syn_bef_adapted_sequence_flow_connection_rules,syntactic (BEF4LLM),Table 2 metric set,Adapted Sequence-flow connection rules,score,"Boolean metric: 1.0 when the model satisfies the rule, else 0.0.","BEF4LLM paper, Table 2 / A.15 #5"
syn_bef_start_event_in_out_degree,syntactic (BEF4LLM),Table 2 metric set,"Start event: in = 0, out = 1",score,Counting metric: conforming elements / covered elements. 1.0 when the rule covers nothing (empty denominator).,"BEF4LLM paper, Table 2 / A.15 #7"
syn_bef_start_event_in_out_degree_conforming,syntactic (BEF4LLM),Table 2 metric set,"Start event: in = 0, out = 1 — conforming elements",count,Numerator of syn_bef_start_event_in_out_degree: elements that satisfy the rule.,"BEF4LLM paper, Table 2 / A.15 #7"
syn_bef_start_event_in_out_degree_covered,syntactic (BEF4LLM),Table 2 metric set,"Start event: in = 0, out = 1 — covered elements",count,Denominator of syn_bef_start_event_in_out_degree: elements the rule ranges over.,"BEF4LLM paper, Table 2 / A.15 #7"
syn_bef_end_event_in_out_degree,syntactic (BEF4LLM),Table 2 metric set,"End event: in = 1, out = 0",score,Counting metric: conforming elements / covered elements. 1.0 when the rule covers nothing (empty denominator).,"BEF4LLM paper, Table 2 / A.15 #8"
syn_bef_end_event_in_out_degree_conforming,syntactic (BEF4LLM),Table 2 metric set,"End event: in = 1, out = 0 — conforming elements",count,Numerator of syn_bef_end_event_in_out_degree: elements that satisfy the rule.,"BEF4LLM paper, Table 2 / A.15 #8"
syn_bef_end_event_in_out_degree_covered,syntactic (BEF4LLM),Table 2 metric set,"End event: in = 1, out = 0 — covered elements",count,Denominator of syn_bef_end_event_in_out_degree: elements the rule ranges over.,"BEF4LLM paper, Table 2 / A.15 #8"
syn_bef_split_has_matching_join,syntactic (BEF4LLM),Table 2 metric set,Split gateway has matching join gateway,score,Counting metric: conforming elements / covered elements. 1.0 when the rule covers nothing (empty denominator).,"BEF4LLM paper, Table 2 / A.15 #9"
syn_bef_split_has_matching_join_conforming,syntactic (BEF4LLM),Table 2 metric set,Split gateway has matching join gateway — conforming elements,count,Numerator of syn_bef_split_has_matching_join: elements that satisfy the rule.,"BEF4LLM paper, Table 2 / A.15 #9"
syn_bef_split_has_matching_join_covered,syntactic (BEF4LLM),Table 2 metric set,Split gateway has matching join gateway — covered elements,count,Denominator of syn_bef_split_has_matching_join: elements the rule ranges over.,"BEF4LLM paper, Table 2 / A.15 #9"
syn_bef_labeled_tasks,syntactic (BEF4LLM),Table 2 metric set,Each observable task has a label,score,Counting metric: conforming elements / covered elements. 1.0 when the rule covers nothing (empty denominator).,"BEF4LLM paper, Table 2 / A.15 #11"
syn_bef_labeled_tasks_conforming,syntactic (BEF4LLM),Table 2 metric set,Each observable task has a label — conforming elements,count,Numerator of syn_bef_labeled_tasks: elements that satisfy the rule.,"BEF4LLM paper, Table 2 / A.15 #11"
syn_bef_labeled_tasks_covered,syntactic (BEF4LLM),Table 2 metric set,Each observable task has a label — covered elements,count,Denominator of syn_bef_labeled_tasks: elements the rule ranges over.,"BEF4LLM paper, Table 2 / A.15 #11"
syn_bef_task_in_out_degree,syntactic (BEF4LLM),Table 2 metric set,"Task: in = 1, out = 1",score,Counting metric: conforming elements / covered elements. 1.0 when the rule covers nothing (empty denominator).,"BEF4LLM paper, Table 2 / A.15 #12"
syn_bef_task_in_out_degree_conforming,syntactic (BEF4LLM),Table 2 metric set,"Task: in = 1, out = 1 — conforming elements",count,Numerator of syn_bef_task_in_out_degree: elements that satisfy the rule.,"BEF4LLM paper, Table 2 / A.15 #12"
syn_bef_task_in_out_degree_covered,syntactic (BEF4LLM),Table 2 metric set,"Task: in = 1, out = 1 — covered elements",count,Denominator of syn_bef_task_in_out_degree: elements the rule ranges over.,"BEF4LLM paper, Table 2 / A.15 #12"
syn_bef_gateway_in_out_degree,syntactic (BEF4LLM),Table 2 metric set,Gateway in/out degree,score,Counting metric: conforming elements / covered elements. 1.0 when the rule covers nothing (empty denominator).,"BEF4LLM paper, Table 2 / A.15 #15"
syn_bef_gateway_in_out_degree_conforming,syntactic (BEF4LLM),Table 2 metric set,Gateway in/out degree — conforming elements,count,Numerator of syn_bef_gateway_in_out_degree: elements that satisfy the rule.,"BEF4LLM paper, Table 2 / A.15 #15"
syn_bef_gateway_in_out_degree_covered,syntactic (BEF4LLM),Table 2 metric set,Gateway in/out degree — covered elements,count,Denominator of syn_bef_gateway_in_out_degree: elements the rule ranges over.,"BEF4LLM paper, Table 2 / A.15 #15"
syn_bef_score,syntactic (BEF4LLM),headline,Qsyn (BEF4LLM),score,"Sum of the metric scores / number of metrics, equal weights. The two extras and the size metrics are not included.",BEF4LLM Eq. 4
syn_bef_metrics_total,syntactic (BEF4LLM),aggregate,Metrics in the set,count,Divisor of syn_bef_score.,
syn_bef_metrics_perfect,syntactic (BEF4LLM),aggregate,Metrics scoring 1.0,count,How many metrics the model satisfied completely.,
syn_bef_metrics_applicable,syntactic (BEF4LLM),aggregate,Metrics applicable,count,How many metrics had something to measure (non-empty denominator). Not a divisor — it explains a high score on a small model.,
syn_bef_n_processes,syntactic (BEF4LLM),aggregate,Processes,count,"Processes found (pools/lanes, else the whole model) — the denominator of the per-process metrics.",
syn_bef_n_pools,syntactic (BEF4LLM),aggregate,Pools,count,Pool subgraphs found in the DOT file.,
syn_extra_connected_nodes,syntactic (BEF4LLM),outside the score,Connected nodes,score,"Share of flow objects that lie on a path from a start event to an end event (start events need out >= 1, end events in >= 1).","BEF4LLM reference implementation only — in no definition table; reported, never part of syn_bef_score"
syn_extra_connected_nodes_conforming,syntactic (BEF4LLM),outside the score,Connected nodes — conforming elements,count,Numerator of syn_extra_connected_nodes.,"BEF4LLM reference implementation only — in no definition table; reported, never part of syn_bef_score"
syn_extra_connected_nodes_covered,syntactic (BEF4LLM),outside the score,Connected nodes — covered elements,count,Denominator of syn_extra_connected_nodes.,"BEF4LLM reference implementation only — in no definition table; reported, never part of syn_bef_score"
syn_extra_event_gateway_predecessor_successor,syntactic (BEF4LLM),outside the score,Event gateway: predecessor / successor,score,Share of event-based split gateways that are followed by events or preceded by a receive task.,"BEF4LLM reference implementation only — in no definition table; reported, never part of syn_bef_score"
syn_extra_event_gateway_predecessor_successor_conforming,syntactic (BEF4LLM),outside the score,Event gateway: predecessor / successor — conforming elements,count,Numerator of syn_extra_event_gateway_predecessor_successor.,"BEF4LLM reference implementation only — in no definition table; reported, never part of syn_bef_score"
syn_extra_event_gateway_predecessor_successor_covered,syntactic (BEF4LLM),outside the score,Event gateway: predecessor / successor — covered elements,count,Denominator of syn_extra_event_gateway_predecessor_successor.,"BEF4LLM reference implementation only — in no definition table; reported, never part of syn_bef_score"
quality_note,identity,,Scoring note,text,Empty when scoring succeeded; otherwise why a dimension is missing (parse failure).,
prag_tnn,pragmatic,Size,TNN (total number of nodes),raw value,"TNN = |N| — flow objects (events, tasks, gateways); pool/lane anchors and nodes of unreadable type excluded.","BEF4LLM paper, Table A.16 (pragmatic metrics)"
prag_tnn_score,pragmatic,Size,TNN (total number of nodes) — banded score,score,normdesc band (0/0.25/0.5/0.75/1.0) at thresholds 29.9/43.7/58.1/81.1 — lower is better. Banded value of prag_tnn; enters prag_score.,"BEF4LLM Table A.18 (thresholds), Eq. 1/2"
prag_tng,pragmatic,Size,TNG (total number of gateways),raw value,TNG = |G| — gateways.,"BEF4LLM paper, Table A.16 (pragmatic metrics)"
prag_tng_score,pragmatic,Size,TNG (total number of gateways) — banded score,score,normdesc band (0/0.25/0.5/0.75/1.0) at thresholds 1.42/3.36/5.3/6.49 — lower is better. Banded value of prag_tng; enters prag_score.,"BEF4LLM Table A.18 (thresholds), Eq. 1/2"
prag_tnsf,pragmatic,Size,TNSF (total number of sequence flows),raw value,TNSF = |F^S| — deduplicated sequence flows (message flows excluded).,"BEF4LLM paper, Table A.16 (pragmatic metrics)"
prag_tnsf_score,pragmatic,Size,TNSF (total number of sequence flows) — banded score,score,normdesc band (0/0.25/0.5/0.75/1.0) at thresholds 19.4/34.8/50.2/74.8 — lower is better. Banded value of prag_tnsf; enters prag_score.,"BEF4LLM Table A.18 (thresholds), Eq. 1/2"
prag_diameter_nogw,pragmatic,Size,"Diameter (longest start-to-end path, gateways not counted)",raw value,"Longest simple start-to-end path with activities and events counted and gateways skipped — BEF4LLM's counting convention, honestly maximised. The scored diameter since 2026-08-29.","BEF4LLM paper, Table A.16 (pragmatic metrics)"
prag_diameter_nogw_score,pragmatic,Size,"Diameter (longest start-to-end path, gateways not counted) — banded score",score,normdesc band (0/0.25/0.5/0.75/1.0) at thresholds 7.92/12.2/16.5/23.4 — lower is better. Banded value of prag_diameter_nogw; enters prag_score.,"BEF4LLM Table A.18 (thresholds), Eq. 1/2"
prag_density,pragmatic,Density,Density,raw value,Delta = |F^S| / (|N| * (|N| - 1)) — arcs against all arcs that could exist.,"BEF4LLM paper, Table A.16 (pragmatic metrics)"
prag_density_score,pragmatic,Density,Density — banded score,score,normdesc band (0/0.25/0.5/0.75/1.0) at thresholds 0.136117/0.357143/0.741667/2.33333 — lower is better. Banded value of prag_density; enters prag_score.,"BEF4LLM Table A.18 (thresholds), Eq. 1/2"
prag_agd,pragmatic,Density,AGD (average gateway degree),raw value,AGD = sum over gateways of (|in(g)| + |out(g)|) / |G|.,"BEF4LLM paper, Table A.16 (pragmatic metrics)"
prag_agd_score,pragmatic,Density,AGD (average gateway degree) — banded score,score,normdesc band (0/0.25/0.5/0.75/1.0) at thresholds 3.67/3.88/4.06/4.18 — lower is better. Banded value of prag_agd; enters prag_score.,"BEF4LLM Table A.18 (thresholds), Eq. 1/2"
prag_cnc,pragmatic,Density,CNC (connectivity coefficient),raw value,CNC = |F^S| / |N| — arcs per node.,"BEF4LLM paper, Table A.16 (pragmatic metrics)"
prag_cnc_score,pragmatic,Density,CNC (connectivity coefficient) — banded score,score,normdesc band (0/0.25/0.5/0.75/1.0) at thresholds 0.37/0.9/1.43/4.18 — lower is better. Banded value of prag_cnc; enters prag_score.,"BEF4LLM Table A.18 (thresholds), Eq. 1/2"
prag_gh,pragmatic,Connector interplay,GH (gateway heterogeneity),raw value,"GH = -sum over l in {AND, XOR, OR} of p(l) * log3 p(l) — entropy over the gateway types the model mixes; 0 when all gateways are of one type.","BEF4LLM paper, Table A.16 (pragmatic metrics)"
prag_gh_score,pragmatic,Connector interplay,GH (gateway heterogeneity) — banded score,score,normdesc band (0/0.25/0.5/0.75/1.0) at thresholds 0.62/0.79/0.92/0.94 — lower is better. Banded value of prag_gh; enters prag_score.,"BEF4LLM Table A.18 (thresholds), Eq. 1/2"
prag_cfc,pragmatic,Connector interplay,CFC (control-flow complexity),raw value,"CFC = sum over the split gateways of their branching factor: AND = 1, XOR = |out(c)|, OR = 2^|out(c)| - 1 (event-based counts as XOR).","BEF4LLM paper, Table A.16 (pragmatic metrics)"
prag_cfc_score,pragmatic,Connector interplay,CFC (control-flow complexity) — banded score,score,normdesc band (0/0.25/0.5/0.75/1.0) at thresholds 13/22/37/51 — lower is better. Banded value of prag_cfc; enters prag_score.,"BEF4LLM Table A.18 (thresholds), Eq. 1/2"
prag_cc,pragmatic,Connector interplay,"CC (cross-connectivity, BEF4LLM's reading)",raw value,CC = sum over ordered node pairs of the strongest path value / (|N| * (|N| - 1)); a path's value is the product of its arc weights.,"BEF4LLM paper, Table A.16 (pragmatic metrics)"
prag_cc_score,pragmatic,Connector interplay,"CC (cross-connectivity, BEF4LLM's reading) — banded score",score,normasc band (0/0.25/0.5/0.75/1.0) at thresholds 0.007996/0.030407/0.061814/0.112903 — higher is better. Banded value of prag_cc; enters prag_score.,"BEF4LLM Table A.18 (thresholds), Eq. 1/2"
prag_sequentiality,pragmatic,Partitionability,Sequentiality,raw value,Xi = arcs between two non-connector nodes / |F^S|.,"BEF4LLM paper, Table A.16 (pragmatic metrics)"
prag_sequentiality_score,pragmatic,Partitionability,Sequentiality — banded score,score,normasc band (0/0.25/0.5/0.75/1.0) at thresholds 0.25/0.48/0.7/1.07 — higher is better. Banded value of prag_sequentiality; enters prag_score.,"BEF4LLM Table A.18 (thresholds), Eq. 1/2"
prag_separability,pragmatic,Partitionability,Separability,raw value,Pi = cut vertices / (|N| - 2).,"BEF4LLM paper, Table A.16 (pragmatic metrics)"
prag_separability_score,pragmatic,Partitionability,Separability — banded score,score,normasc band (0/0.25/0.5/0.75/1.0) at thresholds 0.03/0.37/0.71/1.24 — higher is better. Banded value of prag_separability; enters prag_score.,"BEF4LLM Table A.18 (thresholds), Eq. 1/2"
prag_depth,pragmatic,Partitionability,Depth,raw value,"Lambda = max over nodes of min(in-depth, out-depth) — how deeply the model nests.","BEF4LLM paper, Table A.16 (pragmatic metrics)"
prag_depth_score,pragmatic,Partitionability,Depth — banded score,score,normdesc band (0/0.25/0.5/0.75/1.0) at thresholds 0.42/1.72/3.02/5.09 — lower is better. Banded value of prag_depth; enters prag_score.,"BEF4LLM Table A.18 (thresholds), Eq. 1/2"
prag_token_split,pragmatic,Concurrency,Token split,raw value,TS = sum over AND/OR split gateways of (|out(g)| - 1) — concurrent tokens the model can create.,"BEF4LLM paper, Table A.16 (pragmatic metrics)"
prag_token_split_score,pragmatic,Concurrency,Token split — banded score,score,normdesc band (0/0.25/0.5/0.75/1.0) at thresholds 0.12/0.21/0.6/1.36 — lower is better. Banded value of prag_token_split; enters prag_score.,"BEF4LLM Table A.18 (thresholds), Eq. 1/2"
prag_group_size_score,pragmatic,Size,Size — group mean,score,"Mean of the banded scores in this group (TNN (total number of nodes), TNG (total number of gateways), TNSF (total number of sequence flows), Diameter (longest start-to-end path, gateways not counted)). Empty when the group has no metric.",BEF4LLM section 4.5
prag_group_density_score,pragmatic,Density,Density — group mean,score,"Mean of the banded scores in this group (Density, AGD (average gateway degree), CNC (connectivity coefficient)). Empty when the group has no metric.",BEF4LLM section 4.5
prag_group_connector_interplay_score,pragmatic,Connector interplay,Connector interplay — group mean,score,"Mean of the banded scores in this group (GH (gateway heterogeneity), CFC (control-flow complexity), CC (cross-connectivity, BEF4LLM's reading)). Empty when the group has no metric.",BEF4LLM section 4.5
prag_group_partitionability_score,pragmatic,Partitionability,Partitionability — group mean,score,"Mean of the banded scores in this group (Sequentiality, Separability, Depth). Empty when the group has no metric.",BEF4LLM section 4.5
prag_group_cyclicity_score,pragmatic,Cyclicity,Cyclicity — group mean,score,Mean of the banded scores in this group (no metric defined in this group). Empty when the group has no metric.,BEF4LLM section 4.5
prag_group_concurrency_score,pragmatic,Concurrency,Concurrency — group mean,score,Mean of the banded scores in this group (Token split). Empty when the group has no metric.,BEF4LLM section 4.5
prag_group_other_score,pragmatic,Other metrics,Other metrics — group mean,score,Mean of the banded scores in this group (no metric defined in this group). Empty when the group has no metric.,BEF4LLM section 4.5
prag_score,pragmatic,headline,Qprag,score,"Mean over all pragmatic metrics, equal weights; an unmeasurable metric enters at 1.0 so the divisor never changes.",BEF4LLM Eq. 4
prag_n_metrics_measured,pragmatic,aggregate,Metrics measured,count,How many metrics were measurable on this model; the rest entered prag_score at 1.0.,
prag_n_metrics_total,pragmatic,aggregate,Metrics in the set,count,Divisor of prag_score.,
prag_n_splits,pragmatic,diagnostics,Split gateways,count,Splits on the control-flow view — the set CFC and token split sum over.,
prag_n_joins,pragmatic,diagnostics,Join gateways,count,Joins on the control-flow view.,
prag_n_gw_exclusive,pragmatic,diagnostics,XOR gateways,count,Gateways resolved to exclusive — a GH share.,
prag_n_gw_parallel,pragmatic,diagnostics,AND gateways,count,Gateways resolved to parallel — a GH share.,
prag_n_gw_inclusive,pragmatic,diagnostics,OR gateways,count,Gateways resolved to inclusive — a GH share.,
prag_n_gw_eventbased,pragmatic,diagnostics,Event-based gateways,count,"Counted into the XOR share for GH and CFC, as in BEF4LLM.",
prag_n_gateways_type_defaulted,pragmatic,diagnostics,Gateways typed by default,count,Gateways whose type could not be read from name/label and fell back to the default.,
prag_n_cut_vertices,pragmatic,diagnostics,Cut vertices,count,Articulation points — the numerator of separability.,
prag_n_flows_outside_fo,pragmatic,diagnostics,Flows outside the flow objects,count,"Sequence flows with an endpoint that is not a flow object, dropped from the control-flow view. 0 on PMo.",
prag_n_self_loops,pragmatic,diagnostics,Self-loops,count,"Flows from a node to itself, dropped from the view.",
prag_diameter,pragmatic,Size,Diameter (BEF4LLM's traversal),raw value,"Their `countpaths` reproduced with its defects, so this column is comparable with their published figures. Not the scored one since 2026-08-29 — see prag_diameter_nogw.",BEF4LLM pragmatic_quality_metrics.py::diameter
prag_diameter_score,pragmatic,Size,Diameter (BEF4LLM's traversal) — banded score,score,"normdesc band (0/0.25/0.5/0.75/1.0) at thresholds 7.92/12.2/16.5/23.4 — lower is better. Rides along, does not enter prag_score.",
prag_diameter_truncated,pragmatic,Size,Diameter truncated,flag,True when the longest-path search hit its expansion cap.,
prag_depth_truncated,pragmatic,Partitionability,Depth truncated,flag,"True when the depth search hit its expansion cap, so depth is a lower bound.",
val_score,validity,headline,Qval,score,"The dimension's headline — mean over its implemented checks, currently the DOT check alone.",
val_dot_valid,validity,checks,Valid DOT,score,1.0 / 0.0 when Graphviz accepts / rejects the file; empty when the check could not be run.,Graphviz nop -p
val_dot_error,validity,checks,DOT error,text,"Graphviz's own message, or why the check could not run.",
val_dot_checker,validity,checks,DOT checker,text,"Which binary answered, with its version.",
